# command: uv run pytest /Users/jayant.dhingra/Desktop/couchbase-lite-tests/tests/dev_e2e -v --tb=short --config=/Users/jayant.dhingra/Desktop/couchbase-lite-tests/tests/dev_e2e/config.docker-js.json --cbl-log-level=verbose -o console_output_style=classic --capture=no
# started: 2026-08-27T07:30:55.756167+00:00

============================= test session starts ==============================
platform darwin -- Python 3.13.7, pytest-9.0.2, pluggy-1.5.0 -- /Users/jayant.dhingra/Desktop/couchbase-lite-tests/.venv/bin/python
cachedir: .pytest_cache
rootdir: /Users/jayant.dhingra/Desktop/couchbase-lite-tests
configfile: pyproject.toml
plugins: cbltest-2.0.3, asyncio-1.3.0, timeout-2.5.0
asyncio: mode=Mode.STRICT, debug=False, asyncio_default_fixture_loop_scope=session, asyncio_default_test_loop_scope=function
collecting ... collected 105 items

tests/dev_e2e/edge_server/test_jwt_rotation.py::TestJWTReplication::test_replication_with_jwt_file 2026-08-27 13:00:57,369 [INFO]: -- Python test client v2.0.3 started --

2026-08-27 13:00:57,369 [DEBUG]: Sending (no-test) -> 7dbb1ab8-4f83-4093-aad5-e19c29b0648c v0 GET / to http://localhost:5173
2026-08-27 13:00:57,374 [DEBUG]: Received <- 7dd3ec51-7529-4b2d-a7f9-01b1fa5a3698 GET / 200 from http://localhost:5173
2026-08-27 13:00:57,390 [INFO]: RequestFactory (7dbb1ab8-4f83-4093-aad5-e19c29b0648c) initialized for version 1
2026-08-27 13:00:57,390 [DEBUG]: Sending (no-test) -> 7dbb1ab8-4f83-4093-aad5-e19c29b0648c v1 POST /newSession to http://localhost:5173
2026-08-27 13:00:57,391 [WARNING]: Server did not set a response version, using request version...
2026-08-27 13:00:57,391 [DEBUG]: Received <- 7dd3ec51-7529-4b2d-a7f9-01b1fa5a3698 POST /newSession 200 from http://localhost:5173
2026-08-27 13:00:57,711 [INFO]: 🧹 Couchbase Server and Sync Gateway cleanup started
2026-08-27 13:00:57,722 [DEBUG]: 🧹 SGW <cbltest.api.syncgateway.SyncGateway object at 0x11c7d7230>: found databases ['names', 'posts', 'todo', 'travel'], deleting...
2026-08-27 13:00:57,969 [DEBUG]: 🧹 CBS <cbltest.api.couchbaseserver.CouchbaseServer object at 0x11c7d7620>: found buckets ['names', 'posts', 'todo', 'travel'], deleting...
2026-08-27 13:01:01,444 [DEBUG]: 🧹 CBS <cbltest.api.couchbaseserver.CouchbaseServer object at 0x11c7d7620>: waiting for all buckets to be deleted...
2026-08-27 13:01:01,448 [INFO]: 🧹 Couchbase Server and Sync Gateway cleanup finished
2026-08-27 13:01:01,448 [INFO]: Starting test: test_replication_with_jwt_file
2026-08-27 13:01:01,449 [INFO]: Moving to step 1:
2026-08-27 13:01:01,449 [INFO]: 	Generate RSA key pair and JWT token
2026-08-27 13:01:01,497 [INFO]: Moving to step 2:
2026-08-27 13:01:01,497 [INFO]: 	Configure SGW travel database with local_jwt provider
2026-08-27 13:01:48,621 [INFO]: Moving to step 3:
2026-08-27 13:01:48,622 [INFO]: 	Write JWT token to file on Edge Server
2026-08-27 13:01:48,810 [INFO]: Moving to step 4:
2026-08-27 13:01:48,811 [INFO]: 	Configure ES with openid_token.path auth
2026-08-27 13:01:51,197 [INFO]: Moving to step 5:
2026-08-27 13:01:51,197 [INFO]: 	Wait for replication to become idle
2026-08-27 13:01:51,436 [INFO]: Moving to step 6:
2026-08-27 13:01:51,437 [INFO]: 	Verify document parity between ES and SGW
2026-08-27 13:01:51,550 [INFO]: Moving to step 7:
2026-08-27 13:01:51,550 [INFO]: 	PASSED — Replication works with JWT file-based authentication
PASSED
tests/dev_e2e/edge_server/test_jwt_rotation.py::TestJWTReplication::test_token_rotation_reconnect 2026-08-27 13:01:51,555 [INFO]: 🧹 Couchbase Server and Sync Gateway cleanup started
2026-08-27 13:01:51,558 [DEBUG]: 🧹 SGW <cbltest.api.syncgateway.SyncGateway object at 0x11c7d7230>: found databases ['travel'], deleting...
2026-08-27 13:01:51,626 [DEBUG]: 🧹 CBS <cbltest.api.couchbaseserver.CouchbaseServer object at 0x11c7d7620>: found buckets ['travel'], deleting...
2026-08-27 13:01:52,616 [DEBUG]: 🧹 CBS <cbltest.api.couchbaseserver.CouchbaseServer object at 0x11c7d7620>: waiting for all buckets to be deleted...
2026-08-27 13:01:52,619 [INFO]: 🧹 Couchbase Server and Sync Gateway cleanup finished
2026-08-27 13:01:52,619 [INFO]: Starting test: test_token_rotation_reconnect
2026-08-27 13:01:52,620 [INFO]: Moving to step 1:
2026-08-27 13:01:52,620 [INFO]: 	Generate two RSA key pairs for token rotation
2026-08-27 13:01:52,750 [INFO]: Moving to step 2:
2026-08-27 13:01:52,750 [INFO]: 	Configure SGW with both JWK keys (A and B)
2026-08-27 13:02:11,983 [INFO]: Moving to step 3:
2026-08-27 13:02:11,983 [INFO]: 	Insert 5 test documents into CBS
2026-08-27 13:02:11,988 [INFO]: Moving to step 4:
2026-08-27 13:02:11,988 [INFO]: 	Write Token-A to file and start ES
2026-08-27 13:02:14,506 [INFO]: Moving to step 5:
2026-08-27 13:02:14,506 [INFO]: 	Wait for initial replication with Token-A to be idle
2026-08-27 13:02:14,742 [INFO]: Moving to step 6:
2026-08-27 13:02:14,742 [INFO]: 	Token-A replication OK: 5 docs on ES
2026-08-27 13:02:14,742 [INFO]: Moving to step 7:
2026-08-27 13:02:14,742 [INFO]: 	Rotating token: writing Token-B to file
2026-08-27 13:02:14,903 [INFO]: Moving to step 8:
2026-08-27 13:02:14,903 [INFO]: 	Waiting for ES to detect token change and reconnect
2026-08-27 13:02:14,903 [INFO]: Moving to step 9:
2026-08-27 13:02:14,903 [INFO]: 	Insert 5 more docs to verify replication after rotation
2026-08-27 13:02:14,906 [INFO]: Moving to step 10:
2026-08-27 13:02:14,907 [INFO]: 	Verify replication continues with Token-B
2026-08-27 13:02:17,918 [INFO]: Moving to step 11:
2026-08-27 13:02:17,918 [INFO]: 	PASSED — Token rotation works: 10 docs after rotating to Token-B
PASSED
tests/dev_e2e/edge_server/test_jwt_rotation.py::TestJWTReplication::test_invalid_token_rotation_causes_401_stop 2026-08-27 13:02:17,920 [INFO]: 🧹 Couchbase Server and Sync Gateway cleanup started
2026-08-27 13:02:17,927 [DEBUG]: 🧹 SGW <cbltest.api.syncgateway.SyncGateway object at 0x11c7d7230>: found databases ['travel'], deleting...
2026-08-27 13:02:18,005 [DEBUG]: 🧹 CBS <cbltest.api.couchbaseserver.CouchbaseServer object at 0x11c7d7620>: found buckets ['travel'], deleting...
2026-08-27 13:02:18,990 [DEBUG]: 🧹 CBS <cbltest.api.couchbaseserver.CouchbaseServer object at 0x11c7d7620>: waiting for all buckets to be deleted...
2026-08-27 13:02:18,995 [INFO]: 🧹 Couchbase Server and Sync Gateway cleanup finished
2026-08-27 13:02:18,996 [INFO]: Starting test: test_invalid_token_rotation_causes_401_stop
2026-08-27 13:02:18,996 [INFO]: Moving to step 1:
2026-08-27 13:02:18,997 [INFO]: 	Setup SGW with local_jwt for network disconnect test
2026-08-27 13:02:38,349 [INFO]: Moving to step 2:
2026-08-27 13:02:38,349 [INFO]: 	Start ES with valid JWT token
2026-08-27 13:02:41,119 [INFO]: Moving to step 3:
2026-08-27 13:02:41,119 [INFO]: 	Replication idle with valid token — confirmed working
2026-08-27 13:02:41,119 [INFO]: Moving to step 4:
2026-08-27 13:02:41,119 [INFO]: 	Writing INVALID token to JWT file
2026-08-27 13:02:41,281 [INFO]: Moving to step 5:
2026-08-27 13:02:41,282 [INFO]: 	Waiting for automatic token change detection and auth failure
2026-08-27 13:02:46,290 [INFO]: Moving to step 6:
2026-08-27 13:02:46,290 [INFO]: 	Replication status: Stopped, error: {'error': 'Invalid login', 'x-litecore-domain': 6, 'x-litecore-code': 401}
2026-08-27 13:02:46,290 [INFO]: Moving to step 7:
2026-08-27 13:02:46,290 [INFO]: 	PASSED — Invalid token correctly causes auth failure
PASSED
tests/dev_e2e/edge_server/test_jwt_rotation.py::TestJWTReplication::test_corrupt_token_file_content_mid_replication 2026-08-27 13:02:46,292 [INFO]: 🧹 Couchbase Server and Sync Gateway cleanup started
2026-08-27 13:02:46,299 [DEBUG]: 🧹 SGW <cbltest.api.syncgateway.SyncGateway object at 0x11c7d7230>: found databases ['travel'], deleting...
2026-08-27 13:02:46,378 [DEBUG]: 🧹 CBS <cbltest.api.couchbaseserver.CouchbaseServer object at 0x11c7d7620>: found buckets ['travel'], deleting...
2026-08-27 13:02:47,600 [DEBUG]: 🧹 CBS <cbltest.api.couchbaseserver.CouchbaseServer object at 0x11c7d7620>: waiting for all buckets to be deleted...
2026-08-27 13:02:47,603 [INFO]: 🧹 Couchbase Server and Sync Gateway cleanup finished
2026-08-27 13:02:47,603 [INFO]: Starting test: test_corrupt_token_file_content_mid_replication
2026-08-27 13:02:47,603 [INFO]: Moving to step 1:
2026-08-27 13:02:47,603 [INFO]: 	Setup SGW for file deletion test
2026-08-27 13:03:06,732 [INFO]: Moving to step 2:
2026-08-27 13:03:06,732 [INFO]: 	Start ES with valid JWT file
2026-08-27 13:03:09,520 [INFO]: Moving to step 3:
2026-08-27 13:03:09,520 [INFO]: 	Replication idle — now deleting JWT file
2026-08-27 13:03:09,520 [INFO]: Moving to step 4:
2026-08-27 13:03:09,520 [INFO]: 	Overwriting JWT file with invalid content on ES
2026-08-27 13:03:09,674 [INFO]: Moving to step 5:
2026-08-27 13:03:09,675 [INFO]: 	Polling for ES to detect corrupt token
2026-08-27 13:03:39,735 [INFO]: Moving to step 6:
2026-08-27 13:03:39,735 [INFO]: 	After file deletion — Status: Idle, Error: {}
2026-08-27 13:03:39,735 [INFO]: Moving to step 7:
2026-08-27 13:03:39,735 [INFO]: 	INFO — ES kept existing connection alive after file emptied (file watcher may only trigger on valid content change)
PASSED
tests/dev_e2e/edge_server/test_jwt_rotation.py::TestJWTReplication::test_valid_invalid_valid_token_cycle 2026-08-27 13:03:39,736 [INFO]: 🧹 Couchbase Server and Sync Gateway cleanup started
2026-08-27 13:03:39,743 [DEBUG]: 🧹 SGW <cbltest.api.syncgateway.SyncGateway object at 0x11c7d7230>: found databases ['travel'], deleting...
2026-08-27 13:03:39,806 [DEBUG]: 🧹 CBS <cbltest.api.couchbaseserver.CouchbaseServer object at 0x11c7d7620>: found buckets ['travel'], deleting...
2026-08-27 13:03:40,379 [DEBUG]: 🧹 CBS <cbltest.api.couchbaseserver.CouchbaseServer object at 0x11c7d7620>: waiting for all buckets to be deleted...
2026-08-27 13:03:40,382 [INFO]: 🧹 Couchbase Server and Sync Gateway cleanup finished
2026-08-27 13:03:40,382 [INFO]: Starting test: test_valid_invalid_valid_token_cycle
2026-08-27 13:03:40,382 [INFO]: Moving to step 1:
2026-08-27 13:03:40,382 [INFO]: 	Generate valid key pair A, invalid key, and valid key pair C
2026-08-27 13:03:40,526 [INFO]: Moving to step 2:
2026-08-27 13:03:40,526 [INFO]: 	Configure SGW with valid keys A and C
2026-08-27 13:04:00,156 [INFO]: Moving to step 3:
2026-08-27 13:04:00,156 [INFO]: 	Insert 3 initial documents
2026-08-27 13:04:00,158 [INFO]: Moving to step 4:
2026-08-27 13:04:00,159 [INFO]: 	Phase 1: Start ES with valid Token-A
2026-08-27 13:04:02,943 [INFO]: Moving to step 5:
2026-08-27 13:04:02,944 [INFO]: 	Phase 1 OK: 6 docs replicated with Token-A
2026-08-27 13:04:02,944 [INFO]: Moving to step 6:
2026-08-27 13:04:02,944 [INFO]: 	Phase 2: Writing INVALID token to file
2026-08-27 13:04:06,112 [INFO]: Moving to step 7:
2026-08-27 13:04:06,112 [INFO]: 	Phase 2 OK: Replication permanently stopped after invalid token (status: Stopped, 401 is not transient → no retry)
2026-08-27 13:04:06,112 [INFO]: Moving to step 8:
2026-08-27 13:04:06,112 [INFO]: 	Insert 3 more docs while replication is stopped
2026-08-27 13:04:06,119 [INFO]: Moving to step 9:
2026-08-27 13:04:06,119 [INFO]: 	Docs on ES while stopped: 6 (should still be 6)
2026-08-27 13:04:06,119 [INFO]: Moving to step 10:
2026-08-27 13:04:06,119 [INFO]: 	Phase 3: Writing valid Token-C and re-triggering _replicate (FileWatcher destroyed after 401 → manual restart required)
2026-08-27 13:04:08,910 [INFO]: Moving to step 11:
2026-08-27 13:04:08,910 [INFO]: 	PASSED — Valid→Invalid→Valid cycle complete: 9 docs. Phase 2: Invalid token → automatic 401 permanent stop. Phase 3: Valid token → manual _replicate re-trigger required (FileWatcher destroyed after 401).
PASSED
tests/dev_e2e/edge_server/test_jwt_simple.py::TestJWTSimple::test_jwt_replication_reconnect_false 2026-08-27 13:04:08,913 [INFO]: 🧹 Couchbase Server and Sync Gateway cleanup started
2026-08-27 13:04:08,917 [DEBUG]: 🧹 SGW <cbltest.api.syncgateway.SyncGateway object at 0x11c7d7230>: found databases ['travel'], deleting...
2026-08-27 13:04:08,970 [DEBUG]: 🧹 CBS <cbltest.api.couchbaseserver.CouchbaseServer object at 0x11c7d7620>: found buckets ['travel'], deleting...
2026-08-27 13:04:09,514 [DEBUG]: 🧹 CBS <cbltest.api.couchbaseserver.CouchbaseServer object at 0x11c7d7620>: waiting for all buckets to be deleted...
2026-08-27 13:04:09,519 [INFO]: 🧹 Couchbase Server and Sync Gateway cleanup finished
2026-08-27 13:04:09,520 [INFO]: Starting test: test_jwt_replication_reconnect_false
2026-08-27 13:04:09,520 [INFO]: Moving to step 1:
2026-08-27 13:04:09,520 [INFO]: 	Generating RSA key pair and JWT token.
2026-08-27 13:04:09,566 [INFO]: Moving to step 2:
2026-08-27 13:04:09,566 [INFO]: 	Creating travel bucket on Couchbase Server.
2026-08-27 13:04:12,229 [INFO]: Moving to step 3:
2026-08-27 13:04:12,229 [INFO]: 	Creating SGW database with local_jwt provider.
2026-08-27 13:04:29,267 [INFO]: Moving to step 4:
2026-08-27 13:04:29,267 [INFO]: 	Adding JWT user with channel access.
2026-08-27 13:04:29,322 [INFO]: Moving to step 5:
2026-08-27 13:04:29,322 [INFO]: 	Adding 5 documents to CBS bucket.
2026-08-27 13:04:29,325 [INFO]: Moving to step 6:
2026-08-27 13:04:29,325 [INFO]: 	Waiting for SGW to import documents from CBS.
2026-08-27 13:04:29,339 [INFO]: Moving to step 7:
2026-08-27 13:04:29,339 [INFO]: 	Verifying JWT token against SGW REST API.
2026-08-27 13:04:29,343 [INFO]: Moving to step 8:
2026-08-27 13:04:29,343 [INFO]: 	Configuring Edge Server with JWT auth (inline token).
2026-08-27 13:04:31,733 [INFO]: Moving to step 9:
2026-08-27 13:04:31,733 [INFO]: 	Waiting for replication to Edge Server to be idle.
2026-08-27 13:04:32,982 [INFO]: Moving to step 10:
2026-08-27 13:04:32,982 [INFO]: 	Verifying that Edge Server has replicated documents.
2026-08-27 13:04:32,984 [INFO]: Moving to step 11:
2026-08-27 13:04:32,984 [INFO]: 	Verifying document accessible on Edge Server.
PASSED
tests/dev_e2e/test_basic_multipeer.py::TestMultipeer::test_medium_mesh_sanity 2026-08-27 13:04:32,987 [INFO]: Test requires at least 2 Test Servers, but only 1 are available.
SKIPPED
tests/dev_e2e/test_basic_multipeer.py::TestMultipeer::test_medium_mesh_consistency 2026-08-27 13:04:32,988 [INFO]: Test requires at least 2 Test Servers, but only 1 are available.
SKIPPED
tests/dev_e2e/test_basic_replication.py::TestBasicReplication::test_replicate_non_existing_sg_collections 2026-08-27 13:04:32,988 [INFO]: 🧹 Couchbase Server and Sync Gateway cleanup started
2026-08-27 13:04:32,991 [DEBUG]: 🧹 SGW <cbltest.api.syncgateway.SyncGateway object at 0x11c7d7230>: found databases ['travel'], deleting...
2026-08-27 13:04:33,046 [DEBUG]: 🧹 CBS <cbltest.api.couchbaseserver.CouchbaseServer object at 0x11c7d7620>: found buckets ['travel'], deleting...
2026-08-27 13:04:33,550 [DEBUG]: 🧹 CBS <cbltest.api.couchbaseserver.CouchbaseServer object at 0x11c7d7620>: waiting for all buckets to be deleted...
2026-08-27 13:04:33,554 [INFO]: 🧹 Couchbase Server and Sync Gateway cleanup finished
2026-08-27 13:04:33,555 [INFO]: Starting test: test_replicate_non_existing_sg_collections
2026-08-27 13:04:33,555 [INFO]: Moving to step 1:
2026-08-27 13:04:33,556 [INFO]: 	Reset SG and load `names` dataset
2026-08-27 13:04:40,825 [INFO]: Moving to step 2:
2026-08-27 13:04:40,825 [INFO]: 	Reset local database, and load `travel` dataset
2026-08-27 13:04:40,826 [DEBUG]: Sending (test_replicate_non_existing_sg_collections) -> 7dbb1ab8-4f83-4093-aad5-e19c29b0648c v1 POST /reset to http://localhost:5173
2026-08-27 13:04:42,858 [WARNING]: Server did not set a response version, using request version...
2026-08-27 13:04:42,858 [DEBUG]: Received <- 7dd3ec51-7529-4b2d-a7f9-01b1fa5a3698 POST /reset 200 from http://localhost:5173
2026-08-27 13:04:42,859 [INFO]: Moving to step 3:
2026-08-27 13:04:42,859 [INFO]: 	Start a replicator
2026-08-27 13:04:42,859 [INFO]: 	* endpoint: `/names`
2026-08-27 13:04:42,859 [INFO]: 	* collections : `travel.airlines`
2026-08-27 13:04:42,859 [INFO]: 	* type: push
2026-08-27 13:04:42,860 [INFO]: 	* continuous: false
2026-08-27 13:04:42,860 [INFO]: 	* credentials: user1/pass
2026-08-27 13:04:42,860 [DEBUG]: Sync Gateway instance not using TLS, returning empty tls_cert...
2026-08-27 13:04:42,861 [DEBUG]: Sending (test_replicate_non_existing_sg_collections) -> 7dbb1ab8-4f83-4093-aad5-e19c29b0648c v1 POST /startReplicator to http://localhost:5173
2026-08-27 13:04:42,863 [WARNING]: Server did not set a response version, using request version...
2026-08-27 13:04:42,863 [DEBUG]: Received <- 7dd3ec51-7529-4b2d-a7f9-01b1fa5a3698 POST /startReplicator 200 from http://localhost:5173
2026-08-27 13:04:42,864 [INFO]: Moving to step 4:
2026-08-27 13:04:42,864 [INFO]: 	Wait until the replicator is stopped
2026-08-27 13:04:42,865 [DEBUG]: Sending (test_replicate_non_existing_sg_collections) -> 7dbb1ab8-4f83-4093-aad5-e19c29b0648c v1 POST /getReplicatorStatus to http://localhost:5173
2026-08-27 13:04:42,867 [WARNING]: Server did not set a response version, using request version...
2026-08-27 13:04:42,867 [DEBUG]: Received <- 7dd3ec51-7529-4b2d-a7f9-01b1fa5a3698 POST /getReplicatorStatus 200 from http://localhost:5173
2026-08-27 13:04:43,871 [DEBUG]: Sending (test_replicate_non_existing_sg_collections) -> 7dbb1ab8-4f83-4093-aad5-e19c29b0648c v1 POST /getReplicatorStatus to http://localhost:5173
2026-08-27 13:04:43,873 [WARNING]: Server did not set a response version, using request version...
2026-08-27 13:04:43,873 [DEBUG]: Received <- 7dd3ec51-7529-4b2d-a7f9-01b1fa5a3698 POST /getReplicatorStatus 200 from http://localhost:5173
2026-08-27 13:04:43,874 [INFO]: Moving to step 5:
2026-08-27 13:04:43,874 [INFO]: 	Check that the replicator's error is CBL/10404
2026-08-27 13:04:43,875 [DEBUG]: Sending (test_replicate_non_existing_sg_collections) -> 7dbb1ab8-4f83-4093-aad5-e19c29b0648c v1 POST /reset to http://localhost:5173
2026-08-27 13:04:43,890 [WARNING]: Server did not set a response version, using request version...
2026-08-27 13:04:43,890 [DEBUG]: Received <- 7dd3ec51-7529-4b2d-a7f9-01b1fa5a3698 POST /reset 200 from http://localhost:5173
PASSED
tests/dev_e2e/test_basic_replication.py::TestBasicReplication::test_push 2026-08-27 13:04:43,892 [INFO]: 🧹 Couchbase Server and Sync Gateway cleanup started
2026-08-27 13:04:43,910 [DEBUG]: 🧹 SGW <cbltest.api.syncgateway.SyncGateway object at 0x11c7d7230>: found databases ['names'], deleting...
2026-08-27 13:04:43,972 [DEBUG]: 🧹 CBS <cbltest.api.couchbaseserver.CouchbaseServer object at 0x11c7d7620>: found buckets ['names'], deleting...
2026-08-27 13:04:44,445 [DEBUG]: 🧹 CBS <cbltest.api.couchbaseserver.CouchbaseServer object at 0x11c7d7620>: waiting for all buckets to be deleted...
2026-08-27 13:04:44,449 [INFO]: 🧹 Couchbase Server and Sync Gateway cleanup finished
2026-08-27 13:04:44,450 [INFO]: Starting test: test_push
2026-08-27 13:04:44,450 [INFO]: Moving to step 1:
2026-08-27 13:04:44,450 [INFO]: 	Reset SG and load `travel` dataset.
2026-08-27 13:05:36,134 [INFO]: Moving to step 2:
2026-08-27 13:05:36,135 [INFO]: 	Reset local database, and load `travel` dataset.
2026-08-27 13:05:36,136 [DEBUG]: Sending (test_push) -> 7dbb1ab8-4f83-4093-aad5-e19c29b0648c v1 POST /reset to http://localhost:5173
2026-08-27 13:05:38,306 [WARNING]: Server did not set a response version, using request version...
2026-08-27 13:05:38,306 [DEBUG]: Received <- 7dd3ec51-7529-4b2d-a7f9-01b1fa5a3698 POST /reset 200 from http://localhost:5173
2026-08-27 13:05:38,306 [INFO]: Moving to step 3:
2026-08-27 13:05:38,306 [INFO]: 	Start a replicator:
2026-08-27 13:05:38,306 [INFO]: 	* endpoint: `/travel`
2026-08-27 13:05:38,306 [INFO]: 	* collections : `travel.airlines`, `travel.airports`, `travel.hotels`
2026-08-27 13:05:38,306 [INFO]: 	* type: push
2026-08-27 13:05:38,306 [INFO]: 	* continuous: false
2026-08-27 13:05:38,306 [INFO]: 	* credentials: user1/pass
2026-08-27 13:05:38,306 [DEBUG]: Sync Gateway instance not using TLS, returning empty tls_cert...
2026-08-27 13:05:38,307 [DEBUG]: Sending (test_push) -> 7dbb1ab8-4f83-4093-aad5-e19c29b0648c v1 POST /startReplicator to http://localhost:5173
2026-08-27 13:05:38,308 [WARNING]: Server did not set a response version, using request version...
2026-08-27 13:05:38,308 [DEBUG]: Received <- 7dd3ec51-7529-4b2d-a7f9-01b1fa5a3698 POST /startReplicator 200 from http://localhost:5173
2026-08-27 13:05:38,308 [INFO]: Moving to step 4:
2026-08-27 13:05:38,308 [INFO]: 	Wait until the replicator is stopped.
2026-08-27 13:05:38,308 [DEBUG]: Sending (test_push) -> 7dbb1ab8-4f83-4093-aad5-e19c29b0648c v1 POST /getReplicatorStatus to http://localhost:5173
2026-08-27 13:05:38,309 [WARNING]: Server did not set a response version, using request version...
2026-08-27 13:05:38,309 [DEBUG]: Received <- 7dd3ec51-7529-4b2d-a7f9-01b1fa5a3698 POST /getReplicatorStatus 200 from http://localhost:5173
2026-08-27 13:05:39,310 [DEBUG]: Sending (test_push) -> 7dbb1ab8-4f83-4093-aad5-e19c29b0648c v1 POST /getReplicatorStatus to http://localhost:5173
2026-08-27 13:05:39,311 [WARNING]: Server did not set a response version, using request version...
2026-08-27 13:05:39,311 [DEBUG]: Received <- 7dd3ec51-7529-4b2d-a7f9-01b1fa5a3698 POST /getReplicatorStatus 200 from http://localhost:5173
2026-08-27 13:05:39,311 [INFO]: Moving to step 5:
2026-08-27 13:05:39,311 [INFO]: 	Check that all docs are replicated correctly.
2026-08-27 13:05:39,312 [DEBUG]: Sending (test_push) -> 7dbb1ab8-4f83-4093-aad5-e19c29b0648c v1 POST /getAllDocuments to http://localhost:5173
2026-08-27 13:05:39,409 [WARNING]: Server did not set a response version, using request version...
2026-08-27 13:05:39,410 [DEBUG]: Received <- 7dd3ec51-7529-4b2d-a7f9-01b1fa5a3698 POST /getAllDocuments 200 from http://localhost:5173
2026-08-27 13:05:39,497 [DEBUG]: Sending (test_push) -> 7dbb1ab8-4f83-4093-aad5-e19c29b0648c v1 POST /reset to http://localhost:5173
2026-08-27 13:05:39,502 [WARNING]: Server did not set a response version, using request version...
2026-08-27 13:05:39,502 [DEBUG]: Received <- 7dd3ec51-7529-4b2d-a7f9-01b1fa5a3698 POST /reset 200 from http://localhost:5173
PASSED
tests/dev_e2e/test_basic_replication.py::TestBasicReplication::test_pull 2026-08-27 13:05:39,503 [INFO]: 🧹 Couchbase Server and Sync Gateway cleanup started
2026-08-27 13:05:39,506 [DEBUG]: 🧹 SGW <cbltest.api.syncgateway.SyncGateway object at 0x11c7d7230>: found databases ['travel'], deleting...
2026-08-27 13:05:39,577 [DEBUG]: 🧹 CBS <cbltest.api.couchbaseserver.CouchbaseServer object at 0x11c7d7620>: found buckets ['travel'], deleting...
2026-08-27 13:05:40,203 [DEBUG]: 🧹 CBS <cbltest.api.couchbaseserver.CouchbaseServer object at 0x11c7d7620>: waiting for all buckets to be deleted...
2026-08-27 13:05:40,206 [INFO]: 🧹 Couchbase Server and Sync Gateway cleanup finished
2026-08-27 13:05:40,207 [INFO]: Starting test: test_pull
2026-08-27 13:05:40,207 [INFO]: Moving to step 1:
2026-08-27 13:05:40,207 [INFO]: 	Reset SG and load `travel` dataset.
2026-08-27 13:06:27,311 [INFO]: Moving to step 2:
2026-08-27 13:06:27,312 [INFO]: 	Reset local database, and load `travel` dataset.
2026-08-27 13:06:27,312 [DEBUG]: Sending (test_pull) -> 7dbb1ab8-4f83-4093-aad5-e19c29b0648c v1 POST /reset to http://localhost:5173
2026-08-27 13:06:29,413 [WARNING]: Server did not set a response version, using request version...
2026-08-27 13:06:29,413 [DEBUG]: Received <- 7dd3ec51-7529-4b2d-a7f9-01b1fa5a3698 POST /reset 200 from http://localhost:5173
2026-08-27 13:06:29,413 [INFO]: Moving to step 3:
2026-08-27 13:06:29,413 [INFO]: 	Start a replicator:
2026-08-27 13:06:29,413 [INFO]: 	* endpoint: `/travel`
2026-08-27 13:06:29,413 [INFO]: 	* collections : `travel.routes`, `travel.landmarks`, `travel.hotels`
2026-08-27 13:06:29,413 [INFO]: 	* type: pull
2026-08-27 13:06:29,413 [INFO]: 	* continuous: false
2026-08-27 13:06:29,413 [INFO]: 	* credentials: user1/pass
2026-08-27 13:06:29,413 [DEBUG]: Sync Gateway instance not using TLS, returning empty tls_cert...
2026-08-27 13:06:29,414 [DEBUG]: Sending (test_pull) -> 7dbb1ab8-4f83-4093-aad5-e19c29b0648c v1 POST /startReplicator to http://localhost:5173
2026-08-27 13:06:29,415 [WARNING]: Server did not set a response version, using request version...
2026-08-27 13:06:29,415 [DEBUG]: Received <- 7dd3ec51-7529-4b2d-a7f9-01b1fa5a3698 POST /startReplicator 200 from http://localhost:5173
2026-08-27 13:06:29,415 [INFO]: Moving to step 4:
2026-08-27 13:06:29,415 [INFO]: 	Wait until the replicator is stopped.
2026-08-27 13:06:29,415 [DEBUG]: Sending (test_pull) -> 7dbb1ab8-4f83-4093-aad5-e19c29b0648c v1 POST /getReplicatorStatus to http://localhost:5173
2026-08-27 13:06:29,416 [WARNING]: Server did not set a response version, using request version...
2026-08-27 13:06:29,416 [DEBUG]: Received <- 7dd3ec51-7529-4b2d-a7f9-01b1fa5a3698 POST /getReplicatorStatus 200 from http://localhost:5173
2026-08-27 13:06:30,417 [DEBUG]: Sending (test_pull) -> 7dbb1ab8-4f83-4093-aad5-e19c29b0648c v1 POST /getReplicatorStatus to http://localhost:5173
2026-08-27 13:06:30,419 [WARNING]: Server did not set a response version, using request version...
2026-08-27 13:06:30,419 [DEBUG]: Received <- 7dd3ec51-7529-4b2d-a7f9-01b1fa5a3698 POST /getReplicatorStatus 200 from http://localhost:5173
2026-08-27 13:06:30,419 [INFO]: Moving to step 5:
2026-08-27 13:06:30,419 [INFO]: 	Check that all docs are replicated correctly.
2026-08-27 13:06:30,420 [DEBUG]: Sending (test_pull) -> 7dbb1ab8-4f83-4093-aad5-e19c29b0648c v1 POST /getAllDocuments to http://localhost:5173
2026-08-27 13:06:30,721 [WARNING]: Server did not set a response version, using request version...
2026-08-27 13:06:30,723 [DEBUG]: Received <- 7dd3ec51-7529-4b2d-a7f9-01b1fa5a3698 POST /getAllDocuments 200 from http://localhost:5173
2026-08-27 13:06:30,823 [DEBUG]: Sending (test_pull) -> 7dbb1ab8-4f83-4093-aad5-e19c29b0648c v1 POST /reset to http://localhost:5173
2026-08-27 13:06:30,897 [WARNING]: Server did not set a response version, using request version...
2026-08-27 13:06:30,897 [DEBUG]: Received <- 7dd3ec51-7529-4b2d-a7f9-01b1fa5a3698 POST /reset 200 from http://localhost:5173
PASSED
tests/dev_e2e/test_basic_replication.py::TestBasicReplication::test_push_and_pull 2026-08-27 13:06:30,899 [INFO]: 🧹 Couchbase Server and Sync Gateway cleanup started
2026-08-27 13:06:30,904 [DEBUG]: 🧹 SGW <cbltest.api.syncgateway.SyncGateway object at 0x11c7d7230>: found databases ['travel'], deleting...
2026-08-27 13:06:30,971 [DEBUG]: 🧹 CBS <cbltest.api.couchbaseserver.CouchbaseServer object at 0x11c7d7620>: found buckets ['travel'], deleting...
2026-08-27 13:06:31,803 [DEBUG]: 🧹 CBS <cbltest.api.couchbaseserver.CouchbaseServer object at 0x11c7d7620>: waiting for all buckets to be deleted...
2026-08-27 13:06:31,807 [INFO]: 🧹 Couchbase Server and Sync Gateway cleanup finished
2026-08-27 13:06:31,807 [INFO]: Starting test: test_push_and_pull
2026-08-27 13:06:31,807 [INFO]: Moving to step 1:
2026-08-27 13:06:31,807 [INFO]: 	Reset SG and load `travel` dataset.
2026-08-27 13:07:18,863 [INFO]: Moving to step 2:
2026-08-27 13:07:18,865 [INFO]: 	Reset local database, and load `travel` dataset.
2026-08-27 13:07:18,865 [DEBUG]: Sending (test_push_and_pull) -> 7dbb1ab8-4f83-4093-aad5-e19c29b0648c v1 POST /reset to http://localhost:5173
2026-08-27 13:07:20,743 [WARNING]: Server did not set a response version, using request version...
2026-08-27 13:07:20,743 [DEBUG]: Received <- 7dd3ec51-7529-4b2d-a7f9-01b1fa5a3698 POST /reset 200 from http://localhost:5173
2026-08-27 13:07:20,743 [INFO]: Moving to step 3:
2026-08-27 13:07:20,744 [INFO]: 	Start a replicator:
2026-08-27 13:07:20,744 [INFO]: 	* endpoint: `/travel`
2026-08-27 13:07:20,744 [INFO]: 	* collections: `travel.airlines`, `travel.airports`, `travel.hotels`, `travel.landmarks`, `travel.routes`
2026-08-27 13:07:20,744 [INFO]: 	* type: push-and-pull
2026-08-27 13:07:20,744 [INFO]: 	* continuous: false
2026-08-27 13:07:20,744 [INFO]: 	* credentials: user1/pass
2026-08-27 13:07:20,744 [DEBUG]: Sync Gateway instance not using TLS, returning empty tls_cert...
2026-08-27 13:07:20,744 [DEBUG]: Sending (test_push_and_pull) -> 7dbb1ab8-4f83-4093-aad5-e19c29b0648c v1 POST /startReplicator to http://localhost:5173
2026-08-27 13:07:20,745 [WARNING]: Server did not set a response version, using request version...
2026-08-27 13:07:20,745 [DEBUG]: Received <- 7dd3ec51-7529-4b2d-a7f9-01b1fa5a3698 POST /startReplicator 200 from http://localhost:5173
2026-08-27 13:07:20,746 [INFO]: Moving to step 4:
2026-08-27 13:07:20,746 [INFO]: 	Wait until the replicator is stopped.
2026-08-27 13:07:20,746 [DEBUG]: Sending (test_push_and_pull) -> 7dbb1ab8-4f83-4093-aad5-e19c29b0648c v1 POST /getReplicatorStatus to http://localhost:5173
2026-08-27 13:07:20,746 [WARNING]: Server did not set a response version, using request version...
2026-08-27 13:07:20,746 [DEBUG]: Received <- 7dd3ec51-7529-4b2d-a7f9-01b1fa5a3698 POST /getReplicatorStatus 200 from http://localhost:5173
2026-08-27 13:07:21,748 [DEBUG]: Sending (test_push_and_pull) -> 7dbb1ab8-4f83-4093-aad5-e19c29b0648c v1 POST /getReplicatorStatus to http://localhost:5173
2026-08-27 13:07:21,750 [WARNING]: Server did not set a response version, using request version...
2026-08-27 13:07:21,750 [DEBUG]: Received <- 7dd3ec51-7529-4b2d-a7f9-01b1fa5a3698 POST /getReplicatorStatus 200 from http://localhost:5173
2026-08-27 13:07:22,752 [DEBUG]: Sending (test_push_and_pull) -> 7dbb1ab8-4f83-4093-aad5-e19c29b0648c v1 POST /getReplicatorStatus to http://localhost:5173
2026-08-27 13:07:22,794 [WARNING]: Server did not set a response version, using request version...
2026-08-27 13:07:22,795 [DEBUG]: Received <- 7dd3ec51-7529-4b2d-a7f9-01b1fa5a3698 POST /getReplicatorStatus 200 from http://localhost:5173
2026-08-27 13:07:23,796 [DEBUG]: Sending (test_push_and_pull) -> 7dbb1ab8-4f83-4093-aad5-e19c29b0648c v1 POST /getReplicatorStatus to http://localhost:5173
2026-08-27 13:07:23,807 [WARNING]: Server did not set a response version, using request version...
2026-08-27 13:07:23,807 [DEBUG]: Received <- 7dd3ec51-7529-4b2d-a7f9-01b1fa5a3698 POST /getReplicatorStatus 200 from http://localhost:5173
2026-08-27 13:07:24,809 [DEBUG]: Sending (test_push_and_pull) -> 7dbb1ab8-4f83-4093-aad5-e19c29b0648c v1 POST /getReplicatorStatus to http://localhost:5173
2026-08-27 13:07:24,810 [WARNING]: Server did not set a response version, using request version...
2026-08-27 13:07:24,810 [DEBUG]: Received <- 7dd3ec51-7529-4b2d-a7f9-01b1fa5a3698 POST /getReplicatorStatus 200 from http://localhost:5173
2026-08-27 13:07:24,810 [INFO]: Moving to step 5:
2026-08-27 13:07:24,810 [INFO]: 	Check that all docs are replicated correctly.
2026-08-27 13:07:24,810 [DEBUG]: Sending (test_push_and_pull) -> 7dbb1ab8-4f83-4093-aad5-e19c29b0648c v1 POST /getAllDocuments to http://localhost:5173
2026-08-27 13:07:25,212 [WARNING]: Server did not set a response version, using request version...
2026-08-27 13:07:25,213 [DEBUG]: Received <- 7dd3ec51-7529-4b2d-a7f9-01b1fa5a3698 POST /getAllDocuments 200 from http://localhost:5173
2026-08-27 13:07:25,414 [DEBUG]: Sending (test_push_and_pull) -> 7dbb1ab8-4f83-4093-aad5-e19c29b0648c v1 POST /reset to http://localhost:5173
2026-08-27 13:07:25,428 [WARNING]: Server did not set a response version, using request version...
2026-08-27 13:07:25,428 [DEBUG]: Received <- 7dd3ec51-7529-4b2d-a7f9-01b1fa5a3698 POST /reset 200 from http://localhost:5173
PASSED
tests/dev_e2e/test_basic_replication.py::TestBasicReplication::test_continuous_push 2026-08-27 13:07:25,429 [INFO]: 🧹 Couchbase Server and Sync Gateway cleanup started
2026-08-27 13:07:25,431 [DEBUG]: 🧹 SGW <cbltest.api.syncgateway.SyncGateway object at 0x11c7d7230>: found databases ['travel'], deleting...
2026-08-27 13:07:25,514 [DEBUG]: 🧹 CBS <cbltest.api.couchbaseserver.CouchbaseServer object at 0x11c7d7620>: found buckets ['travel'], deleting...
2026-08-27 13:07:26,251 [DEBUG]: 🧹 CBS <cbltest.api.couchbaseserver.CouchbaseServer object at 0x11c7d7620>: waiting for all buckets to be deleted...
2026-08-27 13:07:26,255 [INFO]: 🧹 Couchbase Server and Sync Gateway cleanup finished
2026-08-27 13:07:26,255 [INFO]: Starting test: test_continuous_push
2026-08-27 13:07:26,255 [INFO]: Moving to step 1:
2026-08-27 13:07:26,255 [INFO]: 	Reset SG and load `travel` dataset.
2026-08-27 13:08:13,418 [INFO]: Moving to step 2:
2026-08-27 13:08:13,419 [INFO]: 	Reset local database, and load `travel` dataset.
2026-08-27 13:08:13,419 [DEBUG]: Sending (test_continuous_push) -> 7dbb1ab8-4f83-4093-aad5-e19c29b0648c v1 POST /reset to http://localhost:5173
2026-08-27 13:08:15,558 [WARNING]: Server did not set a response version, using request version...
2026-08-27 13:08:15,558 [DEBUG]: Received <- 7dd3ec51-7529-4b2d-a7f9-01b1fa5a3698 POST /reset 200 from http://localhost:5173
2026-08-27 13:08:15,558 [INFO]: Moving to step 3:
2026-08-27 13:08:15,558 [INFO]: 	Start a replicator:
2026-08-27 13:08:15,558 [INFO]: 	* endpoint: `/travel`
2026-08-27 13:08:15,558 [INFO]: 	* collections : `travel.airlines`, `travel.airports`, `travel.hotels`
2026-08-27 13:08:15,558 [INFO]: 	* type: push
2026-08-27 13:08:15,558 [INFO]: 	* continuous: true
2026-08-27 13:08:15,558 [INFO]: 	* enableDocumentListener: true
2026-08-27 13:08:15,558 [INFO]: 	* credentials: user1/pass
2026-08-27 13:08:15,558 [DEBUG]: Sync Gateway instance not using TLS, returning empty tls_cert...
2026-08-27 13:08:15,559 [DEBUG]: Sending (test_continuous_push) -> 7dbb1ab8-4f83-4093-aad5-e19c29b0648c v1 POST /startReplicator to http://localhost:5173
2026-08-27 13:08:15,560 [WARNING]: Server did not set a response version, using request version...
2026-08-27 13:08:15,560 [DEBUG]: Received <- 7dd3ec51-7529-4b2d-a7f9-01b1fa5a3698 POST /startReplicator 200 from http://localhost:5173
2026-08-27 13:08:15,560 [INFO]: Moving to step 4:
2026-08-27 13:08:15,560 [INFO]: 	Wait until the replicator is idle.
2026-08-27 13:08:15,561 [DEBUG]: Sending (test_continuous_push) -> 7dbb1ab8-4f83-4093-aad5-e19c29b0648c v1 POST /getReplicatorStatus to http://localhost:5173
2026-08-27 13:08:15,562 [WARNING]: Server did not set a response version, using request version...
2026-08-27 13:08:15,562 [DEBUG]: Received <- 7dd3ec51-7529-4b2d-a7f9-01b1fa5a3698 POST /getReplicatorStatus 200 from http://localhost:5173
2026-08-27 13:08:16,564 [DEBUG]: Sending (test_continuous_push) -> 7dbb1ab8-4f83-4093-aad5-e19c29b0648c v1 POST /getReplicatorStatus to http://localhost:5173
2026-08-27 13:08:16,566 [WARNING]: Server did not set a response version, using request version...
2026-08-27 13:08:16,567 [DEBUG]: Received <- 7dd3ec51-7529-4b2d-a7f9-01b1fa5a3698 POST /getReplicatorStatus 200 from http://localhost:5173
2026-08-27 13:08:17,568 [DEBUG]: Sending (test_continuous_push) -> 7dbb1ab8-4f83-4093-aad5-e19c29b0648c v1 POST /getReplicatorStatus to http://localhost:5173
2026-08-27 13:08:17,570 [WARNING]: Server did not set a response version, using request version...
2026-08-27 13:08:17,570 [DEBUG]: Received <- 7dd3ec51-7529-4b2d-a7f9-01b1fa5a3698 POST /getReplicatorStatus 200 from http://localhost:5173
2026-08-27 13:08:17,571 [INFO]: Moving to step 5:
2026-08-27 13:08:17,571 [INFO]: 	Check that all docs are replicated correctly.
2026-08-27 13:08:17,571 [DEBUG]: Sending (test_continuous_push) -> 7dbb1ab8-4f83-4093-aad5-e19c29b0648c v1 POST /getAllDocuments to http://localhost:5173
2026-08-27 13:08:17,610 [WARNING]: Server did not set a response version, using request version...
2026-08-27 13:08:17,611 [DEBUG]: Received <- 7dd3ec51-7529-4b2d-a7f9-01b1fa5a3698 POST /getAllDocuments 200 from http://localhost:5173
2026-08-27 13:08:17,711 [INFO]: Moving to step 6:
2026-08-27 13:08:17,711 [INFO]: 	Clear current document replication events.
2026-08-27 13:08:17,711 [INFO]: Moving to step 7:
2026-08-27 13:08:17,711 [INFO]: 	Update documents in the local database.
2026-08-27 13:08:17,711 [INFO]: 	* Add 2 airports in travel.airports.
2026-08-27 13:08:17,711 [INFO]: 	* Update 2 new airlines in travel.airlines.
2026-08-27 13:08:17,711 [INFO]: 	* Remove 2 hotels in travel.hotels.
2026-08-27 13:08:17,712 [DEBUG]: Sending (test_continuous_push) -> 7dbb1ab8-4f83-4093-aad5-e19c29b0648c v1 POST /updateDatabase to http://localhost:5173
2026-08-27 13:08:17,730 [WARNING]: Server did not set a response version, using request version...
2026-08-27 13:08:17,730 [DEBUG]: Received <- 7dd3ec51-7529-4b2d-a7f9-01b1fa5a3698 POST /updateDatabase 200 from http://localhost:5173
2026-08-27 13:08:17,731 [INFO]: Moving to step 8:
2026-08-27 13:08:17,731 [INFO]: 	Wait until receiving all document replication events
2026-08-27 13:08:17,732 [DEBUG]: Sending (test_continuous_push) -> 7dbb1ab8-4f83-4093-aad5-e19c29b0648c v1 POST /getReplicatorStatus to http://localhost:5173
2026-08-27 13:08:17,733 [WARNING]: Server did not set a response version, using request version...
2026-08-27 13:08:17,733 [DEBUG]: Received <- 7dd3ec51-7529-4b2d-a7f9-01b1fa5a3698 POST /getReplicatorStatus 200 from http://localhost:5173
2026-08-27 13:08:18,735 [DEBUG]: Sending (test_continuous_push) -> 7dbb1ab8-4f83-4093-aad5-e19c29b0648c v1 POST /getReplicatorStatus to http://localhost:5173
2026-08-27 13:08:18,738 [WARNING]: Server did not set a response version, using request version...
2026-08-27 13:08:18,738 [DEBUG]: Received <- 7dd3ec51-7529-4b2d-a7f9-01b1fa5a3698 POST /getReplicatorStatus 200 from http://localhost:5173
2026-08-27 13:08:18,738 [INFO]: Moving to step 9:
2026-08-27 13:08:18,738 [INFO]: 	Check that all updates are replicated correctly.
2026-08-27 13:08:18,739 [DEBUG]: Sending (test_continuous_push) -> 7dbb1ab8-4f83-4093-aad5-e19c29b0648c v1 POST /getAllDocuments to http://localhost:5173
2026-08-27 13:08:18,790 [WARNING]: Server did not set a response version, using request version...
2026-08-27 13:08:18,790 [DEBUG]: Received <- 7dd3ec51-7529-4b2d-a7f9-01b1fa5a3698 POST /getAllDocuments 200 from http://localhost:5173
2026-08-27 13:08:18,856 [DEBUG]: Sending (test_continuous_push) -> 7dbb1ab8-4f83-4093-aad5-e19c29b0648c v1 POST /reset to http://localhost:5173
2026-08-27 13:08:18,869 [WARNING]: Server did not set a response version, using request version...
2026-08-27 13:08:18,869 [DEBUG]: Received <- 7dd3ec51-7529-4b2d-a7f9-01b1fa5a3698 POST /reset 200 from http://localhost:5173
PASSED
tests/dev_e2e/test_basic_replication.py::TestBasicReplication::test_continuous_pull 2026-08-27 13:08:18,870 [INFO]: 🧹 Couchbase Server and Sync Gateway cleanup started
2026-08-27 13:08:18,873 [DEBUG]: 🧹 SGW <cbltest.api.syncgateway.SyncGateway object at 0x11c7d7230>: found databases ['travel'], deleting...
2026-08-27 13:08:18,941 [DEBUG]: 🧹 CBS <cbltest.api.couchbaseserver.CouchbaseServer object at 0x11c7d7620>: found buckets ['travel'], deleting...
2026-08-27 13:08:19,888 [DEBUG]: 🧹 CBS <cbltest.api.couchbaseserver.CouchbaseServer object at 0x11c7d7620>: waiting for all buckets to be deleted...
2026-08-27 13:08:19,892 [INFO]: 🧹 Couchbase Server and Sync Gateway cleanup finished
2026-08-27 13:08:19,892 [INFO]: Starting test: test_continuous_pull
2026-08-27 13:08:19,893 [INFO]: Moving to step 1:
2026-08-27 13:08:19,893 [INFO]: 	Reset SG and load `travel` dataset.
2026-08-27 13:09:07,009 [INFO]: Moving to step 2:
2026-08-27 13:09:07,010 [INFO]: 	Reset local database, and load `travel` dataset.
2026-08-27 13:09:07,010 [DEBUG]: Sending (test_continuous_pull) -> 7dbb1ab8-4f83-4093-aad5-e19c29b0648c v1 POST /reset to http://localhost:5173
2026-08-27 13:09:09,145 [WARNING]: Server did not set a response version, using request version...
2026-08-27 13:09:09,145 [DEBUG]: Received <- 7dd3ec51-7529-4b2d-a7f9-01b1fa5a3698 POST /reset 200 from http://localhost:5173
2026-08-27 13:09:09,146 [INFO]: Moving to step 3:
2026-08-27 13:09:09,146 [INFO]: 	Start a replicator:
2026-08-27 13:09:09,146 [INFO]: 	* endpoint: `/travel`
2026-08-27 13:09:09,146 [INFO]: 	* collections : `travel.routes`, `travel.landmarks`, `travel.hotels`
2026-08-27 13:09:09,146 [INFO]: 	* type: pull
2026-08-27 13:09:09,146 [INFO]: 	* continuous: true
2026-08-27 13:09:09,146 [INFO]: 	* enableDocumentListener: true
2026-08-27 13:09:09,146 [INFO]: 	* credentials: user1/pass
2026-08-27 13:09:09,146 [DEBUG]: Sync Gateway instance not using TLS, returning empty tls_cert...
2026-08-27 13:09:09,146 [DEBUG]: Sending (test_continuous_pull) -> 7dbb1ab8-4f83-4093-aad5-e19c29b0648c v1 POST /startReplicator to http://localhost:5173
2026-08-27 13:09:09,147 [WARNING]: Server did not set a response version, using request version...
2026-08-27 13:09:09,147 [DEBUG]: Received <- 7dd3ec51-7529-4b2d-a7f9-01b1fa5a3698 POST /startReplicator 200 from http://localhost:5173
2026-08-27 13:09:09,147 [INFO]: Moving to step 4:
2026-08-27 13:09:09,147 [INFO]: 	Wait until the replicator is idle.
2026-08-27 13:09:09,147 [DEBUG]: Sending (test_continuous_pull) -> 7dbb1ab8-4f83-4093-aad5-e19c29b0648c v1 POST /getReplicatorStatus to http://localhost:5173
2026-08-27 13:09:09,148 [WARNING]: Server did not set a response version, using request version...
2026-08-27 13:09:09,148 [DEBUG]: Received <- 7dd3ec51-7529-4b2d-a7f9-01b1fa5a3698 POST /getReplicatorStatus 200 from http://localhost:5173
2026-08-27 13:09:10,149 [DEBUG]: Sending (test_continuous_pull) -> 7dbb1ab8-4f83-4093-aad5-e19c29b0648c v1 POST /getReplicatorStatus to http://localhost:5173
2026-08-27 13:09:10,153 [WARNING]: Server did not set a response version, using request version...
2026-08-27 13:09:10,155 [DEBUG]: Received <- 7dd3ec51-7529-4b2d-a7f9-01b1fa5a3698 POST /getReplicatorStatus 200 from http://localhost:5173
2026-08-27 13:09:10,156 [INFO]: Moving to step 5:
2026-08-27 13:09:10,156 [INFO]: 	Check that all docs are replicated correctly.
2026-08-27 13:09:10,157 [DEBUG]: Sending (test_continuous_pull) -> 7dbb1ab8-4f83-4093-aad5-e19c29b0648c v1 POST /getAllDocuments to http://localhost:5173
2026-08-27 13:09:10,517 [WARNING]: Server did not set a response version, using request version...
2026-08-27 13:09:10,519 [DEBUG]: Received <- 7dd3ec51-7529-4b2d-a7f9-01b1fa5a3698 POST /getAllDocuments 200 from http://localhost:5173
2026-08-27 13:09:10,611 [INFO]: Moving to step 6:
2026-08-27 13:09:10,611 [INFO]: 	Clear current document replication events.
2026-08-27 13:09:10,612 [INFO]: Moving to step 7:
2026-08-27 13:09:10,612 [INFO]: 	Update documents on SG.
2026-08-27 13:09:10,612 [INFO]: 	* Add 2 routes in `travel.routes`.
2026-08-27 13:09:10,612 [INFO]: 	* Update 2 landmarks in `travel.landmarks`.
2026-08-27 13:09:10,612 [INFO]: 	* Remove 2 hotels in `travel.hotels`.
2026-08-27 13:09:10,654 [INFO]: For document landmark_100: Swapping revid from 1-a21d84d1b8b23ed1c99ea0b1cfe3f446 to 1-a21d84d1b8b23ed1c99ea0b1cfe3f446
2026-08-27 13:09:10,654 [INFO]: For document landmark_200: Swapping revid from 1-4561ad98a9a2ae024d6059aec5efa727 to 1-4561ad98a9a2ae024d6059aec5efa727
2026-08-27 13:09:10,679 [INFO]: Moving to step 8:
2026-08-27 13:09:10,679 [INFO]: 	Wait until receiving all document replication events
2026-08-27 13:09:10,679 [DEBUG]: Sending (test_continuous_pull) -> 7dbb1ab8-4f83-4093-aad5-e19c29b0648c v1 POST /getReplicatorStatus to http://localhost:5173
2026-08-27 13:09:10,680 [WARNING]: Server did not set a response version, using request version...
2026-08-27 13:09:10,680 [DEBUG]: Received <- 7dd3ec51-7529-4b2d-a7f9-01b1fa5a3698 POST /getReplicatorStatus 200 from http://localhost:5173
2026-08-27 13:09:11,682 [DEBUG]: Sending (test_continuous_pull) -> 7dbb1ab8-4f83-4093-aad5-e19c29b0648c v1 POST /getReplicatorStatus to http://localhost:5173
2026-08-27 13:09:11,684 [WARNING]: Server did not set a response version, using request version...
2026-08-27 13:09:11,684 [DEBUG]: Received <- 7dd3ec51-7529-4b2d-a7f9-01b1fa5a3698 POST /getReplicatorStatus 200 from http://localhost:5173
2026-08-27 13:09:11,684 [INFO]: Moving to step 9:
2026-08-27 13:09:11,684 [INFO]: 	Check that all updates are replicated correctly.
2026-08-27 13:09:11,685 [DEBUG]: Sending (test_continuous_pull) -> 7dbb1ab8-4f83-4093-aad5-e19c29b0648c v1 POST /getAllDocuments to http://localhost:5173
2026-08-27 13:09:12,084 [WARNING]: Server did not set a response version, using request version...
2026-08-27 13:09:12,088 [DEBUG]: Received <- 7dd3ec51-7529-4b2d-a7f9-01b1fa5a3698 POST /getAllDocuments 200 from http://localhost:5173
2026-08-27 13:09:12,168 [DEBUG]: Sending (test_continuous_pull) -> 7dbb1ab8-4f83-4093-aad5-e19c29b0648c v1 POST /reset to http://localhost:5173
2026-08-27 13:09:12,175 [WARNING]: Server did not set a response version, using request version...
2026-08-27 13:09:12,176 [DEBUG]: Received <- 7dd3ec51-7529-4b2d-a7f9-01b1fa5a3698 POST /reset 200 from http://localhost:5173
PASSED
tests/dev_e2e/test_basic_replication.py::TestBasicReplication::test_continuous_push_and_pull 2026-08-27 13:09:12,177 [INFO]: 🧹 Couchbase Server and Sync Gateway cleanup started
2026-08-27 13:09:12,180 [DEBUG]: 🧹 SGW <cbltest.api.syncgateway.SyncGateway object at 0x11c7d7230>: found databases ['travel'], deleting...
2026-08-27 13:09:12,244 [DEBUG]: 🧹 CBS <cbltest.api.couchbaseserver.CouchbaseServer object at 0x11c7d7620>: found buckets ['travel'], deleting...
2026-08-27 13:09:13,450 [DEBUG]: 🧹 CBS <cbltest.api.couchbaseserver.CouchbaseServer object at 0x11c7d7620>: waiting for all buckets to be deleted...
2026-08-27 13:09:13,453 [INFO]: 🧹 Couchbase Server and Sync Gateway cleanup finished
2026-08-27 13:09:13,453 [INFO]: Starting test: test_continuous_push_and_pull
2026-08-27 13:09:13,454 [INFO]: Moving to step 1:
2026-08-27 13:09:13,454 [INFO]: 	Reset SG and load `travel` dataset.
2026-08-27 13:10:00,533 [INFO]: Moving to step 2:
2026-08-27 13:10:00,534 [INFO]: 	Reset local database, and load `travel` dataset.
2026-08-27 13:10:00,534 [DEBUG]: Sending (test_continuous_push_and_pull) -> 7dbb1ab8-4f83-4093-aad5-e19c29b0648c v1 POST /reset to http://localhost:5173
2026-08-27 13:10:03,050 [WARNING]: Server did not set a response version, using request version...
2026-08-27 13:10:03,051 [DEBUG]: Received <- 7dd3ec51-7529-4b2d-a7f9-01b1fa5a3698 POST /reset 200 from http://localhost:5173
2026-08-27 13:10:03,051 [INFO]: Moving to step 3:
2026-08-27 13:10:03,052 [INFO]: 	Start a replicator:
2026-08-27 13:10:03,052 [INFO]: 	* endpoint: `/travel`
2026-08-27 13:10:03,052 [INFO]: 	* collections : `travel.airlines`, `travel.airports`, `travel.hotels`, `travel.landmarks`, `travel.routes`
2026-08-27 13:10:03,052 [INFO]: 	* type: push-and-pull
2026-08-27 13:10:03,052 [INFO]: 	* continuous: true
2026-08-27 13:10:03,052 [INFO]: 	* enableDocumentListener: true
2026-08-27 13:10:03,052 [INFO]: 	* credentials: user1/pass
2026-08-27 13:10:03,052 [DEBUG]: Sync Gateway instance not using TLS, returning empty tls_cert...
2026-08-27 13:10:03,052 [DEBUG]: Sending (test_continuous_push_and_pull) -> 7dbb1ab8-4f83-4093-aad5-e19c29b0648c v1 POST /startReplicator to http://localhost:5173
2026-08-27 13:10:03,053 [WARNING]: Server did not set a response version, using request version...
2026-08-27 13:10:03,053 [DEBUG]: Received <- 7dd3ec51-7529-4b2d-a7f9-01b1fa5a3698 POST /startReplicator 200 from http://localhost:5173
2026-08-27 13:10:03,053 [INFO]: Moving to step 4:
2026-08-27 13:10:03,053 [INFO]: 	Wait until the replicator is idle.
2026-08-27 13:10:03,053 [DEBUG]: Sending (test_continuous_push_and_pull) -> 7dbb1ab8-4f83-4093-aad5-e19c29b0648c v1 POST /getReplicatorStatus to http://localhost:5173
2026-08-27 13:10:03,054 [WARNING]: Server did not set a response version, using request version...
2026-08-27 13:10:03,054 [DEBUG]: Received <- 7dd3ec51-7529-4b2d-a7f9-01b1fa5a3698 POST /getReplicatorStatus 200 from http://localhost:5173
2026-08-27 13:10:04,055 [DEBUG]: Sending (test_continuous_push_and_pull) -> 7dbb1ab8-4f83-4093-aad5-e19c29b0648c v1 POST /getReplicatorStatus to http://localhost:5173
2026-08-27 13:10:04,088 [WARNING]: Server did not set a response version, using request version...
2026-08-27 13:10:04,089 [DEBUG]: Received <- 7dd3ec51-7529-4b2d-a7f9-01b1fa5a3698 POST /getReplicatorStatus 200 from http://localhost:5173
2026-08-27 13:10:05,090 [DEBUG]: Sending (test_continuous_push_and_pull) -> 7dbb1ab8-4f83-4093-aad5-e19c29b0648c v1 POST /getReplicatorStatus to http://localhost:5173
2026-08-27 13:10:05,104 [WARNING]: Server did not set a response version, using request version...
2026-08-27 13:10:05,106 [DEBUG]: Received <- 7dd3ec51-7529-4b2d-a7f9-01b1fa5a3698 POST /getReplicatorStatus 200 from http://localhost:5173
2026-08-27 13:10:06,110 [DEBUG]: Sending (test_continuous_push_and_pull) -> 7dbb1ab8-4f83-4093-aad5-e19c29b0648c v1 POST /getReplicatorStatus to http://localhost:5173
2026-08-27 13:10:06,113 [WARNING]: Server did not set a response version, using request version...
2026-08-27 13:10:06,115 [DEBUG]: Received <- 7dd3ec51-7529-4b2d-a7f9-01b1fa5a3698 POST /getReplicatorStatus 200 from http://localhost:5173
2026-08-27 13:10:07,117 [DEBUG]: Sending (test_continuous_push_and_pull) -> 7dbb1ab8-4f83-4093-aad5-e19c29b0648c v1 POST /getReplicatorStatus to http://localhost:5173
2026-08-27 13:10:07,120 [WARNING]: Server did not set a response version, using request version...
2026-08-27 13:10:07,122 [DEBUG]: Received <- 7dd3ec51-7529-4b2d-a7f9-01b1fa5a3698 POST /getReplicatorStatus 200 from http://localhost:5173
2026-08-27 13:10:07,123 [INFO]: Moving to step 5:
2026-08-27 13:10:07,124 [INFO]: 	Check that all docs are replicated correctly.
2026-08-27 13:10:07,124 [DEBUG]: Sending (test_continuous_push_and_pull) -> 7dbb1ab8-4f83-4093-aad5-e19c29b0648c v1 POST /getAllDocuments to http://localhost:5173
2026-08-27 13:10:07,192 [WARNING]: Server did not set a response version, using request version...
2026-08-27 13:10:07,193 [DEBUG]: Received <- 7dd3ec51-7529-4b2d-a7f9-01b1fa5a3698 POST /getAllDocuments 200 from http://localhost:5173
2026-08-27 13:10:07,404 [INFO]: Moving to step 6:
2026-08-27 13:10:07,404 [INFO]: 	Clear current document replication events.
2026-08-27 13:10:07,405 [INFO]: Moving to step 7:
2026-08-27 13:10:07,405 [INFO]: 	Update documents in the local database.
2026-08-27 13:10:07,405 [INFO]: 	* Add 2 airports in travel.airports.
2026-08-27 13:10:07,405 [INFO]: 	* Update 2 CBL airlines in travel.airlines.
2026-08-27 13:10:07,405 [INFO]: 	* Update 2 SG hotels in travel.hotels.
2026-08-27 13:10:07,405 [INFO]: 	* Remove 2 CBL hotels in travel.hotels.
2026-08-27 13:10:07,405 [INFO]: 	* Remove 2 SG hotels in travel.hotels.
2026-08-27 13:10:07,405 [DEBUG]: Sending (test_continuous_push_and_pull) -> 7dbb1ab8-4f83-4093-aad5-e19c29b0648c v1 POST /updateDatabase to http://localhost:5173
2026-08-27 13:10:07,426 [WARNING]: Server did not set a response version, using request version...
2026-08-27 13:10:07,426 [DEBUG]: Received <- 7dd3ec51-7529-4b2d-a7f9-01b1fa5a3698 POST /updateDatabase 200 from http://localhost:5173
2026-08-27 13:10:07,427 [INFO]: Moving to step 8:
2026-08-27 13:10:07,427 [INFO]: 	Update documents on SG.
2026-08-27 13:10:07,427 [INFO]: 	* Add 2 routes in `travel.routes`.
2026-08-27 13:10:07,427 [INFO]: 	* Update 2 SG landmarks in `travel.landmarks`.
2026-08-27 13:10:07,427 [INFO]: 	* Update 2 CBL hotels in `travel.hotels`.
2026-08-27 13:10:07,427 [INFO]: 	* Remove 2 SG hotels in `travel.hotels`.
2026-08-27 13:10:07,427 [INFO]: 	* Remove 2 CBL hotels in `travel.hotels`.
2026-08-27 13:10:07,466 [INFO]: For document landmark_100: Swapping revid from 1-a21d84d1b8b23ed1c99ea0b1cfe3f446 to 1-a21d84d1b8b23ed1c99ea0b1cfe3f446
2026-08-27 13:10:07,466 [INFO]: For document landmark_200: Swapping revid from 1-4561ad98a9a2ae024d6059aec5efa727 to 1-4561ad98a9a2ae024d6059aec5efa727
2026-08-27 13:10:07,523 [INFO]: For document hotel_51: Swapping revid from 1-90e76c8d351ccec52f586ce500b2703c000df3ca to 1-90e76c8d351ccec52f586ce500b2703c000df3ca
2026-08-27 13:10:07,523 [INFO]: For document hotel_52: Swapping revid from 1-31c0c061ab05d1a3072a1e45dcfdbc2967c2a8fd to 1-31c0c061ab05d1a3072a1e45dcfdbc2967c2a8fd
2026-08-27 13:10:07,576 [INFO]: Moving to step 9:
2026-08-27 13:10:07,576 [INFO]: 	Wait until receiving all document replication events
2026-08-27 13:10:07,577 [DEBUG]: Sending (test_continuous_push_and_pull) -> 7dbb1ab8-4f83-4093-aad5-e19c29b0648c v1 POST /getReplicatorStatus to http://localhost:5173
2026-08-27 13:10:07,577 [WARNING]: Server did not set a response version, using request version...
2026-08-27 13:10:07,577 [DEBUG]: Received <- 7dd3ec51-7529-4b2d-a7f9-01b1fa5a3698 POST /getReplicatorStatus 200 from http://localhost:5173
2026-08-27 13:10:08,579 [DEBUG]: Sending (test_continuous_push_and_pull) -> 7dbb1ab8-4f83-4093-aad5-e19c29b0648c v1 POST /getReplicatorStatus to http://localhost:5173
2026-08-27 13:10:08,580 [WARNING]: Server did not set a response version, using request version...
2026-08-27 13:10:08,581 [DEBUG]: Received <- 7dd3ec51-7529-4b2d-a7f9-01b1fa5a3698 POST /getReplicatorStatus 200 from http://localhost:5173
2026-08-27 13:10:08,581 [INFO]: Moving to step 10:
2026-08-27 13:10:08,581 [INFO]: 	Check that all updates are replicated correctly.
2026-08-27 13:10:08,582 [DEBUG]: Sending (test_continuous_push_and_pull) -> 7dbb1ab8-4f83-4093-aad5-e19c29b0648c v1 POST /getAllDocuments to http://localhost:5173
2026-08-27 13:10:08,661 [WARNING]: Server did not set a response version, using request version...
2026-08-27 13:10:08,662 [DEBUG]: Received <- 7dd3ec51-7529-4b2d-a7f9-01b1fa5a3698 POST /getAllDocuments 200 from http://localhost:5173
2026-08-27 13:10:08,850 [DEBUG]: Sending (test_continuous_push_and_pull) -> 7dbb1ab8-4f83-4093-aad5-e19c29b0648c v1 POST /reset to http://localhost:5173
2026-08-27 13:10:08,855 [WARNING]: Server did not set a response version, using request version...
2026-08-27 13:10:08,856 [DEBUG]: Received <- 7dd3ec51-7529-4b2d-a7f9-01b1fa5a3698 POST /reset 200 from http://localhost:5173
PASSED
tests/dev_e2e/test_basic_replication.py::TestBasicReplication::test_default_collection_push 2026-08-27 13:10:08,857 [INFO]: 🧹 Couchbase Server and Sync Gateway cleanup started
2026-08-27 13:10:08,859 [DEBUG]: 🧹 SGW <cbltest.api.syncgateway.SyncGateway object at 0x11c7d7230>: found databases ['travel'], deleting...
2026-08-27 13:10:08,945 [DEBUG]: 🧹 CBS <cbltest.api.couchbaseserver.CouchbaseServer object at 0x11c7d7620>: found buckets ['travel'], deleting...
2026-08-27 13:10:09,548 [DEBUG]: 🧹 CBS <cbltest.api.couchbaseserver.CouchbaseServer object at 0x11c7d7620>: waiting for all buckets to be deleted...
2026-08-27 13:10:09,551 [INFO]: 🧹 Couchbase Server and Sync Gateway cleanup finished
2026-08-27 13:10:09,551 [INFO]: Starting test: test_default_collection_push
2026-08-27 13:10:09,552 [INFO]: Moving to step 1:
2026-08-27 13:10:09,552 [INFO]: 	Reset SG and load `names` dataset.
2026-08-27 13:10:16,827 [INFO]: Moving to step 2:
2026-08-27 13:10:16,828 [INFO]: 	Reset local database, and load `names` dataset.
2026-08-27 13:10:16,828 [DEBUG]: Sending (test_default_collection_push) -> 7dbb1ab8-4f83-4093-aad5-e19c29b0648c v1 POST /reset to http://localhost:5173
2026-08-27 13:10:16,866 [WARNING]: Server did not set a response version, using request version...
2026-08-27 13:10:16,867 [DEBUG]: Received <- 7dd3ec51-7529-4b2d-a7f9-01b1fa5a3698 POST /reset 200 from http://localhost:5173
2026-08-27 13:10:16,867 [INFO]: Moving to step 3:
2026-08-27 13:10:16,867 [INFO]: 	Start a replicator:
2026-08-27 13:10:16,867 [INFO]: 	* endpoint: `/names`
2026-08-27 13:10:16,867 [INFO]: 	* collections : `_default._default`
2026-08-27 13:10:16,867 [INFO]: 	* type: push
2026-08-27 13:10:16,867 [INFO]: 	* continuous: false
2026-08-27 13:10:16,868 [DEBUG]: Sync Gateway instance not using TLS, returning empty tls_cert...
2026-08-27 13:10:16,868 [DEBUG]: Sending (test_default_collection_push) -> 7dbb1ab8-4f83-4093-aad5-e19c29b0648c v1 POST /startReplicator to http://localhost:5173
2026-08-27 13:10:16,869 [WARNING]: Server did not set a response version, using request version...
2026-08-27 13:10:16,869 [DEBUG]: Received <- 7dd3ec51-7529-4b2d-a7f9-01b1fa5a3698 POST /startReplicator 200 from http://localhost:5173
2026-08-27 13:10:16,869 [INFO]: Moving to step 4:
2026-08-27 13:10:16,869 [INFO]: 	Wait until the replicator is stopped.
2026-08-27 13:10:16,870 [DEBUG]: Sending (test_default_collection_push) -> 7dbb1ab8-4f83-4093-aad5-e19c29b0648c v1 POST /getReplicatorStatus to http://localhost:5173
2026-08-27 13:10:16,870 [WARNING]: Server did not set a response version, using request version...
2026-08-27 13:10:16,870 [DEBUG]: Received <- 7dd3ec51-7529-4b2d-a7f9-01b1fa5a3698 POST /getReplicatorStatus 200 from http://localhost:5173
2026-08-27 13:10:17,873 [DEBUG]: Sending (test_default_collection_push) -> 7dbb1ab8-4f83-4093-aad5-e19c29b0648c v1 POST /getReplicatorStatus to http://localhost:5173
2026-08-27 13:10:17,874 [WARNING]: Server did not set a response version, using request version...
2026-08-27 13:10:17,874 [DEBUG]: Received <- 7dd3ec51-7529-4b2d-a7f9-01b1fa5a3698 POST /getReplicatorStatus 200 from http://localhost:5173
2026-08-27 13:10:17,875 [INFO]: Moving to step 5:
2026-08-27 13:10:17,875 [INFO]: 	Check that all docs are replicated correctly.
2026-08-27 13:10:17,876 [DEBUG]: Sending (test_default_collection_push) -> 7dbb1ab8-4f83-4093-aad5-e19c29b0648c v1 POST /getAllDocuments to http://localhost:5173
2026-08-27 13:10:17,879 [WARNING]: Server did not set a response version, using request version...
2026-08-27 13:10:17,879 [DEBUG]: Received <- 7dd3ec51-7529-4b2d-a7f9-01b1fa5a3698 POST /getAllDocuments 200 from http://localhost:5173
2026-08-27 13:10:17,898 [DEBUG]: Sending (test_default_collection_push) -> 7dbb1ab8-4f83-4093-aad5-e19c29b0648c v1 POST /reset to http://localhost:5173
2026-08-27 13:10:17,906 [WARNING]: Server did not set a response version, using request version...
2026-08-27 13:10:17,906 [DEBUG]: Received <- 7dd3ec51-7529-4b2d-a7f9-01b1fa5a3698 POST /reset 200 from http://localhost:5173
PASSED
tests/dev_e2e/test_basic_replication.py::TestBasicReplication::test_default_collection_pull 2026-08-27 13:10:17,908 [INFO]: 🧹 Couchbase Server and Sync Gateway cleanup started
2026-08-27 13:10:17,925 [DEBUG]: 🧹 SGW <cbltest.api.syncgateway.SyncGateway object at 0x11c7d7230>: found databases ['names'], deleting...
2026-08-27 13:10:17,974 [DEBUG]: 🧹 CBS <cbltest.api.couchbaseserver.CouchbaseServer object at 0x11c7d7620>: found buckets ['names'], deleting...
2026-08-27 13:10:18,449 [DEBUG]: 🧹 CBS <cbltest.api.couchbaseserver.CouchbaseServer object at 0x11c7d7620>: waiting for all buckets to be deleted...
2026-08-27 13:10:18,454 [INFO]: 🧹 Couchbase Server and Sync Gateway cleanup finished
2026-08-27 13:10:18,454 [INFO]: Starting test: test_default_collection_pull
2026-08-27 13:10:18,455 [INFO]: Moving to step 1:
2026-08-27 13:10:18,455 [INFO]: 	Reset SG and load `names` dataset.
2026-08-27 13:10:46,861 [INFO]: Moving to step 2:
2026-08-27 13:10:46,862 [INFO]: 	Reset local database, and load `names` dataset.
2026-08-27 13:10:46,862 [DEBUG]: Sending (test_default_collection_pull) -> 7dbb1ab8-4f83-4093-aad5-e19c29b0648c v1 POST /reset to http://localhost:5173
2026-08-27 13:10:46,914 [WARNING]: Server did not set a response version, using request version...
2026-08-27 13:10:46,914 [DEBUG]: Received <- 7dd3ec51-7529-4b2d-a7f9-01b1fa5a3698 POST /reset 200 from http://localhost:5173
2026-08-27 13:10:46,914 [INFO]: Moving to step 3:
2026-08-27 13:10:46,914 [INFO]: 	Start a replicator:
2026-08-27 13:10:46,914 [INFO]: 	* endpoint: `/names`
2026-08-27 13:10:46,914 [INFO]: 	* collections : `_default._default`
2026-08-27 13:10:46,914 [INFO]: 	* type: pull
2026-08-27 13:10:46,914 [INFO]: 	* continuous: false
2026-08-27 13:10:46,914 [DEBUG]: Sync Gateway instance not using TLS, returning empty tls_cert...
2026-08-27 13:10:46,915 [DEBUG]: Sending (test_default_collection_pull) -> 7dbb1ab8-4f83-4093-aad5-e19c29b0648c v1 POST /startReplicator to http://localhost:5173
2026-08-27 13:10:46,916 [WARNING]: Server did not set a response version, using request version...
2026-08-27 13:10:46,916 [DEBUG]: Received <- 7dd3ec51-7529-4b2d-a7f9-01b1fa5a3698 POST /startReplicator 200 from http://localhost:5173
2026-08-27 13:10:46,916 [INFO]: Moving to step 4:
2026-08-27 13:10:46,916 [INFO]: 	Wait until the replicator is stopped.
2026-08-27 13:10:46,916 [DEBUG]: Sending (test_default_collection_pull) -> 7dbb1ab8-4f83-4093-aad5-e19c29b0648c v1 POST /getReplicatorStatus to http://localhost:5173
2026-08-27 13:10:46,918 [WARNING]: Server did not set a response version, using request version...
2026-08-27 13:10:46,918 [DEBUG]: Received <- 7dd3ec51-7529-4b2d-a7f9-01b1fa5a3698 POST /getReplicatorStatus 200 from http://localhost:5173
2026-08-27 13:10:47,920 [DEBUG]: Sending (test_default_collection_pull) -> 7dbb1ab8-4f83-4093-aad5-e19c29b0648c v1 POST /getReplicatorStatus to http://localhost:5173
2026-08-27 13:10:47,921 [WARNING]: Server did not set a response version, using request version...
2026-08-27 13:10:47,922 [DEBUG]: Received <- 7dd3ec51-7529-4b2d-a7f9-01b1fa5a3698 POST /getReplicatorStatus 200 from http://localhost:5173
2026-08-27 13:10:47,922 [INFO]: Moving to step 5:
2026-08-27 13:10:47,922 [INFO]: 	Check that all docs are replicated correctly.
2026-08-27 13:10:47,923 [DEBUG]: Sending (test_default_collection_pull) -> 7dbb1ab8-4f83-4093-aad5-e19c29b0648c v1 POST /getAllDocuments to http://localhost:5173
2026-08-27 13:10:47,937 [WARNING]: Server did not set a response version, using request version...
2026-08-27 13:10:47,937 [DEBUG]: Received <- 7dd3ec51-7529-4b2d-a7f9-01b1fa5a3698 POST /getAllDocuments 200 from http://localhost:5173
2026-08-27 13:10:47,970 [DEBUG]: Sending (test_default_collection_pull) -> 7dbb1ab8-4f83-4093-aad5-e19c29b0648c v1 POST /reset to http://localhost:5173
2026-08-27 13:10:47,979 [WARNING]: Server did not set a response version, using request version...
2026-08-27 13:10:47,980 [DEBUG]: Received <- 7dd3ec51-7529-4b2d-a7f9-01b1fa5a3698 POST /reset 200 from http://localhost:5173
PASSED
tests/dev_e2e/test_basic_replication.py::TestBasicReplication::test_default_collection_push_and_pull 2026-08-27 13:10:47,982 [INFO]: 🧹 Couchbase Server and Sync Gateway cleanup started
2026-08-27 13:10:47,988 [DEBUG]: 🧹 SGW <cbltest.api.syncgateway.SyncGateway object at 0x11c7d7230>: found databases ['names'], deleting...
2026-08-27 13:10:48,039 [DEBUG]: 🧹 CBS <cbltest.api.couchbaseserver.CouchbaseServer object at 0x11c7d7620>: found buckets ['names'], deleting...
2026-08-27 13:10:48,647 [DEBUG]: 🧹 CBS <cbltest.api.couchbaseserver.CouchbaseServer object at 0x11c7d7620>: waiting for all buckets to be deleted...
2026-08-27 13:10:48,651 [INFO]: 🧹 Couchbase Server and Sync Gateway cleanup finished
2026-08-27 13:10:48,653 [INFO]: Starting test: test_default_collection_push_and_pull
2026-08-27 13:10:48,653 [INFO]: Moving to step 1:
2026-08-27 13:10:48,653 [INFO]: 	Reset SG and load `names` dataset.
2026-08-27 13:10:58,215 [INFO]: Moving to step 2:
2026-08-27 13:10:58,215 [INFO]: 	Reset local database, and load `names` dataset.
2026-08-27 13:10:58,215 [DEBUG]: Sending (test_default_collection_push_and_pull) -> 7dbb1ab8-4f83-4093-aad5-e19c29b0648c v1 POST /reset to http://localhost:5173
2026-08-27 13:10:58,265 [WARNING]: Server did not set a response version, using request version...
2026-08-27 13:10:58,265 [DEBUG]: Received <- 7dd3ec51-7529-4b2d-a7f9-01b1fa5a3698 POST /reset 200 from http://localhost:5173
2026-08-27 13:10:58,265 [INFO]: Moving to step 3:
2026-08-27 13:10:58,265 [INFO]: 	Start a replicator:
2026-08-27 13:10:58,266 [INFO]: 	* endpoint: `/names`
2026-08-27 13:10:58,266 [INFO]: 	* collections : `_default._default`
2026-08-27 13:10:58,266 [INFO]: 	* type: push-and-pull
2026-08-27 13:10:58,266 [INFO]: 	* continuous: false
2026-08-27 13:10:58,266 [DEBUG]: Sync Gateway instance not using TLS, returning empty tls_cert...
2026-08-27 13:10:58,266 [DEBUG]: Sending (test_default_collection_push_and_pull) -> 7dbb1ab8-4f83-4093-aad5-e19c29b0648c v1 POST /startReplicator to http://localhost:5173
2026-08-27 13:10:58,267 [WARNING]: Server did not set a response version, using request version...
2026-08-27 13:10:58,267 [DEBUG]: Received <- 7dd3ec51-7529-4b2d-a7f9-01b1fa5a3698 POST /startReplicator 200 from http://localhost:5173
2026-08-27 13:10:58,267 [INFO]: Moving to step 4:
2026-08-27 13:10:58,267 [INFO]: 	Wait until the replicator is stopped.
2026-08-27 13:10:58,267 [DEBUG]: Sending (test_default_collection_push_and_pull) -> 7dbb1ab8-4f83-4093-aad5-e19c29b0648c v1 POST /getReplicatorStatus to http://localhost:5173
2026-08-27 13:10:58,268 [WARNING]: Server did not set a response version, using request version...
2026-08-27 13:10:58,268 [DEBUG]: Received <- 7dd3ec51-7529-4b2d-a7f9-01b1fa5a3698 POST /getReplicatorStatus 200 from http://localhost:5173
2026-08-27 13:10:59,270 [DEBUG]: Sending (test_default_collection_push_and_pull) -> 7dbb1ab8-4f83-4093-aad5-e19c29b0648c v1 POST /getReplicatorStatus to http://localhost:5173
2026-08-27 13:10:59,271 [WARNING]: Server did not set a response version, using request version...
2026-08-27 13:10:59,271 [DEBUG]: Received <- 7dd3ec51-7529-4b2d-a7f9-01b1fa5a3698 POST /getReplicatorStatus 200 from http://localhost:5173
2026-08-27 13:10:59,272 [INFO]: Moving to step 5:
2026-08-27 13:10:59,272 [INFO]: 	Check that all docs are replicated correctly.
2026-08-27 13:10:59,272 [DEBUG]: Sending (test_default_collection_push_and_pull) -> 7dbb1ab8-4f83-4093-aad5-e19c29b0648c v1 POST /getAllDocuments to http://localhost:5173
2026-08-27 13:10:59,290 [WARNING]: Server did not set a response version, using request version...
2026-08-27 13:10:59,291 [DEBUG]: Received <- 7dd3ec51-7529-4b2d-a7f9-01b1fa5a3698 POST /getAllDocuments 200 from http://localhost:5173
2026-08-27 13:10:59,322 [DEBUG]: Sending (test_default_collection_push_and_pull) -> 7dbb1ab8-4f83-4093-aad5-e19c29b0648c v1 POST /reset to http://localhost:5173
2026-08-27 13:10:59,330 [WARNING]: Server did not set a response version, using request version...
2026-08-27 13:10:59,331 [DEBUG]: Received <- 7dd3ec51-7529-4b2d-a7f9-01b1fa5a3698 POST /reset 200 from http://localhost:5173
PASSED
tests/dev_e2e/test_basic_replication.py::TestBasicReplication::test_reset_checkpoint_push 2026-08-27 13:10:59,332 [INFO]: 🧹 Couchbase Server and Sync Gateway cleanup started
2026-08-27 13:10:59,336 [DEBUG]: 🧹 SGW <cbltest.api.syncgateway.SyncGateway object at 0x11c7d7230>: found databases ['names'], deleting...
2026-08-27 13:10:59,387 [DEBUG]: 🧹 CBS <cbltest.api.couchbaseserver.CouchbaseServer object at 0x11c7d7620>: found buckets ['names'], deleting...
2026-08-27 13:11:00,330 [DEBUG]: 🧹 CBS <cbltest.api.couchbaseserver.CouchbaseServer object at 0x11c7d7620>: waiting for all buckets to be deleted...
2026-08-27 13:11:00,338 [INFO]: 🧹 Couchbase Server and Sync Gateway cleanup finished
2026-08-27 13:11:00,339 [INFO]: Starting test: test_reset_checkpoint_push
2026-08-27 13:11:00,339 [INFO]: Moving to step 1:
2026-08-27 13:11:00,339 [INFO]: 	Reset SG and load `travel` dataset.
2026-08-27 13:11:47,621 [INFO]: Moving to step 2:
2026-08-27 13:11:47,625 [INFO]: 	Reset local database, and load `travel` dataset.
2026-08-27 13:11:47,625 [DEBUG]: Sending (test_reset_checkpoint_push) -> 7dbb1ab8-4f83-4093-aad5-e19c29b0648c v1 POST /reset to http://localhost:5173
2026-08-27 13:11:50,050 [WARNING]: Server did not set a response version, using request version...
2026-08-27 13:11:50,050 [DEBUG]: Received <- 7dd3ec51-7529-4b2d-a7f9-01b1fa5a3698 POST /reset 200 from http://localhost:5173
2026-08-27 13:11:50,050 [INFO]: Moving to step 3:
2026-08-27 13:11:50,050 [INFO]: 	Start a replicator:
2026-08-27 13:11:50,050 [INFO]: 	* endpoint: `/travel`
2026-08-27 13:11:50,050 [INFO]: 	* collections : `travel.airlines`
2026-08-27 13:11:50,050 [INFO]: 	* type: push
2026-08-27 13:11:50,050 [INFO]: 	* continuous: false
2026-08-27 13:11:50,050 [INFO]: 	* credentials: user1/pass
2026-08-27 13:11:50,050 [DEBUG]: Sync Gateway instance not using TLS, returning empty tls_cert...
2026-08-27 13:11:50,050 [DEBUG]: Sending (test_reset_checkpoint_push) -> 7dbb1ab8-4f83-4093-aad5-e19c29b0648c v1 POST /startReplicator to http://localhost:5173
2026-08-27 13:11:50,052 [WARNING]: Server did not set a response version, using request version...
2026-08-27 13:11:50,052 [DEBUG]: Received <- 7dd3ec51-7529-4b2d-a7f9-01b1fa5a3698 POST /startReplicator 200 from http://localhost:5173
2026-08-27 13:11:50,052 [INFO]: Moving to step 4:
2026-08-27 13:11:50,052 [INFO]: 	Wait until the replicator is stopped.
2026-08-27 13:11:50,052 [DEBUG]: Sending (test_reset_checkpoint_push) -> 7dbb1ab8-4f83-4093-aad5-e19c29b0648c v1 POST /getReplicatorStatus to http://localhost:5173
2026-08-27 13:11:50,054 [WARNING]: Server did not set a response version, using request version...
2026-08-27 13:11:50,054 [DEBUG]: Received <- 7dd3ec51-7529-4b2d-a7f9-01b1fa5a3698 POST /getReplicatorStatus 200 from http://localhost:5173
2026-08-27 13:11:51,055 [DEBUG]: Sending (test_reset_checkpoint_push) -> 7dbb1ab8-4f83-4093-aad5-e19c29b0648c v1 POST /getReplicatorStatus to http://localhost:5173
2026-08-27 13:11:51,059 [WARNING]: Server did not set a response version, using request version...
2026-08-27 13:11:51,059 [DEBUG]: Received <- 7dd3ec51-7529-4b2d-a7f9-01b1fa5a3698 POST /getReplicatorStatus 200 from http://localhost:5173
2026-08-27 13:11:51,059 [INFO]: Moving to step 5:
2026-08-27 13:11:51,059 [INFO]: 	Check that all docs are replicated correctly.
2026-08-27 13:11:51,059 [DEBUG]: Sending (test_reset_checkpoint_push) -> 7dbb1ab8-4f83-4093-aad5-e19c29b0648c v1 POST /getAllDocuments to http://localhost:5173
2026-08-27 13:11:51,067 [WARNING]: Server did not set a response version, using request version...
2026-08-27 13:11:51,067 [DEBUG]: Received <- 7dd3ec51-7529-4b2d-a7f9-01b1fa5a3698 POST /getAllDocuments 200 from http://localhost:5173
2026-08-27 13:11:51,091 [INFO]: Moving to step 6:
2026-08-27 13:11:51,091 [INFO]: 	Purge an airline doc from `travel.airlines` on SG.
2026-08-27 13:11:51,095 [INFO]: Moving to step 7:
2026-08-27 13:11:51,095 [INFO]: 	Start the replicator with the same config as the step 3.
2026-08-27 13:11:51,095 [DEBUG]: Sending (test_reset_checkpoint_push) -> 7dbb1ab8-4f83-4093-aad5-e19c29b0648c v1 POST /startReplicator to http://localhost:5173
2026-08-27 13:11:51,096 [WARNING]: Server did not set a response version, using request version...
2026-08-27 13:11:51,096 [DEBUG]: Received <- 7dd3ec51-7529-4b2d-a7f9-01b1fa5a3698 POST /startReplicator 200 from http://localhost:5173
2026-08-27 13:11:51,096 [INFO]: Moving to step 8:
2026-08-27 13:11:51,096 [INFO]: 	Wait until the replicator is stopped.
2026-08-27 13:11:51,097 [DEBUG]: Sending (test_reset_checkpoint_push) -> 7dbb1ab8-4f83-4093-aad5-e19c29b0648c v1 POST /getReplicatorStatus to http://localhost:5173
2026-08-27 13:11:51,098 [WARNING]: Server did not set a response version, using request version...
2026-08-27 13:11:51,098 [DEBUG]: Received <- 7dd3ec51-7529-4b2d-a7f9-01b1fa5a3698 POST /getReplicatorStatus 200 from http://localhost:5173
2026-08-27 13:11:52,100 [DEBUG]: Sending (test_reset_checkpoint_push) -> 7dbb1ab8-4f83-4093-aad5-e19c29b0648c v1 POST /getReplicatorStatus to http://localhost:5173
2026-08-27 13:11:52,101 [WARNING]: Server did not set a response version, using request version...
2026-08-27 13:11:52,101 [DEBUG]: Received <- 7dd3ec51-7529-4b2d-a7f9-01b1fa5a3698 POST /getReplicatorStatus 200 from http://localhost:5173
2026-08-27 13:11:52,102 [INFO]: Moving to step 9:
2026-08-27 13:11:52,102 [INFO]: 	Check that the purged airline doc doesn't exist on SG.
2026-08-27 13:11:52,117 [INFO]: Moving to step 10:
2026-08-27 13:11:52,117 [INFO]: 	Start the replicator with the same config as the step 3 BUT with `reset checkpoint set to true`.
2026-08-27 13:11:52,117 [DEBUG]: Sync Gateway instance not using TLS, returning empty tls_cert...
2026-08-27 13:11:52,118 [DEBUG]: Sending (test_reset_checkpoint_push) -> 7dbb1ab8-4f83-4093-aad5-e19c29b0648c v1 POST /startReplicator to http://localhost:5173
2026-08-27 13:11:52,122 [WARNING]: Server did not set a response version, using request version...
2026-08-27 13:11:52,122 [DEBUG]: Received <- 7dd3ec51-7529-4b2d-a7f9-01b1fa5a3698 POST /startReplicator 200 from http://localhost:5173
2026-08-27 13:11:52,122 [INFO]: Moving to step 11:
2026-08-27 13:11:52,122 [INFO]: 	Wait until the replicator is stopped.
2026-08-27 13:11:52,122 [DEBUG]: Sending (test_reset_checkpoint_push) -> 7dbb1ab8-4f83-4093-aad5-e19c29b0648c v1 POST /getReplicatorStatus to http://localhost:5173
2026-08-27 13:11:52,127 [WARNING]: Server did not set a response version, using request version...
2026-08-27 13:11:52,127 [DEBUG]: Received <- 7dd3ec51-7529-4b2d-a7f9-01b1fa5a3698 POST /getReplicatorStatus 200 from http://localhost:5173
2026-08-27 13:11:53,128 [DEBUG]: Sending (test_reset_checkpoint_push) -> 7dbb1ab8-4f83-4093-aad5-e19c29b0648c v1 POST /getReplicatorStatus to http://localhost:5173
2026-08-27 13:11:53,130 [WARNING]: Server did not set a response version, using request version...
2026-08-27 13:11:53,130 [DEBUG]: Received <- 7dd3ec51-7529-4b2d-a7f9-01b1fa5a3698 POST /getReplicatorStatus 200 from http://localhost:5173
2026-08-27 13:11:53,130 [INFO]: Moving to step 12:
2026-08-27 13:11:53,130 [INFO]: 	Check that there were no docs pushed.
2026-08-27 13:11:53,130 [INFO]: Moving to step 13:
2026-08-27 13:11:53,130 [INFO]: 	Check that the purged airline doc was not pushed back to SG
2026-08-27 13:11:53,130 [DEBUG]: Sending (test_reset_checkpoint_push) -> 7dbb1ab8-4f83-4093-aad5-e19c29b0648c v1 POST /reset to http://localhost:5173
2026-08-27 13:11:53,141 [WARNING]: Server did not set a response version, using request version...
2026-08-27 13:11:53,141 [DEBUG]: Received <- 7dd3ec51-7529-4b2d-a7f9-01b1fa5a3698 POST /reset 200 from http://localhost:5173
PASSED
tests/dev_e2e/test_basic_replication.py::TestBasicReplication::test_reset_checkpoint_pull 2026-08-27 13:11:53,142 [INFO]: 🧹 Couchbase Server and Sync Gateway cleanup started
2026-08-27 13:11:53,147 [DEBUG]: 🧹 SGW <cbltest.api.syncgateway.SyncGateway object at 0x11c7d7230>: found databases ['travel'], deleting...
2026-08-27 13:11:53,224 [DEBUG]: 🧹 CBS <cbltest.api.couchbaseserver.CouchbaseServer object at 0x11c7d7620>: found buckets ['travel'], deleting...
2026-08-27 13:11:53,938 [DEBUG]: 🧹 CBS <cbltest.api.couchbaseserver.CouchbaseServer object at 0x11c7d7620>: waiting for all buckets to be deleted...
2026-08-27 13:11:53,944 [INFO]: 🧹 Couchbase Server and Sync Gateway cleanup finished
2026-08-27 13:11:53,945 [INFO]: Starting test: test_reset_checkpoint_pull
2026-08-27 13:11:53,945 [INFO]: Moving to step 1:
2026-08-27 13:11:53,945 [INFO]: 	Reset SG and load `travel` dataset.
2026-08-27 13:12:41,274 [INFO]: Moving to step 2:
2026-08-27 13:12:41,276 [INFO]: 	Reset local database, and load `travel` dataset.
2026-08-27 13:12:41,277 [DEBUG]: Sending (test_reset_checkpoint_pull) -> 7dbb1ab8-4f83-4093-aad5-e19c29b0648c v1 POST /reset to http://localhost:5173
2026-08-27 13:12:43,706 [WARNING]: Server did not set a response version, using request version...
2026-08-27 13:12:43,706 [DEBUG]: Received <- 7dd3ec51-7529-4b2d-a7f9-01b1fa5a3698 POST /reset 200 from http://localhost:5173
2026-08-27 13:12:43,706 [INFO]: Moving to step 3:
2026-08-27 13:12:43,706 [INFO]: 	Start a replicator:
2026-08-27 13:12:43,706 [INFO]: 	* endpoint: `/travel`
2026-08-27 13:12:43,706 [INFO]: 	* collections : `travel.airports`
2026-08-27 13:12:43,706 [INFO]: 	* type: pull
2026-08-27 13:12:43,706 [INFO]: 	* continuous: false
2026-08-27 13:12:43,706 [INFO]: 	* credentials: user1/pass
2026-08-27 13:12:43,706 [DEBUG]: Sync Gateway instance not using TLS, returning empty tls_cert...
2026-08-27 13:12:43,706 [DEBUG]: Sending (test_reset_checkpoint_pull) -> 7dbb1ab8-4f83-4093-aad5-e19c29b0648c v1 POST /startReplicator to http://localhost:5173
2026-08-27 13:12:43,708 [WARNING]: Server did not set a response version, using request version...
2026-08-27 13:12:43,708 [DEBUG]: Received <- 7dd3ec51-7529-4b2d-a7f9-01b1fa5a3698 POST /startReplicator 200 from http://localhost:5173
2026-08-27 13:12:43,708 [INFO]: Moving to step 4:
2026-08-27 13:12:43,708 [INFO]: 	Wait until the replicator is stopped.
2026-08-27 13:12:43,708 [DEBUG]: Sending (test_reset_checkpoint_pull) -> 7dbb1ab8-4f83-4093-aad5-e19c29b0648c v1 POST /getReplicatorStatus to http://localhost:5173
2026-08-27 13:12:43,709 [WARNING]: Server did not set a response version, using request version...
2026-08-27 13:12:43,709 [DEBUG]: Received <- 7dd3ec51-7529-4b2d-a7f9-01b1fa5a3698 POST /getReplicatorStatus 200 from http://localhost:5173
2026-08-27 13:12:44,710 [DEBUG]: Sending (test_reset_checkpoint_pull) -> 7dbb1ab8-4f83-4093-aad5-e19c29b0648c v1 POST /getReplicatorStatus to http://localhost:5173
2026-08-27 13:12:44,712 [WARNING]: Server did not set a response version, using request version...
2026-08-27 13:12:44,712 [DEBUG]: Received <- 7dd3ec51-7529-4b2d-a7f9-01b1fa5a3698 POST /getReplicatorStatus 200 from http://localhost:5173
2026-08-27 13:12:44,712 [INFO]: Moving to step 5:
2026-08-27 13:12:44,712 [INFO]: 	Check that all docs are replicated correctly.
2026-08-27 13:12:44,712 [DEBUG]: Sending (test_reset_checkpoint_pull) -> 7dbb1ab8-4f83-4093-aad5-e19c29b0648c v1 POST /getAllDocuments to http://localhost:5173
2026-08-27 13:12:44,729 [WARNING]: Server did not set a response version, using request version...
2026-08-27 13:12:44,729 [DEBUG]: Received <- 7dd3ec51-7529-4b2d-a7f9-01b1fa5a3698 POST /getAllDocuments 200 from http://localhost:5173
2026-08-27 13:12:44,755 [INFO]: Moving to step 6:
2026-08-27 13:12:44,755 [INFO]: 	Purge an airport doc from `travel.airports` in the local database.
2026-08-27 13:12:44,755 [DEBUG]: Sending (test_reset_checkpoint_pull) -> 7dbb1ab8-4f83-4093-aad5-e19c29b0648c v1 POST /updateDatabase to http://localhost:5173
2026-08-27 13:12:44,760 [WARNING]: Server did not set a response version, using request version...
2026-08-27 13:12:44,760 [DEBUG]: Received <- 7dd3ec51-7529-4b2d-a7f9-01b1fa5a3698 POST /updateDatabase 200 from http://localhost:5173
2026-08-27 13:12:44,761 [INFO]: Moving to step 7:
2026-08-27 13:12:44,761 [INFO]: 	Start the replicator with the same config as the step 3.
2026-08-27 13:12:44,761 [DEBUG]: Sending (test_reset_checkpoint_pull) -> 7dbb1ab8-4f83-4093-aad5-e19c29b0648c v1 POST /startReplicator to http://localhost:5173
2026-08-27 13:12:44,762 [WARNING]: Server did not set a response version, using request version...
2026-08-27 13:12:44,762 [DEBUG]: Received <- 7dd3ec51-7529-4b2d-a7f9-01b1fa5a3698 POST /startReplicator 200 from http://localhost:5173
2026-08-27 13:12:44,762 [INFO]: Moving to step 8:
2026-08-27 13:12:44,762 [INFO]: 	Wait until the replicator is stopped.
2026-08-27 13:12:44,762 [DEBUG]: Sending (test_reset_checkpoint_pull) -> 7dbb1ab8-4f83-4093-aad5-e19c29b0648c v1 POST /getReplicatorStatus to http://localhost:5173
2026-08-27 13:12:44,763 [WARNING]: Server did not set a response version, using request version...
2026-08-27 13:12:44,764 [DEBUG]: Received <- 7dd3ec51-7529-4b2d-a7f9-01b1fa5a3698 POST /getReplicatorStatus 200 from http://localhost:5173
2026-08-27 13:12:45,765 [DEBUG]: Sending (test_reset_checkpoint_pull) -> 7dbb1ab8-4f83-4093-aad5-e19c29b0648c v1 POST /getReplicatorStatus to http://localhost:5173
2026-08-27 13:12:45,766 [WARNING]: Server did not set a response version, using request version...
2026-08-27 13:12:45,766 [DEBUG]: Received <- 7dd3ec51-7529-4b2d-a7f9-01b1fa5a3698 POST /getReplicatorStatus 200 from http://localhost:5173
2026-08-27 13:12:45,766 [INFO]: Moving to step 9:
2026-08-27 13:12:45,766 [INFO]: 	Check that the purged airport doc doesn't exist in CBL database.
2026-08-27 13:12:45,767 [DEBUG]: Sending (test_reset_checkpoint_pull) -> 7dbb1ab8-4f83-4093-aad5-e19c29b0648c v1 POST /getAllDocuments to http://localhost:5173
2026-08-27 13:12:45,778 [WARNING]: Server did not set a response version, using request version...
2026-08-27 13:12:45,778 [DEBUG]: Received <- 7dd3ec51-7529-4b2d-a7f9-01b1fa5a3698 POST /getAllDocuments 200 from http://localhost:5173
2026-08-27 13:12:45,778 [INFO]: Moving to step 10:
2026-08-27 13:12:45,779 [INFO]: 	Start the replicator with the same config as the step 3 BUT with `reset checkpoint set to true`.
2026-08-27 13:12:45,779 [DEBUG]: Sync Gateway instance not using TLS, returning empty tls_cert...
2026-08-27 13:12:45,779 [DEBUG]: Sending (test_reset_checkpoint_pull) -> 7dbb1ab8-4f83-4093-aad5-e19c29b0648c v1 POST /startReplicator to http://localhost:5173
2026-08-27 13:12:45,780 [WARNING]: Server did not set a response version, using request version...
2026-08-27 13:12:45,780 [DEBUG]: Received <- 7dd3ec51-7529-4b2d-a7f9-01b1fa5a3698 POST /startReplicator 200 from http://localhost:5173
2026-08-27 13:12:45,780 [INFO]: Moving to step 11:
2026-08-27 13:12:45,780 [INFO]: 	Wait until the replicator is stopped.
2026-08-27 13:12:45,780 [DEBUG]: Sending (test_reset_checkpoint_pull) -> 7dbb1ab8-4f83-4093-aad5-e19c29b0648c v1 POST /getReplicatorStatus to http://localhost:5173
2026-08-27 13:12:45,783 [WARNING]: Server did not set a response version, using request version...
2026-08-27 13:12:45,783 [DEBUG]: Received <- 7dd3ec51-7529-4b2d-a7f9-01b1fa5a3698 POST /getReplicatorStatus 200 from http://localhost:5173
2026-08-27 13:12:46,785 [DEBUG]: Sending (test_reset_checkpoint_pull) -> 7dbb1ab8-4f83-4093-aad5-e19c29b0648c v1 POST /getReplicatorStatus to http://localhost:5173
2026-08-27 13:12:46,787 [WARNING]: Server did not set a response version, using request version...
2026-08-27 13:12:46,787 [DEBUG]: Received <- 7dd3ec51-7529-4b2d-a7f9-01b1fa5a3698 POST /getReplicatorStatus 200 from http://localhost:5173
2026-08-27 13:12:46,788 [INFO]: Moving to step 12:
2026-08-27 13:12:46,788 [INFO]: 	Check that there was only one doc pulled.
2026-08-27 13:12:46,788 [INFO]: Moving to step 13:
2026-08-27 13:12:46,788 [INFO]: 	Check that the purged airport doc is pulled back in CBL database.
2026-08-27 13:12:46,788 [DEBUG]: Sending (test_reset_checkpoint_pull) -> 7dbb1ab8-4f83-4093-aad5-e19c29b0648c v1 POST /getAllDocuments to http://localhost:5173
2026-08-27 13:12:46,806 [WARNING]: Server did not set a response version, using request version...
2026-08-27 13:12:46,807 [DEBUG]: Received <- 7dd3ec51-7529-4b2d-a7f9-01b1fa5a3698 POST /getAllDocuments 200 from http://localhost:5173
2026-08-27 13:12:46,808 [DEBUG]: Sending (test_reset_checkpoint_pull) -> 7dbb1ab8-4f83-4093-aad5-e19c29b0648c v1 POST /reset to http://localhost:5173
2026-08-27 13:12:46,818 [WARNING]: Server did not set a response version, using request version...
2026-08-27 13:12:46,818 [DEBUG]: Received <- 7dd3ec51-7529-4b2d-a7f9-01b1fa5a3698 POST /reset 200 from http://localhost:5173
PASSED
tests/dev_e2e/test_custom_conflict.py::TestCustomConflict::test_push_pull_resolved_doc 2026-08-27 13:12:46,819 [INFO]: 🧹 Couchbase Server and Sync Gateway cleanup started
2026-08-27 13:12:46,825 [DEBUG]: 🧹 SGW <cbltest.api.syncgateway.SyncGateway object at 0x11c7d7230>: found databases ['travel'], deleting...
2026-08-27 13:12:46,909 [DEBUG]: 🧹 CBS <cbltest.api.couchbaseserver.CouchbaseServer object at 0x11c7d7620>: found buckets ['travel'], deleting...
2026-08-27 13:12:47,497 [DEBUG]: 🧹 CBS <cbltest.api.couchbaseserver.CouchbaseServer object at 0x11c7d7620>: waiting for all buckets to be deleted...
2026-08-27 13:12:47,501 [INFO]: 🧹 Couchbase Server and Sync Gateway cleanup finished
2026-08-27 13:12:47,501 [INFO]: Starting test: test_push_pull_resolved_doc
2026-08-27 13:12:47,502 [INFO]: Moving to step 1:
2026-08-27 13:12:47,502 [INFO]: 	Reset SG and load `names` dataset
2026-08-27 13:12:54,763 [INFO]: Moving to step 2:
2026-08-27 13:12:54,763 [INFO]: 	Reset empty local database
2026-08-27 13:12:54,763 [DEBUG]: Sending (test_push_pull_resolved_doc) -> 7dbb1ab8-4f83-4093-aad5-e19c29b0648c v1 POST /reset to http://localhost:5173
2026-08-27 13:12:54,777 [WARNING]: Server did not set a response version, using request version...
2026-08-27 13:12:54,778 [DEBUG]: Received <- 7dd3ec51-7529-4b2d-a7f9-01b1fa5a3698 POST /reset 200 from http://localhost:5173
2026-08-27 13:12:54,778 [INFO]: Moving to step 3:
2026-08-27 13:12:54,778 [INFO]: 	Start a replicator:
2026-08-27 13:12:54,778 [INFO]: 	* endpoint: `/names`
2026-08-27 13:12:54,778 [INFO]: 	* collections : `_default._default`
2026-08-27 13:12:54,778 [INFO]: 	* type: pull
2026-08-27 13:12:54,778 [INFO]: 	* continuous: false
2026-08-27 13:12:54,778 [INFO]: 	* credentials: user1/pass
2026-08-27 13:12:54,778 [DEBUG]: Sync Gateway instance not using TLS, returning empty tls_cert...
2026-08-27 13:12:54,778 [DEBUG]: Sending (test_push_pull_resolved_doc) -> 7dbb1ab8-4f83-4093-aad5-e19c29b0648c v1 POST /startReplicator to http://localhost:5173
2026-08-27 13:12:54,779 [WARNING]: Server did not set a response version, using request version...
2026-08-27 13:12:54,779 [DEBUG]: Received <- 7dd3ec51-7529-4b2d-a7f9-01b1fa5a3698 POST /startReplicator 200 from http://localhost:5173
2026-08-27 13:12:54,780 [INFO]: Moving to step 4:
2026-08-27 13:12:54,780 [INFO]: 	Wait until the replicator is stopped
2026-08-27 13:12:54,782 [DEBUG]: Sending (test_push_pull_resolved_doc) -> 7dbb1ab8-4f83-4093-aad5-e19c29b0648c v1 POST /getReplicatorStatus to http://localhost:5173
2026-08-27 13:12:54,782 [WARNING]: Server did not set a response version, using request version...
2026-08-27 13:12:54,782 [DEBUG]: Received <- 7dd3ec51-7529-4b2d-a7f9-01b1fa5a3698 POST /getReplicatorStatus 200 from http://localhost:5173
2026-08-27 13:12:55,783 [DEBUG]: Sending (test_push_pull_resolved_doc) -> 7dbb1ab8-4f83-4093-aad5-e19c29b0648c v1 POST /getReplicatorStatus to http://localhost:5173
2026-08-27 13:12:55,785 [WARNING]: Server did not set a response version, using request version...
2026-08-27 13:12:55,785 [DEBUG]: Received <- 7dd3ec51-7529-4b2d-a7f9-01b1fa5a3698 POST /getReplicatorStatus 200 from http://localhost:5173
2026-08-27 13:12:55,785 [INFO]: Moving to step 5:
2026-08-27 13:12:55,785 [INFO]: 	Check that all docs are replicated correctly.
2026-08-27 13:12:55,785 [DEBUG]: Sending (test_push_pull_resolved_doc) -> 7dbb1ab8-4f83-4093-aad5-e19c29b0648c v1 POST /getAllDocuments to http://localhost:5173
2026-08-27 13:12:55,793 [WARNING]: Server did not set a response version, using request version...
2026-08-27 13:12:55,793 [DEBUG]: Received <- 7dd3ec51-7529-4b2d-a7f9-01b1fa5a3698 POST /getAllDocuments 200 from http://localhost:5173
2026-08-27 13:12:55,808 [DEBUG]: Sending (test_push_pull_resolved_doc) -> 7dbb1ab8-4f83-4093-aad5-e19c29b0648c v1 POST /snapshotDocuments to http://localhost:5173
2026-08-27 13:12:55,811 [WARNING]: Server did not set a response version, using request version...
2026-08-27 13:12:55,811 [DEBUG]: Received <- 7dd3ec51-7529-4b2d-a7f9-01b1fa5a3698 POST /snapshotDocuments 200 from http://localhost:5173
2026-08-27 13:12:55,811 [INFO]: Moving to step 6:
2026-08-27 13:12:55,811 [INFO]: 	Modify each of name_101, name_102, and name_103 locally to have `name.last` = 'Smith'
2026-08-27 13:12:55,811 [DEBUG]: Sending (test_push_pull_resolved_doc) -> 7dbb1ab8-4f83-4093-aad5-e19c29b0648c v1 POST /updateDatabase to http://localhost:5173
2026-08-27 13:12:55,828 [WARNING]: Server did not set a response version, using request version...
2026-08-27 13:12:55,828 [DEBUG]: Received <- 7dd3ec51-7529-4b2d-a7f9-01b1fa5a3698 POST /updateDatabase 200 from http://localhost:5173
2026-08-27 13:12:55,828 [INFO]: Moving to step 7:
2026-08-27 13:12:55,828 [INFO]: 	Modify each of name_101, name_102, and name_103 remotely to have `name.last` = 'Jones'
2026-08-27 13:12:55,842 [INFO]: For document name_101: Swapping revid from 1-081ac1c1a7eae0b22e8d7006e1f09f24 to 1-081ac1c1a7eae0b22e8d7006e1f09f24
2026-08-27 13:12:55,842 [INFO]: For document name_102: Swapping revid from 1-ecf34dc1dc4dbb1cdb526fee1e640ead to 1-ecf34dc1dc4dbb1cdb526fee1e640ead
2026-08-27 13:12:55,842 [INFO]: For document name_103: Swapping revid from 1-c88079f148982f30eecba419c95f1f44 to 1-c88079f148982f30eecba419c95f1f44
2026-08-27 13:12:55,847 [INFO]: Moving to step 8:
2026-08-27 13:12:55,847 [INFO]: 	Start a replicator:
2026-08-27 13:12:55,847 [INFO]: 	* endpoint: `/names`
2026-08-27 13:12:55,848 [INFO]: 	* collections : `_default._default`
2026-08-27 13:12:55,848 [INFO]: 	* type: pull
2026-08-27 13:12:55,848 [INFO]: 	* continuous: false
2026-08-27 13:12:55,848 [INFO]: 	* credentials: user1/pass
2026-08-27 13:12:55,848 [INFO]: 	* conflictResolver: 'local-wins'
2026-08-27 13:12:55,848 [DEBUG]: Sync Gateway instance not using TLS, returning empty tls_cert...
2026-08-27 13:12:55,848 [DEBUG]: Sending (test_push_pull_resolved_doc) -> 7dbb1ab8-4f83-4093-aad5-e19c29b0648c v1 POST /startReplicator to http://localhost:5173
2026-08-27 13:12:55,850 [WARNING]: Server did not set a response version, using request version...
2026-08-27 13:12:55,850 [DEBUG]: Received <- 7dd3ec51-7529-4b2d-a7f9-01b1fa5a3698 POST /startReplicator 200 from http://localhost:5173
2026-08-27 13:12:55,850 [INFO]: Moving to step 9:
2026-08-27 13:12:55,850 [INFO]: 	Wait until the replicator is stopped
2026-08-27 13:12:55,851 [DEBUG]: Sending (test_push_pull_resolved_doc) -> 7dbb1ab8-4f83-4093-aad5-e19c29b0648c v1 POST /getReplicatorStatus to http://localhost:5173
2026-08-27 13:12:55,852 [WARNING]: Server did not set a response version, using request version...
2026-08-27 13:12:55,852 [DEBUG]: Received <- 7dd3ec51-7529-4b2d-a7f9-01b1fa5a3698 POST /getReplicatorStatus 200 from http://localhost:5173
2026-08-27 13:12:56,854 [DEBUG]: Sending (test_push_pull_resolved_doc) -> 7dbb1ab8-4f83-4093-aad5-e19c29b0648c v1 POST /getReplicatorStatus to http://localhost:5173
2026-08-27 13:12:56,856 [WARNING]: Server did not set a response version, using request version...
2026-08-27 13:12:56,856 [DEBUG]: Received <- 7dd3ec51-7529-4b2d-a7f9-01b1fa5a3698 POST /getReplicatorStatus 200 from http://localhost:5173
2026-08-27 13:12:56,857 [INFO]: Moving to step 10:
2026-08-27 13:12:56,858 [INFO]: 	Check that the name_101, name_102, and name_103 document `name.last` == 'Smith'
2026-08-27 13:12:56,858 [DEBUG]: Sending (test_push_pull_resolved_doc) -> 7dbb1ab8-4f83-4093-aad5-e19c29b0648c v1 POST /verifyDocuments to http://localhost:5173
2026-08-27 13:12:56,861 [WARNING]: Server did not set a response version, using request version...
2026-08-27 13:12:56,861 [DEBUG]: Received <- 7dd3ec51-7529-4b2d-a7f9-01b1fa5a3698 POST /verifyDocuments 200 from http://localhost:5173
2026-08-27 13:12:56,862 [INFO]: Moving to step 11:
2026-08-27 13:12:56,862 [INFO]: 	Start a replicator:
2026-08-27 13:12:56,862 [INFO]: 	* endpoint: `/names`
2026-08-27 13:12:56,862 [INFO]: 	* collections : `_default._default`
2026-08-27 13:12:56,862 [INFO]: 	* type: push
2026-08-27 13:12:56,862 [INFO]: 	* continuous: false
2026-08-27 13:12:56,862 [INFO]: 	* credentials: user1/pass
2026-08-27 13:12:56,862 [INFO]: 	* conflictResolver: 'local-wins'
2026-08-27 13:12:56,862 [DEBUG]: Sync Gateway instance not using TLS, returning empty tls_cert...
2026-08-27 13:12:56,862 [DEBUG]: Sending (test_push_pull_resolved_doc) -> 7dbb1ab8-4f83-4093-aad5-e19c29b0648c v1 POST /startReplicator to http://localhost:5173
2026-08-27 13:12:56,863 [WARNING]: Server did not set a response version, using request version...
2026-08-27 13:12:56,863 [DEBUG]: Received <- 7dd3ec51-7529-4b2d-a7f9-01b1fa5a3698 POST /startReplicator 200 from http://localhost:5173
2026-08-27 13:12:56,864 [INFO]: Moving to step 12:
2026-08-27 13:12:56,864 [INFO]: 	Wait until the replicator is stopped
2026-08-27 13:12:56,864 [DEBUG]: Sending (test_push_pull_resolved_doc) -> 7dbb1ab8-4f83-4093-aad5-e19c29b0648c v1 POST /getReplicatorStatus to http://localhost:5173
2026-08-27 13:12:56,867 [WARNING]: Server did not set a response version, using request version...
2026-08-27 13:12:56,867 [DEBUG]: Received <- 7dd3ec51-7529-4b2d-a7f9-01b1fa5a3698 POST /getReplicatorStatus 200 from http://localhost:5173
2026-08-27 13:12:57,872 [DEBUG]: Sending (test_push_pull_resolved_doc) -> 7dbb1ab8-4f83-4093-aad5-e19c29b0648c v1 POST /getReplicatorStatus to http://localhost:5173
2026-08-27 13:12:57,874 [WARNING]: Server did not set a response version, using request version...
2026-08-27 13:12:57,874 [DEBUG]: Received <- 7dd3ec51-7529-4b2d-a7f9-01b1fa5a3698 POST /getReplicatorStatus 200 from http://localhost:5173
2026-08-27 13:12:57,876 [INFO]: Moving to step 13:
2026-08-27 13:12:57,876 [INFO]: 	Check that all docs are replicated correctly.
2026-08-27 13:12:57,878 [DEBUG]: Sending (test_push_pull_resolved_doc) -> 7dbb1ab8-4f83-4093-aad5-e19c29b0648c v1 POST /getAllDocuments to http://localhost:5173
2026-08-27 13:12:57,883 [WARNING]: Server did not set a response version, using request version...
2026-08-27 13:12:57,883 [DEBUG]: Received <- 7dd3ec51-7529-4b2d-a7f9-01b1fa5a3698 POST /getAllDocuments 200 from http://localhost:5173
2026-08-27 13:12:57,905 [INFO]: Moving to step 14:
2026-08-27 13:12:57,905 [INFO]: 	Update name_101 document with `name.last` = 'Jackson' in SG
2026-08-27 13:12:57,913 [INFO]: For document name_101: Swapping revid from 3-ecabeac7e641ce9d23ad5076abb2fbd201d3cfd4 to 3-ecabeac7e641ce9d23ad5076abb2fbd201d3cfd4
2026-08-27 13:12:57,918 [INFO]: Moving to step 15:
2026-08-27 13:12:57,918 [INFO]: 	Update name_102 document with `name.last` = 'Johnson' and purge name_103 in CBL
2026-08-27 13:12:57,918 [DEBUG]: Sending (test_push_pull_resolved_doc) -> 7dbb1ab8-4f83-4093-aad5-e19c29b0648c v1 POST /updateDatabase to http://localhost:5173
2026-08-27 13:12:57,924 [WARNING]: Server did not set a response version, using request version...
2026-08-27 13:12:57,924 [DEBUG]: Received <- 7dd3ec51-7529-4b2d-a7f9-01b1fa5a3698 POST /updateDatabase 200 from http://localhost:5173
2026-08-27 13:12:57,924 [INFO]: Moving to step 16:
2026-08-27 13:12:57,924 [INFO]: 	Start a replicator:
2026-08-27 13:12:57,924 [INFO]: 	* endpoint: `/names`
2026-08-27 13:12:57,924 [INFO]: 	* collections : `_default._default`
2026-08-27 13:12:57,924 [INFO]: 	* type: push/pull
2026-08-27 13:12:57,924 [INFO]: 	* continuous: false
2026-08-27 13:12:57,925 [INFO]: 	* credentials: user1/pass
2026-08-27 13:12:57,925 [INFO]: 	* conflictResolver: 'local-wins'
2026-08-27 13:12:57,925 [INFO]: 	* reset: true
2026-08-27 13:12:57,925 [DEBUG]: Sync Gateway instance not using TLS, returning empty tls_cert...
2026-08-27 13:12:57,925 [DEBUG]: Sending (test_push_pull_resolved_doc) -> 7dbb1ab8-4f83-4093-aad5-e19c29b0648c v1 POST /startReplicator to http://localhost:5173
2026-08-27 13:12:57,926 [WARNING]: Server did not set a response version, using request version...
2026-08-27 13:12:57,926 [DEBUG]: Received <- 7dd3ec51-7529-4b2d-a7f9-01b1fa5a3698 POST /startReplicator 200 from http://localhost:5173
2026-08-27 13:12:57,926 [INFO]: Moving to step 17:
2026-08-27 13:12:57,926 [INFO]: 	Wait until the replicator is stopped
2026-08-27 13:12:57,927 [DEBUG]: Sending (test_push_pull_resolved_doc) -> 7dbb1ab8-4f83-4093-aad5-e19c29b0648c v1 POST /getReplicatorStatus to http://localhost:5173
2026-08-27 13:12:57,927 [WARNING]: Server did not set a response version, using request version...
2026-08-27 13:12:57,927 [DEBUG]: Received <- 7dd3ec51-7529-4b2d-a7f9-01b1fa5a3698 POST /getReplicatorStatus 200 from http://localhost:5173
2026-08-27 13:12:58,930 [DEBUG]: Sending (test_push_pull_resolved_doc) -> 7dbb1ab8-4f83-4093-aad5-e19c29b0648c v1 POST /getReplicatorStatus to http://localhost:5173
2026-08-27 13:12:58,932 [WARNING]: Server did not set a response version, using request version...
2026-08-27 13:12:58,932 [DEBUG]: Received <- 7dd3ec51-7529-4b2d-a7f9-01b1fa5a3698 POST /getReplicatorStatus 200 from http://localhost:5173
2026-08-27 13:12:58,933 [INFO]: Moving to step 18:
2026-08-27 13:12:58,933 [INFO]: 	Check that all docs are replicated correctly.
2026-08-27 13:12:58,933 [DEBUG]: Sending (test_push_pull_resolved_doc) -> 7dbb1ab8-4f83-4093-aad5-e19c29b0648c v1 POST /getAllDocuments to http://localhost:5173
2026-08-27 13:12:58,942 [WARNING]: Server did not set a response version, using request version...
2026-08-27 13:12:58,943 [DEBUG]: Received <- 7dd3ec51-7529-4b2d-a7f9-01b1fa5a3698 POST /getAllDocuments 200 from http://localhost:5173
PASSED
tests/dev_e2e/test_custom_conflict.py::TestCustomConflict::test_custom_conflict_remote_wins 2026-08-27 13:12:58,976 [INFO]: 🧹 Couchbase Server and Sync Gateway cleanup started
2026-08-27 13:12:58,980 [DEBUG]: 🧹 SGW <cbltest.api.syncgateway.SyncGateway object at 0x11c7d7230>: found databases ['names'], deleting...
2026-08-27 13:12:59,038 [DEBUG]: 🧹 CBS <cbltest.api.couchbaseserver.CouchbaseServer object at 0x11c7d7620>: found buckets ['names'], deleting...
2026-08-27 13:13:00,173 [DEBUG]: 🧹 CBS <cbltest.api.couchbaseserver.CouchbaseServer object at 0x11c7d7620>: waiting for all buckets to be deleted...
2026-08-27 13:13:00,176 [INFO]: 🧹 Couchbase Server and Sync Gateway cleanup finished
2026-08-27 13:13:00,176 [INFO]: Starting test: test_custom_conflict_remote_wins
2026-08-27 13:13:00,176 [INFO]: Moving to step 1:
2026-08-27 13:13:00,176 [INFO]: 	Reset SG and load `names` dataset
2026-08-27 13:13:09,151 [INFO]: Moving to step 2:
2026-08-27 13:13:09,151 [INFO]: 	Reset empty local database
2026-08-27 13:13:09,151 [DEBUG]: Sending (test_custom_conflict_remote_wins) -> 7dbb1ab8-4f83-4093-aad5-e19c29b0648c v1 POST /reset to http://localhost:5173
2026-08-27 13:13:09,197 [WARNING]: Server did not set a response version, using request version...
2026-08-27 13:13:09,198 [DEBUG]: Received <- 7dd3ec51-7529-4b2d-a7f9-01b1fa5a3698 POST /reset 200 from http://localhost:5173
2026-08-27 13:13:09,199 [INFO]: Moving to step 3:
2026-08-27 13:13:09,199 [INFO]: 	Start a replicator:
2026-08-27 13:13:09,200 [INFO]: 	* endpoint: `/names`
2026-08-27 13:13:09,200 [INFO]: 	* collections : `_default._default`
2026-08-27 13:13:09,200 [INFO]: 	* type: pull
2026-08-27 13:13:09,200 [INFO]: 	* continuous: false
2026-08-27 13:13:09,200 [INFO]: 	* credentials: user1/pass
2026-08-27 13:13:09,200 [DEBUG]: Sync Gateway instance not using TLS, returning empty tls_cert...
2026-08-27 13:13:09,201 [DEBUG]: Sending (test_custom_conflict_remote_wins) -> 7dbb1ab8-4f83-4093-aad5-e19c29b0648c v1 POST /startReplicator to http://localhost:5173
2026-08-27 13:13:09,202 [WARNING]: Server did not set a response version, using request version...
2026-08-27 13:13:09,202 [DEBUG]: Received <- 7dd3ec51-7529-4b2d-a7f9-01b1fa5a3698 POST /startReplicator 200 from http://localhost:5173
2026-08-27 13:13:09,202 [INFO]: Moving to step 4:
2026-08-27 13:13:09,202 [INFO]: 	Wait until the replicator is stopped
2026-08-27 13:13:09,203 [DEBUG]: Sending (test_custom_conflict_remote_wins) -> 7dbb1ab8-4f83-4093-aad5-e19c29b0648c v1 POST /getReplicatorStatus to http://localhost:5173
2026-08-27 13:13:09,203 [WARNING]: Server did not set a response version, using request version...
2026-08-27 13:13:09,204 [DEBUG]: Received <- 7dd3ec51-7529-4b2d-a7f9-01b1fa5a3698 POST /getReplicatorStatus 200 from http://localhost:5173
2026-08-27 13:13:10,206 [DEBUG]: Sending (test_custom_conflict_remote_wins) -> 7dbb1ab8-4f83-4093-aad5-e19c29b0648c v1 POST /getReplicatorStatus to http://localhost:5173
2026-08-27 13:13:10,209 [WARNING]: Server did not set a response version, using request version...
2026-08-27 13:13:10,210 [DEBUG]: Received <- 7dd3ec51-7529-4b2d-a7f9-01b1fa5a3698 POST /getReplicatorStatus 200 from http://localhost:5173
2026-08-27 13:13:10,210 [INFO]: Moving to step 5:
2026-08-27 13:13:10,210 [INFO]: 	Check that all docs are replicated correctly.
2026-08-27 13:13:10,211 [DEBUG]: Sending (test_custom_conflict_remote_wins) -> 7dbb1ab8-4f83-4093-aad5-e19c29b0648c v1 POST /getAllDocuments to http://localhost:5173
2026-08-27 13:13:10,226 [WARNING]: Server did not set a response version, using request version...
2026-08-27 13:13:10,227 [DEBUG]: Received <- 7dd3ec51-7529-4b2d-a7f9-01b1fa5a3698 POST /getAllDocuments 200 from http://localhost:5173
2026-08-27 13:13:10,243 [DEBUG]: Sending (test_custom_conflict_remote_wins) -> 7dbb1ab8-4f83-4093-aad5-e19c29b0648c v1 POST /snapshotDocuments to http://localhost:5173
2026-08-27 13:13:10,244 [WARNING]: Server did not set a response version, using request version...
2026-08-27 13:13:10,245 [DEBUG]: Received <- 7dd3ec51-7529-4b2d-a7f9-01b1fa5a3698 POST /snapshotDocuments 200 from http://localhost:5173
2026-08-27 13:13:10,245 [INFO]: Moving to step 6:
2026-08-27 13:13:10,245 [INFO]: 	Modify the local name_101 document `name.last` = 'Smith'
2026-08-27 13:13:10,245 [DEBUG]: Sending (test_custom_conflict_remote_wins) -> 7dbb1ab8-4f83-4093-aad5-e19c29b0648c v1 POST /updateDatabase to http://localhost:5173
2026-08-27 13:13:10,252 [WARNING]: Server did not set a response version, using request version...
2026-08-27 13:13:10,252 [DEBUG]: Received <- 7dd3ec51-7529-4b2d-a7f9-01b1fa5a3698 POST /updateDatabase 200 from http://localhost:5173
2026-08-27 13:13:10,253 [INFO]: Moving to step 7:
2026-08-27 13:13:10,253 [INFO]: 	Modify the remote name_101 document `name.last` = 'Jones'
2026-08-27 13:13:10,261 [INFO]: For document name_101: Swapping revid from 1-081ac1c1a7eae0b22e8d7006e1f09f24 to 1-081ac1c1a7eae0b22e8d7006e1f09f24
2026-08-27 13:13:10,265 [INFO]: Moving to step 8:
2026-08-27 13:13:10,265 [INFO]: 	Start a replicator:
2026-08-27 13:13:10,265 [INFO]: 	* endpoint: `/names`
2026-08-27 13:13:10,265 [INFO]: 	* collections : `_default._default`
2026-08-27 13:13:10,265 [INFO]: 	* type: pull
2026-08-27 13:13:10,265 [INFO]: 	* continuous: false
2026-08-27 13:13:10,265 [INFO]: 	* credentials: user1/pass
2026-08-27 13:13:10,265 [INFO]: 	* conflictResolver: 'remote-wins'
2026-08-27 13:13:10,265 [DEBUG]: Sync Gateway instance not using TLS, returning empty tls_cert...
2026-08-27 13:13:10,265 [DEBUG]: Sending (test_custom_conflict_remote_wins) -> 7dbb1ab8-4f83-4093-aad5-e19c29b0648c v1 POST /startReplicator to http://localhost:5173
2026-08-27 13:13:10,270 [WARNING]: Server did not set a response version, using request version...
2026-08-27 13:13:10,270 [DEBUG]: Received <- 7dd3ec51-7529-4b2d-a7f9-01b1fa5a3698 POST /startReplicator 200 from http://localhost:5173
2026-08-27 13:13:10,270 [INFO]: Moving to step 9:
2026-08-27 13:13:10,270 [INFO]: 	Wait until the replicator is stopped
2026-08-27 13:13:10,270 [DEBUG]: Sending (test_custom_conflict_remote_wins) -> 7dbb1ab8-4f83-4093-aad5-e19c29b0648c v1 POST /getReplicatorStatus to http://localhost:5173
2026-08-27 13:13:10,271 [WARNING]: Server did not set a response version, using request version...
2026-08-27 13:13:10,271 [DEBUG]: Received <- 7dd3ec51-7529-4b2d-a7f9-01b1fa5a3698 POST /getReplicatorStatus 200 from http://localhost:5173
2026-08-27 13:13:11,274 [DEBUG]: Sending (test_custom_conflict_remote_wins) -> 7dbb1ab8-4f83-4093-aad5-e19c29b0648c v1 POST /getReplicatorStatus to http://localhost:5173
2026-08-27 13:13:11,275 [WARNING]: Server did not set a response version, using request version...
2026-08-27 13:13:11,276 [DEBUG]: Received <- 7dd3ec51-7529-4b2d-a7f9-01b1fa5a3698 POST /getReplicatorStatus 200 from http://localhost:5173
2026-08-27 13:13:11,276 [INFO]: Moving to step 10:
2026-08-27 13:13:11,276 [INFO]: 	Check that the names_101 document `name.last` == 'Jones'
2026-08-27 13:13:11,277 [DEBUG]: Sending (test_custom_conflict_remote_wins) -> 7dbb1ab8-4f83-4093-aad5-e19c29b0648c v1 POST /verifyDocuments to http://localhost:5173
2026-08-27 13:13:11,278 [WARNING]: Server did not set a response version, using request version...
2026-08-27 13:13:11,278 [DEBUG]: Received <- 7dd3ec51-7529-4b2d-a7f9-01b1fa5a3698 POST /verifyDocuments 200 from http://localhost:5173
PASSED
tests/dev_e2e/test_custom_conflict.py::TestCustomConflict::test_custom_conflict_delete 2026-08-27 13:13:11,280 [INFO]: 🧹 Couchbase Server and Sync Gateway cleanup started
2026-08-27 13:13:11,284 [DEBUG]: 🧹 SGW <cbltest.api.syncgateway.SyncGateway object at 0x11c7d7230>: found databases ['names'], deleting...
2026-08-27 13:13:11,336 [DEBUG]: 🧹 CBS <cbltest.api.couchbaseserver.CouchbaseServer object at 0x11c7d7620>: found buckets ['names'], deleting...
2026-08-27 13:13:11,916 [DEBUG]: 🧹 CBS <cbltest.api.couchbaseserver.CouchbaseServer object at 0x11c7d7620>: waiting for all buckets to be deleted...
2026-08-27 13:13:11,919 [INFO]: 🧹 Couchbase Server and Sync Gateway cleanup finished
2026-08-27 13:13:11,920 [INFO]: Starting test: test_custom_conflict_delete
2026-08-27 13:13:11,920 [INFO]: Moving to step 1:
2026-08-27 13:13:11,920 [INFO]: 	Reset SG and load `names` dataset
2026-08-27 13:13:35,138 [INFO]: Moving to step 2:
2026-08-27 13:13:35,138 [INFO]: 	Reset empty local database
2026-08-27 13:13:35,139 [DEBUG]: Sending (test_custom_conflict_delete) -> 7dbb1ab8-4f83-4093-aad5-e19c29b0648c v1 POST /reset to http://localhost:5173
2026-08-27 13:13:35,150 [WARNING]: Server did not set a response version, using request version...
2026-08-27 13:13:35,150 [DEBUG]: Received <- 7dd3ec51-7529-4b2d-a7f9-01b1fa5a3698 POST /reset 200 from http://localhost:5173
2026-08-27 13:13:35,150 [INFO]: Moving to step 3:
2026-08-27 13:13:35,150 [INFO]: 	Start a replicator:
2026-08-27 13:13:35,150 [INFO]: 	* endpoint: `/names`
2026-08-27 13:13:35,150 [INFO]: 	* collections : `_default._default`
2026-08-27 13:13:35,150 [INFO]: 	* type: pull
2026-08-27 13:13:35,150 [INFO]: 	* continuous: false
2026-08-27 13:13:35,150 [INFO]: 	* credentials: user1/pass
2026-08-27 13:13:35,150 [DEBUG]: Sync Gateway instance not using TLS, returning empty tls_cert...
2026-08-27 13:13:35,151 [DEBUG]: Sending (test_custom_conflict_delete) -> 7dbb1ab8-4f83-4093-aad5-e19c29b0648c v1 POST /startReplicator to http://localhost:5173
2026-08-27 13:13:35,154 [WARNING]: Server did not set a response version, using request version...
2026-08-27 13:13:35,154 [DEBUG]: Received <- 7dd3ec51-7529-4b2d-a7f9-01b1fa5a3698 POST /startReplicator 200 from http://localhost:5173
2026-08-27 13:13:35,154 [INFO]: Moving to step 4:
2026-08-27 13:13:35,154 [INFO]: 	Wait until the replicator is stopped
2026-08-27 13:13:35,155 [DEBUG]: Sending (test_custom_conflict_delete) -> 7dbb1ab8-4f83-4093-aad5-e19c29b0648c v1 POST /getReplicatorStatus to http://localhost:5173
2026-08-27 13:13:35,157 [WARNING]: Server did not set a response version, using request version...
2026-08-27 13:13:35,157 [DEBUG]: Received <- 7dd3ec51-7529-4b2d-a7f9-01b1fa5a3698 POST /getReplicatorStatus 200 from http://localhost:5173
2026-08-27 13:13:36,159 [DEBUG]: Sending (test_custom_conflict_delete) -> 7dbb1ab8-4f83-4093-aad5-e19c29b0648c v1 POST /getReplicatorStatus to http://localhost:5173
2026-08-27 13:13:36,161 [WARNING]: Server did not set a response version, using request version...
2026-08-27 13:13:36,161 [DEBUG]: Received <- 7dd3ec51-7529-4b2d-a7f9-01b1fa5a3698 POST /getReplicatorStatus 200 from http://localhost:5173
2026-08-27 13:13:36,162 [INFO]: Moving to step 5:
2026-08-27 13:13:36,162 [INFO]: 	Check that all docs are replicated correctly.
2026-08-27 13:13:36,162 [DEBUG]: Sending (test_custom_conflict_delete) -> 7dbb1ab8-4f83-4093-aad5-e19c29b0648c v1 POST /getAllDocuments to http://localhost:5173
2026-08-27 13:13:36,168 [WARNING]: Server did not set a response version, using request version...
2026-08-27 13:13:36,168 [DEBUG]: Received <- 7dd3ec51-7529-4b2d-a7f9-01b1fa5a3698 POST /getAllDocuments 200 from http://localhost:5173
2026-08-27 13:13:36,192 [DEBUG]: Sending (test_custom_conflict_delete) -> 7dbb1ab8-4f83-4093-aad5-e19c29b0648c v1 POST /snapshotDocuments to http://localhost:5173
2026-08-27 13:13:36,193 [WARNING]: Server did not set a response version, using request version...
2026-08-27 13:13:36,193 [DEBUG]: Received <- 7dd3ec51-7529-4b2d-a7f9-01b1fa5a3698 POST /snapshotDocuments 200 from http://localhost:5173
2026-08-27 13:13:36,194 [INFO]: Moving to step 6:
2026-08-27 13:13:36,194 [INFO]: 	Modify the local name_101 document `name.last` = 'Smith'
2026-08-27 13:13:36,194 [DEBUG]: Sending (test_custom_conflict_delete) -> 7dbb1ab8-4f83-4093-aad5-e19c29b0648c v1 POST /updateDatabase to http://localhost:5173
2026-08-27 13:13:36,197 [WARNING]: Server did not set a response version, using request version...
2026-08-27 13:13:36,197 [DEBUG]: Received <- 7dd3ec51-7529-4b2d-a7f9-01b1fa5a3698 POST /updateDatabase 200 from http://localhost:5173
2026-08-27 13:13:36,198 [INFO]: Moving to step 7:
2026-08-27 13:13:36,198 [INFO]: 	Modify the remote name_101 document `name.last` = 'Jones'
2026-08-27 13:13:36,205 [INFO]: For document name_101: Swapping revid from 1-081ac1c1a7eae0b22e8d7006e1f09f24 to 1-081ac1c1a7eae0b22e8d7006e1f09f24
2026-08-27 13:13:36,209 [INFO]: Moving to step 8:
2026-08-27 13:13:36,209 [INFO]: 	Start a replicator:
2026-08-27 13:13:36,209 [INFO]: 	* endpoint: `/names`
2026-08-27 13:13:36,209 [INFO]: 	* collections : `_default._default`
2026-08-27 13:13:36,209 [INFO]: 	* type: pull
2026-08-27 13:13:36,209 [INFO]: 	* continuous: false
2026-08-27 13:13:36,209 [INFO]: 	* credentials: user1/pass
2026-08-27 13:13:36,209 [INFO]: 	* conflictResolver: 'delete'
2026-08-27 13:13:36,209 [DEBUG]: Sync Gateway instance not using TLS, returning empty tls_cert...
2026-08-27 13:13:36,210 [DEBUG]: Sending (test_custom_conflict_delete) -> 7dbb1ab8-4f83-4093-aad5-e19c29b0648c v1 POST /startReplicator to http://localhost:5173
2026-08-27 13:13:36,212 [WARNING]: Server did not set a response version, using request version...
2026-08-27 13:13:36,212 [DEBUG]: Received <- 7dd3ec51-7529-4b2d-a7f9-01b1fa5a3698 POST /startReplicator 200 from http://localhost:5173
2026-08-27 13:13:36,212 [INFO]: Moving to step 9:
2026-08-27 13:13:36,212 [INFO]: 	Wait until the replicator is stopped
2026-08-27 13:13:36,212 [DEBUG]: Sending (test_custom_conflict_delete) -> 7dbb1ab8-4f83-4093-aad5-e19c29b0648c v1 POST /getReplicatorStatus to http://localhost:5173
2026-08-27 13:13:36,214 [WARNING]: Server did not set a response version, using request version...
2026-08-27 13:13:36,214 [DEBUG]: Received <- 7dd3ec51-7529-4b2d-a7f9-01b1fa5a3698 POST /getReplicatorStatus 200 from http://localhost:5173
2026-08-27 13:13:37,216 [DEBUG]: Sending (test_custom_conflict_delete) -> 7dbb1ab8-4f83-4093-aad5-e19c29b0648c v1 POST /getReplicatorStatus to http://localhost:5173
2026-08-27 13:13:37,218 [WARNING]: Server did not set a response version, using request version...
2026-08-27 13:13:37,218 [DEBUG]: Received <- 7dd3ec51-7529-4b2d-a7f9-01b1fa5a3698 POST /getReplicatorStatus 200 from http://localhost:5173
2026-08-27 13:13:37,218 [INFO]: Moving to step 10:
2026-08-27 13:13:37,218 [INFO]: 	Check that the names_101 document is deleted
2026-08-27 13:13:37,218 [DEBUG]: Sending (test_custom_conflict_delete) -> 7dbb1ab8-4f83-4093-aad5-e19c29b0648c v1 POST /verifyDocuments to http://localhost:5173
2026-08-27 13:13:37,219 [WARNING]: Server did not set a response version, using request version...
2026-08-27 13:13:37,220 [DEBUG]: Received <- 7dd3ec51-7529-4b2d-a7f9-01b1fa5a3698 POST /verifyDocuments 200 from http://localhost:5173
PASSED
tests/dev_e2e/test_custom_conflict.py::TestCustomConflict::test_custom_conflict_merge 2026-08-27 13:13:37,220 [INFO]: 🧹 Couchbase Server and Sync Gateway cleanup started
2026-08-27 13:13:37,227 [DEBUG]: 🧹 SGW <cbltest.api.syncgateway.SyncGateway object at 0x11c7d7230>: found databases ['names'], deleting...
2026-08-27 13:13:37,290 [DEBUG]: 🧹 CBS <cbltest.api.couchbaseserver.CouchbaseServer object at 0x11c7d7620>: found buckets ['names'], deleting...
2026-08-27 13:13:38,006 [DEBUG]: 🧹 CBS <cbltest.api.couchbaseserver.CouchbaseServer object at 0x11c7d7620>: waiting for all buckets to be deleted...
2026-08-27 13:13:38,009 [INFO]: 🧹 Couchbase Server and Sync Gateway cleanup finished
2026-08-27 13:13:38,010 [INFO]: Starting test: test_custom_conflict_merge
2026-08-27 13:13:38,010 [INFO]: Moving to step 1:
2026-08-27 13:13:38,010 [INFO]: 	Reset SG and load `names` dataset
2026-08-27 13:13:47,664 [INFO]: Moving to step 2:
2026-08-27 13:13:47,664 [INFO]: 	Reset empty local database
2026-08-27 13:13:47,665 [DEBUG]: Sending (test_custom_conflict_merge) -> 7dbb1ab8-4f83-4093-aad5-e19c29b0648c v1 POST /reset to http://localhost:5173
2026-08-27 13:13:47,690 [WARNING]: Server did not set a response version, using request version...
2026-08-27 13:13:47,691 [DEBUG]: Received <- 7dd3ec51-7529-4b2d-a7f9-01b1fa5a3698 POST /reset 200 from http://localhost:5173
2026-08-27 13:13:47,691 [INFO]: Moving to step 3:
2026-08-27 13:13:47,691 [INFO]: 	Start a replicator:
2026-08-27 13:13:47,691 [INFO]: 	* endpoint: `/names`
2026-08-27 13:13:47,691 [INFO]: 	* collections : `_default._default`
2026-08-27 13:13:47,691 [INFO]: 	* type: pull
2026-08-27 13:13:47,691 [INFO]: 	* continuous: false
2026-08-27 13:13:47,691 [INFO]: 	* credentials: user1/pass
2026-08-27 13:13:47,691 [DEBUG]: Sync Gateway instance not using TLS, returning empty tls_cert...
2026-08-27 13:13:47,692 [DEBUG]: Sending (test_custom_conflict_merge) -> 7dbb1ab8-4f83-4093-aad5-e19c29b0648c v1 POST /startReplicator to http://localhost:5173
2026-08-27 13:13:47,693 [WARNING]: Server did not set a response version, using request version...
2026-08-27 13:13:47,694 [DEBUG]: Received <- 7dd3ec51-7529-4b2d-a7f9-01b1fa5a3698 POST /startReplicator 200 from http://localhost:5173
2026-08-27 13:13:47,694 [INFO]: Moving to step 4:
2026-08-27 13:13:47,694 [INFO]: 	Wait until the replicator is stopped
2026-08-27 13:13:47,694 [DEBUG]: Sending (test_custom_conflict_merge) -> 7dbb1ab8-4f83-4093-aad5-e19c29b0648c v1 POST /getReplicatorStatus to http://localhost:5173
2026-08-27 13:13:47,697 [WARNING]: Server did not set a response version, using request version...
2026-08-27 13:13:47,697 [DEBUG]: Received <- 7dd3ec51-7529-4b2d-a7f9-01b1fa5a3698 POST /getReplicatorStatus 200 from http://localhost:5173
2026-08-27 13:13:48,699 [DEBUG]: Sending (test_custom_conflict_merge) -> 7dbb1ab8-4f83-4093-aad5-e19c29b0648c v1 POST /getReplicatorStatus to http://localhost:5173
2026-08-27 13:13:48,700 [WARNING]: Server did not set a response version, using request version...
2026-08-27 13:13:48,700 [DEBUG]: Received <- 7dd3ec51-7529-4b2d-a7f9-01b1fa5a3698 POST /getReplicatorStatus 200 from http://localhost:5173
2026-08-27 13:13:48,700 [INFO]: Moving to step 5:
2026-08-27 13:13:48,700 [INFO]: 	Check that all docs are replicated correctly.
2026-08-27 13:13:48,700 [DEBUG]: Sending (test_custom_conflict_merge) -> 7dbb1ab8-4f83-4093-aad5-e19c29b0648c v1 POST /getAllDocuments to http://localhost:5173
2026-08-27 13:13:48,707 [WARNING]: Server did not set a response version, using request version...
2026-08-27 13:13:48,707 [DEBUG]: Received <- 7dd3ec51-7529-4b2d-a7f9-01b1fa5a3698 POST /getAllDocuments 200 from http://localhost:5173
2026-08-27 13:13:48,722 [DEBUG]: Sending (test_custom_conflict_merge) -> 7dbb1ab8-4f83-4093-aad5-e19c29b0648c v1 POST /snapshotDocuments to http://localhost:5173
2026-08-27 13:13:48,723 [WARNING]: Server did not set a response version, using request version...
2026-08-27 13:13:48,723 [DEBUG]: Received <- 7dd3ec51-7529-4b2d-a7f9-01b1fa5a3698 POST /snapshotDocuments 200 from http://localhost:5173
2026-08-27 13:13:48,723 [INFO]: Moving to step 6:
2026-08-27 13:13:48,723 [INFO]: 	Modify the local name_101 document `name.last` = 'Smith'
2026-08-27 13:13:48,723 [DEBUG]: Sending (test_custom_conflict_merge) -> 7dbb1ab8-4f83-4093-aad5-e19c29b0648c v1 POST /updateDatabase to http://localhost:5173
2026-08-27 13:13:48,729 [WARNING]: Server did not set a response version, using request version...
2026-08-27 13:13:48,729 [DEBUG]: Received <- 7dd3ec51-7529-4b2d-a7f9-01b1fa5a3698 POST /updateDatabase 200 from http://localhost:5173
2026-08-27 13:13:48,729 [INFO]: Moving to step 7:
2026-08-27 13:13:48,729 [INFO]: 	Modify the remote name_101 document `name.last` = 'Jones'
2026-08-27 13:13:48,734 [INFO]: For document name_101: Swapping revid from 1-081ac1c1a7eae0b22e8d7006e1f09f24 to 1-081ac1c1a7eae0b22e8d7006e1f09f24
2026-08-27 13:13:48,739 [INFO]: Moving to step 8:
2026-08-27 13:13:48,739 [INFO]: 	Start a replicator:
2026-08-27 13:13:48,739 [INFO]: 	* endpoint: `/names`
2026-08-27 13:13:48,739 [INFO]: 	* collections : `_default._default`
2026-08-27 13:13:48,739 [INFO]: 	* type: pull
2026-08-27 13:13:48,739 [INFO]: 	* continuous: false
2026-08-27 13:13:48,739 [INFO]: 	* credentials: user1/pass
2026-08-27 13:13:48,739 [INFO]: 	* conflictResolver: 'merge' / {'property': 'name'}
2026-08-27 13:13:48,739 [DEBUG]: Sync Gateway instance not using TLS, returning empty tls_cert...
2026-08-27 13:13:48,739 [DEBUG]: Sending (test_custom_conflict_merge) -> 7dbb1ab8-4f83-4093-aad5-e19c29b0648c v1 POST /startReplicator to http://localhost:5173
2026-08-27 13:13:48,740 [WARNING]: Server did not set a response version, using request version...
2026-08-27 13:13:48,740 [DEBUG]: Received <- 7dd3ec51-7529-4b2d-a7f9-01b1fa5a3698 POST /startReplicator 200 from http://localhost:5173
2026-08-27 13:13:48,740 [INFO]: Moving to step 9:
2026-08-27 13:13:48,740 [INFO]: 	Wait until the replicator is stopped
2026-08-27 13:13:48,740 [DEBUG]: Sending (test_custom_conflict_merge) -> 7dbb1ab8-4f83-4093-aad5-e19c29b0648c v1 POST /getReplicatorStatus to http://localhost:5173
2026-08-27 13:13:48,741 [WARNING]: Server did not set a response version, using request version...
2026-08-27 13:13:48,741 [DEBUG]: Received <- 7dd3ec51-7529-4b2d-a7f9-01b1fa5a3698 POST /getReplicatorStatus 200 from http://localhost:5173
2026-08-27 13:13:49,743 [DEBUG]: Sending (test_custom_conflict_merge) -> 7dbb1ab8-4f83-4093-aad5-e19c29b0648c v1 POST /getReplicatorStatus to http://localhost:5173
2026-08-27 13:13:49,746 [WARNING]: Server did not set a response version, using request version...
2026-08-27 13:13:49,746 [DEBUG]: Received <- 7dd3ec51-7529-4b2d-a7f9-01b1fa5a3698 POST /getReplicatorStatus 200 from http://localhost:5173
2026-08-27 13:13:49,747 [INFO]: Moving to step 10:
2026-08-27 13:13:49,747 [INFO]: 	Check that the names_101 document `name` property contains `[{'first': 'Davis', 'last': 'Smith'},{'first': 'Davis', 'last': 'Jones'}]`
2026-08-27 13:13:49,747 [DEBUG]: Sending (test_custom_conflict_merge) -> 7dbb1ab8-4f83-4093-aad5-e19c29b0648c v1 POST /verifyDocuments to http://localhost:5173
2026-08-27 13:13:49,749 [WARNING]: Server did not set a response version, using request version...
2026-08-27 13:13:49,749 [DEBUG]: Received <- 7dd3ec51-7529-4b2d-a7f9-01b1fa5a3698 POST /verifyDocuments 200 from http://localhost:5173
PASSED
tests/dev_e2e/test_edge_server_cbl.py::TestEdgeServerCbl::test_js_push_to_edge_server_over_ws 2026-08-27 13:13:49,751 [INFO]: 🧹 Couchbase Server and Sync Gateway cleanup started
2026-08-27 13:13:49,756 [DEBUG]: 🧹 SGW <cbltest.api.syncgateway.SyncGateway object at 0x11c7d7230>: found databases ['names'], deleting...
2026-08-27 13:13:49,813 [DEBUG]: 🧹 CBS <cbltest.api.couchbaseserver.CouchbaseServer object at 0x11c7d7620>: found buckets ['names'], deleting...
2026-08-27 13:13:50,824 [DEBUG]: 🧹 CBS <cbltest.api.couchbaseserver.CouchbaseServer object at 0x11c7d7620>: waiting for all buckets to be deleted...
2026-08-27 13:13:50,826 [INFO]: 🧹 Couchbase Server and Sync Gateway cleanup finished
2026-08-27 13:13:50,826 [INFO]: Starting test: test_js_push_to_edge_server_over_ws
2026-08-27 13:13:50,827 [INFO]: Moving to step 1:
2026-08-27 13:13:50,827 [INFO]: 	Start HTTP Edge Server with an empty `db`
2026-08-27 13:13:53,228 [INFO]: Moving to step 2:
2026-08-27 13:13:53,228 [INFO]: 	Reset local database
2026-08-27 13:13:53,229 [DEBUG]: Sending (test_js_push_to_edge_server_over_ws) -> 7dbb1ab8-4f83-4093-aad5-e19c29b0648c v1 POST /reset to http://localhost:5173
2026-08-27 13:13:53,279 [WARNING]: Server did not set a response version, using request version...
2026-08-27 13:13:53,279 [DEBUG]: Received <- 7dd3ec51-7529-4b2d-a7f9-01b1fa5a3698 POST /reset 200 from http://localhost:5173
2026-08-27 13:13:53,279 [INFO]: Moving to step 3:
2026-08-27 13:13:53,280 [INFO]: 	Write three documents locally
2026-08-27 13:13:53,280 [DEBUG]: Sending (test_js_push_to_edge_server_over_ws) -> 7dbb1ab8-4f83-4093-aad5-e19c29b0648c v1 POST /updateDatabase to http://localhost:5173
2026-08-27 13:13:53,286 [WARNING]: Server did not set a response version, using request version...
2026-08-27 13:13:53,286 [DEBUG]: Received <- 7dd3ec51-7529-4b2d-a7f9-01b1fa5a3698 POST /updateDatabase 200 from http://localhost:5173
2026-08-27 13:13:53,287 [INFO]: Moving to step 4:
2026-08-27 13:13:53,287 [INFO]: 	Push to Edge Server over ws://localhost:59840/db (no pinned cert)
2026-08-27 13:13:53,287 [DEBUG]: Sending (test_js_push_to_edge_server_over_ws) -> 7dbb1ab8-4f83-4093-aad5-e19c29b0648c v1 POST /startReplicator to http://localhost:5173
2026-08-27 13:13:53,291 [WARNING]: Server did not set a response version, using request version...
2026-08-27 13:13:53,291 [DEBUG]: Received <- 7dd3ec51-7529-4b2d-a7f9-01b1fa5a3698 POST /startReplicator 200 from http://localhost:5173
2026-08-27 13:13:53,291 [DEBUG]: Sending (test_js_push_to_edge_server_over_ws) -> 7dbb1ab8-4f83-4093-aad5-e19c29b0648c v1 POST /getReplicatorStatus to http://localhost:5173
2026-08-27 13:13:53,294 [WARNING]: Server did not set a response version, using request version...
2026-08-27 13:13:53,294 [DEBUG]: Received <- 7dd3ec51-7529-4b2d-a7f9-01b1fa5a3698 POST /getReplicatorStatus 200 from http://localhost:5173
2026-08-27 13:13:54,296 [DEBUG]: Sending (test_js_push_to_edge_server_over_ws) -> 7dbb1ab8-4f83-4093-aad5-e19c29b0648c v1 POST /getReplicatorStatus to http://localhost:5173
2026-08-27 13:13:54,299 [WARNING]: Server did not set a response version, using request version...
2026-08-27 13:13:54,299 [DEBUG]: Received <- 7dd3ec51-7529-4b2d-a7f9-01b1fa5a3698 POST /getReplicatorStatus 200 from http://localhost:5173
2026-08-27 13:13:54,300 [INFO]: Moving to step 5:
2026-08-27 13:13:54,300 [INFO]: 	Verify documents on Edge Server REST
2026-08-27 13:13:54,541 [DEBUG]: Sending (test_js_push_to_edge_server_over_ws) -> 7dbb1ab8-4f83-4093-aad5-e19c29b0648c v1 POST /reset to http://localhost:5173
2026-08-27 13:13:54,548 [WARNING]: Server did not set a response version, using request version...
2026-08-27 13:13:54,548 [DEBUG]: Received <- 7dd3ec51-7529-4b2d-a7f9-01b1fa5a3698 POST /reset 200 from http://localhost:5173
PASSED
tests/dev_e2e/test_encrypted_properties.py::TestEncryptedProperties::test_encrypted_push 2026-08-27 13:13:54,549 [INFO]: 🧹 Couchbase Server and Sync Gateway cleanup started
2026-08-27 13:13:54,552 [DEBUG]: 🧹 SGW <cbltest.api.syncgateway.SyncGateway object at 0x11c7d7230>: found databases [], deleting...
2026-08-27 13:13:54,555 [DEBUG]: 🧹 CBS <cbltest.api.couchbaseserver.CouchbaseServer object at 0x11c7d7620>: no buckets to delete
2026-08-27 13:13:54,555 [INFO]: 🧹 Couchbase Server and Sync Gateway cleanup finished
2026-08-27 13:13:54,555 [INFO]: Starting test: test_encrypted_push
SKIPPED
tests/dev_e2e/test_fest.py::TestFest::test_create_tasks 2026-08-27 13:13:54,556 [INFO]: 🧹 Couchbase Server and Sync Gateway cleanup started
2026-08-27 13:13:54,558 [DEBUG]: 🧹 SGW <cbltest.api.syncgateway.SyncGateway object at 0x11c7d7230>: found databases [], deleting...
2026-08-27 13:13:54,560 [DEBUG]: 🧹 CBS <cbltest.api.couchbaseserver.CouchbaseServer object at 0x11c7d7620>: no buckets to delete
2026-08-27 13:13:54,560 [INFO]: 🧹 Couchbase Server and Sync Gateway cleanup finished
2026-08-27 13:13:54,560 [INFO]: Starting test: test_create_tasks
2026-08-27 13:13:54,561 [INFO]: Moving to step 1:
2026-08-27 13:13:54,561 [INFO]: 	Reset SG and load todo dataset
2026-08-27 13:14:27,120 [INFO]: Moving to step 2:
2026-08-27 13:14:27,121 [INFO]: 	Assign roles 'lists.user1.db1-list1.contributor, lists.user1.db2-list1.contributor' to the user 'user1'
2026-08-27 13:14:27,139 [INFO]: Moving to step 3:
2026-08-27 13:14:27,139 [INFO]: 	Reset local databases load them with the todo dataset
2026-08-27 13:14:27,140 [DEBUG]: Sending (test_create_tasks) -> 7dbb1ab8-4f83-4093-aad5-e19c29b0648c v1 POST /reset to http://localhost:5173
2026-08-27 13:14:27,213 [WARNING]: Server did not set a response version, using request version...
2026-08-27 13:14:27,213 [DEBUG]: Received <- 7dd3ec51-7529-4b2d-a7f9-01b1fa5a3698 POST /reset 200 from http://localhost:5173
2026-08-27 13:14:27,214 [INFO]: Moving to step 4:
2026-08-27 13:14:27,214 [INFO]: 	Create a replicator
2026-08-27 13:14:27,214 [INFO]: 	* endpoint: /todo
2026-08-27 13:14:27,214 [INFO]: 	* database: db1
2026-08-27 13:14:27,214 [INFO]: 	* collections : _default.lists, _default.tasks, _default.users
2026-08-27 13:14:27,214 [INFO]: 	* type: push-and-pull
2026-08-27 13:14:27,214 [INFO]: 	* continuous: true
2026-08-27 13:14:27,214 [INFO]: 	* enableDocumentListener: true
2026-08-27 13:14:27,214 [INFO]: 	* credentials: users[0]/pass
2026-08-27 13:14:27,214 [DEBUG]: Sync Gateway instance not using TLS, returning empty tls_cert...
2026-08-27 13:14:27,214 [INFO]: Moving to step 5:
2026-08-27 13:14:27,214 [INFO]: 	Create another replicator
2026-08-27 13:14:27,214 [INFO]: 	* endpoint: /todo
2026-08-27 13:14:27,214 [INFO]: 	* database: db2
2026-08-27 13:14:27,214 [INFO]: 	* collections : _default.lists, _default.tasks, _default.users
2026-08-27 13:14:27,214 [INFO]: 	* type: push-and-pull
2026-08-27 13:14:27,214 [INFO]: 	* continuous: true
2026-08-27 13:14:27,214 [INFO]: 	* enableDocumentListener: true
2026-08-27 13:14:27,214 [INFO]: 	* credentials: users[1]/pass
2026-08-27 13:14:27,214 [DEBUG]: Sync Gateway instance not using TLS, returning empty tls_cert...
2026-08-27 13:14:27,214 [INFO]: Moving to step 6:
2026-08-27 13:14:27,214 [INFO]: 	Snapshot db1
2026-08-27 13:14:27,214 [DEBUG]: Sending (test_create_tasks) -> 7dbb1ab8-4f83-4093-aad5-e19c29b0648c v1 POST /snapshotDocuments to http://localhost:5173
2026-08-27 13:14:27,216 [WARNING]: Server did not set a response version, using request version...
2026-08-27 13:14:27,216 [DEBUG]: Received <- 7dd3ec51-7529-4b2d-a7f9-01b1fa5a3698 POST /snapshotDocuments 200 from http://localhost:5173
2026-08-27 13:14:27,217 [INFO]: Moving to step 7:
2026-08-27 13:14:27,217 [INFO]: 	Snapshot db2
2026-08-27 13:14:27,217 [DEBUG]: Sending (test_create_tasks) -> 7dbb1ab8-4f83-4093-aad5-e19c29b0648c v1 POST /snapshotDocuments to http://localhost:5173
2026-08-27 13:14:27,218 [WARNING]: Server did not set a response version, using request version...
2026-08-27 13:14:27,218 [DEBUG]: Received <- 7dd3ec51-7529-4b2d-a7f9-01b1fa5a3698 POST /snapshotDocuments 200 from http://localhost:5173
2026-08-27 13:14:27,218 [INFO]: Moving to step 8:
2026-08-27 13:14:27,218 [INFO]: 	Start the replicators
2026-08-27 13:14:27,219 [DEBUG]: Sending (test_create_tasks) -> 7dbb1ab8-4f83-4093-aad5-e19c29b0648c v1 POST /startReplicator to http://localhost:5173
2026-08-27 13:14:27,221 [WARNING]: Server did not set a response version, using request version...
2026-08-27 13:14:27,221 [DEBUG]: Received <- 7dd3ec51-7529-4b2d-a7f9-01b1fa5a3698 POST /startReplicator 200 from http://localhost:5173
2026-08-27 13:14:27,221 [DEBUG]: Sending (test_create_tasks) -> 7dbb1ab8-4f83-4093-aad5-e19c29b0648c v1 POST /startReplicator to http://localhost:5173
2026-08-27 13:14:27,227 [WARNING]: Server did not set a response version, using request version...
2026-08-27 13:14:27,227 [DEBUG]: Received <- 7dd3ec51-7529-4b2d-a7f9-01b1fa5a3698 POST /startReplicator 200 from http://localhost:5173
2026-08-27 13:14:27,227 [INFO]: Moving to step 9:
2026-08-27 13:14:27,227 [INFO]: 	Create a list and a task in db1
2026-08-27 13:14:27,227 [DEBUG]: Sending (test_create_tasks) -> 7dbb1ab8-4f83-4093-aad5-e19c29b0648c v1 POST /updateDatabase to http://localhost:5173
2026-08-27 13:14:27,557 [WARNING]: Server did not set a response version, using request version...
2026-08-27 13:14:27,557 [DEBUG]: Received <- 7dd3ec51-7529-4b2d-a7f9-01b1fa5a3698 POST /updateDatabase 200 from http://localhost:5173
2026-08-27 13:14:27,557 [INFO]: Moving to step 10:
2026-08-27 13:14:27,557 [INFO]: 	Create a list and a task in db2
2026-08-27 13:14:27,558 [DEBUG]: Sending (test_create_tasks) -> 7dbb1ab8-4f83-4093-aad5-e19c29b0648c v1 POST /updateDatabase to http://localhost:5173
2026-08-27 13:14:28,225 [WARNING]: Server did not set a response version, using request version...
2026-08-27 13:14:28,225 [DEBUG]: Received <- 7dd3ec51-7529-4b2d-a7f9-01b1fa5a3698 POST /updateDatabase 200 from http://localhost:5173
2026-08-27 13:14:28,226 [INFO]: Moving to step 11:
2026-08-27 13:14:28,226 [INFO]: 	Wait for the new docs to be pulled to db1
2026-08-27 13:14:28,226 [DEBUG]: Sending (test_create_tasks) -> 7dbb1ab8-4f83-4093-aad5-e19c29b0648c v1 POST /getReplicatorStatus to http://localhost:5173
2026-08-27 13:14:28,234 [WARNING]: Server did not set a response version, using request version...
2026-08-27 13:14:28,234 [DEBUG]: Received <- 7dd3ec51-7529-4b2d-a7f9-01b1fa5a3698 POST /getReplicatorStatus 200 from http://localhost:5173
2026-08-27 13:14:29,236 [DEBUG]: Sending (test_create_tasks) -> 7dbb1ab8-4f83-4093-aad5-e19c29b0648c v1 POST /getReplicatorStatus to http://localhost:5173
2026-08-27 13:14:29,237 [WARNING]: Server did not set a response version, using request version...
2026-08-27 13:14:29,238 [DEBUG]: Received <- 7dd3ec51-7529-4b2d-a7f9-01b1fa5a3698 POST /getReplicatorStatus 200 from http://localhost:5173
2026-08-27 13:14:29,238 [INFO]: Moving to step 12:
2026-08-27 13:14:29,238 [INFO]: 	Wait for the new docs to be pulled to db2
2026-08-27 13:14:29,239 [DEBUG]: Sending (test_create_tasks) -> 7dbb1ab8-4f83-4093-aad5-e19c29b0648c v1 POST /getReplicatorStatus to http://localhost:5173
2026-08-27 13:14:29,242 [WARNING]: Server did not set a response version, using request version...
2026-08-27 13:14:29,242 [DEBUG]: Received <- 7dd3ec51-7529-4b2d-a7f9-01b1fa5a3698 POST /getReplicatorStatus 200 from http://localhost:5173
2026-08-27 13:14:29,242 [INFO]: Moving to step 13:
2026-08-27 13:14:29,242 [INFO]: 	Verify that the new docs are in db1
2026-08-27 13:14:29,243 [DEBUG]: Sending (test_create_tasks) -> 7dbb1ab8-4f83-4093-aad5-e19c29b0648c v1 POST /verifyDocuments to http://localhost:5173
2026-08-27 13:14:29,428 [WARNING]: Server did not set a response version, using request version...
2026-08-27 13:14:29,428 [DEBUG]: Received <- 7dd3ec51-7529-4b2d-a7f9-01b1fa5a3698 POST /verifyDocuments 200 from http://localhost:5173
2026-08-27 13:14:29,428 [INFO]: Moving to step 14:
2026-08-27 13:14:29,428 [INFO]: 	Verify that the new docs are in db2
2026-08-27 13:14:29,428 [DEBUG]: Sending (test_create_tasks) -> 7dbb1ab8-4f83-4093-aad5-e19c29b0648c v1 POST /verifyDocuments to http://localhost:5173
2026-08-27 13:14:29,529 [WARNING]: Server did not set a response version, using request version...
2026-08-27 13:14:29,529 [DEBUG]: Received <- 7dd3ec51-7529-4b2d-a7f9-01b1fa5a3698 POST /verifyDocuments 200 from http://localhost:5173
2026-08-27 13:14:29,530 [DEBUG]: Sending (test_create_tasks) -> 7dbb1ab8-4f83-4093-aad5-e19c29b0648c v1 POST /reset to http://localhost:5173
2026-08-27 13:14:29,541 [WARNING]: Server did not set a response version, using request version...
2026-08-27 13:14:29,544 [DEBUG]: Received <- 7dd3ec51-7529-4b2d-a7f9-01b1fa5a3698 POST /reset 200 from http://localhost:5173
PASSED
tests/dev_e2e/test_fest.py::TestFest::test_update_task 2026-08-27 13:14:29,545 [INFO]: 🧹 Couchbase Server and Sync Gateway cleanup started
2026-08-27 13:14:29,550 [DEBUG]: 🧹 SGW <cbltest.api.syncgateway.SyncGateway object at 0x11c7d7230>: found databases ['todo'], deleting...
2026-08-27 13:14:29,606 [DEBUG]: 🧹 CBS <cbltest.api.couchbaseserver.CouchbaseServer object at 0x11c7d7620>: found buckets ['todo'], deleting...
2026-08-27 13:14:30,736 [DEBUG]: 🧹 CBS <cbltest.api.couchbaseserver.CouchbaseServer object at 0x11c7d7620>: waiting for all buckets to be deleted...
2026-08-27 13:14:30,739 [INFO]: 🧹 Couchbase Server and Sync Gateway cleanup finished
2026-08-27 13:14:30,741 [INFO]: Starting test: test_update_task
2026-08-27 13:14:30,742 [INFO]: Moving to step 1:
2026-08-27 13:14:30,742 [INFO]: 	Reset SG and load todo dataset
2026-08-27 13:15:03,197 [INFO]: Moving to step 2:
2026-08-27 13:15:03,198 [INFO]: 	Assign roles 'lists.user1.db1-list1.contributor' to the user 'user1'
2026-08-27 13:15:03,207 [INFO]: Moving to step 3:
2026-08-27 13:15:03,207 [INFO]: 	Reset local databases load them with the todo dataset
2026-08-27 13:15:03,207 [DEBUG]: Sending (test_update_task) -> 7dbb1ab8-4f83-4093-aad5-e19c29b0648c v1 POST /reset to http://localhost:5173
2026-08-27 13:15:03,255 [WARNING]: Server did not set a response version, using request version...
2026-08-27 13:15:03,255 [DEBUG]: Received <- 7dd3ec51-7529-4b2d-a7f9-01b1fa5a3698 POST /reset 200 from http://localhost:5173
2026-08-27 13:15:03,256 [INFO]: Moving to step 4:
2026-08-27 13:15:03,256 [INFO]: 	Create a replicator
2026-08-27 13:15:03,256 [INFO]: 	* endpoint: /todo
2026-08-27 13:15:03,256 [INFO]: 	* database: db1
2026-08-27 13:15:03,256 [INFO]: 	* collections : _default.lists, _default.tasks, _default.users
2026-08-27 13:15:03,256 [INFO]: 	* type: push-and-pull
2026-08-27 13:15:03,256 [INFO]: 	* continuous: true
2026-08-27 13:15:03,256 [INFO]: 	* enableDocumentListener: true
2026-08-27 13:15:03,256 [INFO]: 	* credentials: users[0]/pass
2026-08-27 13:15:03,256 [DEBUG]: Sync Gateway instance not using TLS, returning empty tls_cert...
2026-08-27 13:15:03,256 [INFO]: Moving to step 5:
2026-08-27 13:15:03,256 [INFO]: 	Create another replicator
2026-08-27 13:15:03,256 [INFO]: 	* endpoint: /todo
2026-08-27 13:15:03,256 [INFO]: 	* database: db2
2026-08-27 13:15:03,256 [INFO]: 	* collections : _default.lists, _default.tasks, _default.users
2026-08-27 13:15:03,256 [INFO]: 	* type: push-and-pull
2026-08-27 13:15:03,256 [INFO]: 	* continuous: true
2026-08-27 13:15:03,256 [INFO]: 	* enableDocumentListener: true
2026-08-27 13:15:03,256 [INFO]: 	* credentials: users[1]/pass
2026-08-27 13:15:03,256 [DEBUG]: Sync Gateway instance not using TLS, returning empty tls_cert...
2026-08-27 13:15:03,256 [INFO]: Moving to step 6:
2026-08-27 13:15:03,256 [INFO]: 	Snapshot db2
2026-08-27 13:15:03,256 [DEBUG]: Sending (test_update_task) -> 7dbb1ab8-4f83-4093-aad5-e19c29b0648c v1 POST /snapshotDocuments to http://localhost:5173
2026-08-27 13:15:03,257 [WARNING]: Server did not set a response version, using request version...
2026-08-27 13:15:03,257 [DEBUG]: Received <- 7dd3ec51-7529-4b2d-a7f9-01b1fa5a3698 POST /snapshotDocuments 200 from http://localhost:5173
2026-08-27 13:15:03,258 [INFO]: Moving to step 7:
2026-08-27 13:15:03,258 [INFO]: 	Create a list and a task in db1
2026-08-27 13:15:03,258 [DEBUG]: Sending (test_update_task) -> 7dbb1ab8-4f83-4093-aad5-e19c29b0648c v1 POST /updateDatabase to http://localhost:5173
2026-08-27 13:15:03,485 [WARNING]: Server did not set a response version, using request version...
2026-08-27 13:15:03,486 [DEBUG]: Received <- 7dd3ec51-7529-4b2d-a7f9-01b1fa5a3698 POST /updateDatabase 200 from http://localhost:5173
2026-08-27 13:15:03,486 [INFO]: Moving to step 8:
2026-08-27 13:15:03,486 [INFO]: 	Snapshot db1
2026-08-27 13:15:03,486 [DEBUG]: Sending (test_update_task) -> 7dbb1ab8-4f83-4093-aad5-e19c29b0648c v1 POST /snapshotDocuments to http://localhost:5173
2026-08-27 13:15:03,489 [WARNING]: Server did not set a response version, using request version...
2026-08-27 13:15:03,489 [DEBUG]: Received <- 7dd3ec51-7529-4b2d-a7f9-01b1fa5a3698 POST /snapshotDocuments 200 from http://localhost:5173
2026-08-27 13:15:03,489 [INFO]: Moving to step 9:
2026-08-27 13:15:03,489 [INFO]: 	Start the replicators
2026-08-27 13:15:03,489 [DEBUG]: Sending (test_update_task) -> 7dbb1ab8-4f83-4093-aad5-e19c29b0648c v1 POST /startReplicator to http://localhost:5173
2026-08-27 13:15:03,490 [WARNING]: Server did not set a response version, using request version...
2026-08-27 13:15:03,490 [DEBUG]: Received <- 7dd3ec51-7529-4b2d-a7f9-01b1fa5a3698 POST /startReplicator 200 from http://localhost:5173
2026-08-27 13:15:03,491 [DEBUG]: Sending (test_update_task) -> 7dbb1ab8-4f83-4093-aad5-e19c29b0648c v1 POST /startReplicator to http://localhost:5173
2026-08-27 13:15:03,492 [WARNING]: Server did not set a response version, using request version...
2026-08-27 13:15:03,492 [DEBUG]: Received <- 7dd3ec51-7529-4b2d-a7f9-01b1fa5a3698 POST /startReplicator 200 from http://localhost:5173
2026-08-27 13:15:03,492 [INFO]: Moving to step 10:
2026-08-27 13:15:03,492 [INFO]: 	Wait for the new docs to be pulled to db2
2026-08-27 13:15:03,493 [DEBUG]: Sending (test_update_task) -> 7dbb1ab8-4f83-4093-aad5-e19c29b0648c v1 POST /getReplicatorStatus to http://localhost:5173
2026-08-27 13:15:03,495 [WARNING]: Server did not set a response version, using request version...
2026-08-27 13:15:03,495 [DEBUG]: Received <- 7dd3ec51-7529-4b2d-a7f9-01b1fa5a3698 POST /getReplicatorStatus 200 from http://localhost:5173
2026-08-27 13:15:04,497 [DEBUG]: Sending (test_update_task) -> 7dbb1ab8-4f83-4093-aad5-e19c29b0648c v1 POST /getReplicatorStatus to http://localhost:5173
2026-08-27 13:15:04,501 [WARNING]: Server did not set a response version, using request version...
2026-08-27 13:15:04,501 [DEBUG]: Received <- 7dd3ec51-7529-4b2d-a7f9-01b1fa5a3698 POST /getReplicatorStatus 200 from http://localhost:5173
2026-08-27 13:15:04,501 [DEBUG]: Sending (test_update_task) -> 7dbb1ab8-4f83-4093-aad5-e19c29b0648c v1 POST /getReplicatorStatus to http://localhost:5173
2026-08-27 13:15:04,504 [WARNING]: Server did not set a response version, using request version...
2026-08-27 13:15:04,504 [DEBUG]: Received <- 7dd3ec51-7529-4b2d-a7f9-01b1fa5a3698 POST /getReplicatorStatus 200 from http://localhost:5173
2026-08-27 13:15:04,505 [INFO]: Moving to step 11:
2026-08-27 13:15:04,505 [INFO]: 	Verify that the new docs are in db2
2026-08-27 13:15:04,505 [DEBUG]: Sending (test_update_task) -> 7dbb1ab8-4f83-4093-aad5-e19c29b0648c v1 POST /verifyDocuments to http://localhost:5173
2026-08-27 13:15:04,633 [WARNING]: Server did not set a response version, using request version...
2026-08-27 13:15:04,634 [DEBUG]: Received <- 7dd3ec51-7529-4b2d-a7f9-01b1fa5a3698 POST /verifyDocuments 200 from http://localhost:5173
2026-08-27 13:15:04,634 [INFO]: Moving to step 12:
2026-08-27 13:15:04,634 [INFO]: 	Update the db1-list1-task1 task in db2
2026-08-27 13:15:04,634 [DEBUG]: Sending (test_update_task) -> 7dbb1ab8-4f83-4093-aad5-e19c29b0648c v1 POST /updateDatabase to http://localhost:5173
2026-08-27 13:15:04,788 [WARNING]: Server did not set a response version, using request version...
2026-08-27 13:15:04,788 [DEBUG]: Received <- 7dd3ec51-7529-4b2d-a7f9-01b1fa5a3698 POST /updateDatabase 200 from http://localhost:5173
2026-08-27 13:15:04,789 [INFO]: Moving to step 13:
2026-08-27 13:15:04,789 [INFO]: 	Wait for the new doc to be pulled to db1
2026-08-27 13:15:04,789 [DEBUG]: Sending (test_update_task) -> 7dbb1ab8-4f83-4093-aad5-e19c29b0648c v1 POST /getReplicatorStatus to http://localhost:5173
2026-08-27 13:15:04,793 [WARNING]: Server did not set a response version, using request version...
2026-08-27 13:15:04,793 [DEBUG]: Received <- 7dd3ec51-7529-4b2d-a7f9-01b1fa5a3698 POST /getReplicatorStatus 200 from http://localhost:5173
2026-08-27 13:15:05,795 [DEBUG]: Sending (test_update_task) -> 7dbb1ab8-4f83-4093-aad5-e19c29b0648c v1 POST /getReplicatorStatus to http://localhost:5173
2026-08-27 13:15:05,796 [WARNING]: Server did not set a response version, using request version...
2026-08-27 13:15:05,796 [DEBUG]: Received <- 7dd3ec51-7529-4b2d-a7f9-01b1fa5a3698 POST /getReplicatorStatus 200 from http://localhost:5173
2026-08-27 13:15:05,796 [DEBUG]: Sending (test_update_task) -> 7dbb1ab8-4f83-4093-aad5-e19c29b0648c v1 POST /getReplicatorStatus to http://localhost:5173
2026-08-27 13:15:05,797 [WARNING]: Server did not set a response version, using request version...
2026-08-27 13:15:05,797 [DEBUG]: Received <- 7dd3ec51-7529-4b2d-a7f9-01b1fa5a3698 POST /getReplicatorStatus 200 from http://localhost:5173
2026-08-27 13:15:05,797 [INFO]: Moving to step 14:
2026-08-27 13:15:05,797 [INFO]: 	Verify that the doc has been updated in db1
2026-08-27 13:15:05,797 [DEBUG]: Sending (test_update_task) -> 7dbb1ab8-4f83-4093-aad5-e19c29b0648c v1 POST /verifyDocuments to http://localhost:5173
2026-08-27 13:15:05,890 [WARNING]: Server did not set a response version, using request version...
2026-08-27 13:15:05,890 [DEBUG]: Received <- 7dd3ec51-7529-4b2d-a7f9-01b1fa5a3698 POST /verifyDocuments 200 from http://localhost:5173
2026-08-27 13:15:05,890 [DEBUG]: Sending (test_update_task) -> 7dbb1ab8-4f83-4093-aad5-e19c29b0648c v1 POST /reset to http://localhost:5173
2026-08-27 13:15:05,906 [WARNING]: Server did not set a response version, using request version...
2026-08-27 13:15:05,906 [DEBUG]: Received <- 7dd3ec51-7529-4b2d-a7f9-01b1fa5a3698 POST /reset 200 from http://localhost:5173
PASSED
tests/dev_e2e/test_fest.py::TestFest::test_delete_task 2026-08-27 13:15:05,907 [INFO]: 🧹 Couchbase Server and Sync Gateway cleanup started
2026-08-27 13:15:05,910 [DEBUG]: 🧹 SGW <cbltest.api.syncgateway.SyncGateway object at 0x11c7d7230>: found databases ['todo'], deleting...
2026-08-27 13:15:05,981 [DEBUG]: 🧹 CBS <cbltest.api.couchbaseserver.CouchbaseServer object at 0x11c7d7620>: found buckets ['todo'], deleting...
2026-08-27 13:15:06,804 [DEBUG]: 🧹 CBS <cbltest.api.couchbaseserver.CouchbaseServer object at 0x11c7d7620>: waiting for all buckets to be deleted...
2026-08-27 13:15:06,807 [INFO]: 🧹 Couchbase Server and Sync Gateway cleanup finished
2026-08-27 13:15:06,807 [INFO]: Starting test: test_delete_task
2026-08-27 13:15:06,808 [INFO]: Moving to step 1:
2026-08-27 13:15:06,808 [INFO]: 	Reset SG and load todo dataset
2026-08-27 13:15:39,610 [INFO]: Moving to step 2:
2026-08-27 13:15:39,610 [INFO]: 	Assign roles 'lists.user1.db1-list1.contributor' to the user 'user1'
2026-08-27 13:15:39,626 [INFO]: Moving to step 3:
2026-08-27 13:15:39,626 [INFO]: 	Reset local databases load them with the todo dataset
2026-08-27 13:15:39,626 [DEBUG]: Sending (test_delete_task) -> 7dbb1ab8-4f83-4093-aad5-e19c29b0648c v1 POST /reset to http://localhost:5173
2026-08-27 13:15:39,712 [WARNING]: Server did not set a response version, using request version...
2026-08-27 13:15:39,712 [DEBUG]: Received <- 7dd3ec51-7529-4b2d-a7f9-01b1fa5a3698 POST /reset 200 from http://localhost:5173
2026-08-27 13:15:39,712 [INFO]: Moving to step 4:
2026-08-27 13:15:39,712 [INFO]: 	Create a replicator
2026-08-27 13:15:39,712 [INFO]: 	* endpoint: /todo
2026-08-27 13:15:39,713 [INFO]: 	* database: db1
2026-08-27 13:15:39,713 [INFO]: 	* collections : _default.lists, _default.tasks, _default.users
2026-08-27 13:15:39,713 [INFO]: 	* type: push-and-pull
2026-08-27 13:15:39,713 [INFO]: 	* continuous: true
2026-08-27 13:15:39,713 [INFO]: 	* enableDocumentListener: true
2026-08-27 13:15:39,713 [INFO]: 	* credentials: users[0]/pass
2026-08-27 13:15:39,713 [DEBUG]: Sync Gateway instance not using TLS, returning empty tls_cert...
2026-08-27 13:15:39,713 [INFO]: Moving to step 5:
2026-08-27 13:15:39,713 [INFO]: 	Create another replicator
2026-08-27 13:15:39,713 [INFO]: 	* endpoint: /todo
2026-08-27 13:15:39,713 [INFO]: 	* database: db2
2026-08-27 13:15:39,713 [INFO]: 	* collections : _default.lists, _default.tasks, _default.users
2026-08-27 13:15:39,713 [INFO]: 	* type: push-and-pull
2026-08-27 13:15:39,713 [INFO]: 	* continuous: true
2026-08-27 13:15:39,713 [INFO]: 	* enableDocumentListener: true
2026-08-27 13:15:39,713 [INFO]: 	* credentials: users[1]/pass
2026-08-27 13:15:39,713 [DEBUG]: Sync Gateway instance not using TLS, returning empty tls_cert...
2026-08-27 13:15:39,713 [INFO]: Moving to step 6:
2026-08-27 13:15:39,713 [INFO]: 	Create a list and a task in db1
2026-08-27 13:15:39,713 [DEBUG]: Sending (test_delete_task) -> 7dbb1ab8-4f83-4093-aad5-e19c29b0648c v1 POST /updateDatabase to http://localhost:5173
2026-08-27 13:15:39,846 [WARNING]: Server did not set a response version, using request version...
2026-08-27 13:15:39,846 [DEBUG]: Received <- 7dd3ec51-7529-4b2d-a7f9-01b1fa5a3698 POST /updateDatabase 200 from http://localhost:5173
2026-08-27 13:15:39,847 [INFO]: Moving to step 7:
2026-08-27 13:15:39,847 [INFO]: 	Snapshot documents in db1
2026-08-27 13:15:39,847 [DEBUG]: Sending (test_delete_task) -> 7dbb1ab8-4f83-4093-aad5-e19c29b0648c v1 POST /snapshotDocuments to http://localhost:5173
2026-08-27 13:15:39,849 [WARNING]: Server did not set a response version, using request version...
2026-08-27 13:15:39,849 [DEBUG]: Received <- 7dd3ec51-7529-4b2d-a7f9-01b1fa5a3698 POST /snapshotDocuments 200 from http://localhost:5173
2026-08-27 13:15:39,849 [INFO]: Moving to step 8:
2026-08-27 13:15:39,850 [INFO]: 	Start the replicators
2026-08-27 13:15:39,850 [DEBUG]: Sending (test_delete_task) -> 7dbb1ab8-4f83-4093-aad5-e19c29b0648c v1 POST /startReplicator to http://localhost:5173
2026-08-27 13:15:39,851 [WARNING]: Server did not set a response version, using request version...
2026-08-27 13:15:39,851 [DEBUG]: Received <- 7dd3ec51-7529-4b2d-a7f9-01b1fa5a3698 POST /startReplicator 200 from http://localhost:5173
2026-08-27 13:15:39,851 [DEBUG]: Sending (test_delete_task) -> 7dbb1ab8-4f83-4093-aad5-e19c29b0648c v1 POST /startReplicator to http://localhost:5173
2026-08-27 13:15:39,863 [WARNING]: Server did not set a response version, using request version...
2026-08-27 13:15:39,863 [DEBUG]: Received <- 7dd3ec51-7529-4b2d-a7f9-01b1fa5a3698 POST /startReplicator 200 from http://localhost:5173
2026-08-27 13:15:39,863 [INFO]: Moving to step 9:
2026-08-27 13:15:39,863 [INFO]: 	Wait for the updated doc to be pulled to db2
2026-08-27 13:15:39,864 [DEBUG]: Sending (test_delete_task) -> 7dbb1ab8-4f83-4093-aad5-e19c29b0648c v1 POST /getReplicatorStatus to http://localhost:5173
2026-08-27 13:15:39,864 [WARNING]: Server did not set a response version, using request version...
2026-08-27 13:15:39,864 [DEBUG]: Received <- 7dd3ec51-7529-4b2d-a7f9-01b1fa5a3698 POST /getReplicatorStatus 200 from http://localhost:5173
2026-08-27 13:15:40,866 [DEBUG]: Sending (test_delete_task) -> 7dbb1ab8-4f83-4093-aad5-e19c29b0648c v1 POST /getReplicatorStatus to http://localhost:5173
2026-08-27 13:15:40,868 [WARNING]: Server did not set a response version, using request version...
2026-08-27 13:15:40,868 [DEBUG]: Received <- 7dd3ec51-7529-4b2d-a7f9-01b1fa5a3698 POST /getReplicatorStatus 200 from http://localhost:5173
2026-08-27 13:15:40,868 [DEBUG]: Sending (test_delete_task) -> 7dbb1ab8-4f83-4093-aad5-e19c29b0648c v1 POST /getReplicatorStatus to http://localhost:5173
2026-08-27 13:15:40,869 [WARNING]: Server did not set a response version, using request version...
2026-08-27 13:15:40,869 [DEBUG]: Received <- 7dd3ec51-7529-4b2d-a7f9-01b1fa5a3698 POST /getReplicatorStatus 200 from http://localhost:5173
2026-08-27 13:15:40,869 [INFO]: Moving to step 10:
2026-08-27 13:15:40,869 [INFO]: 	Snapshot documents in db2
2026-08-27 13:15:40,870 [DEBUG]: Sending (test_delete_task) -> 7dbb1ab8-4f83-4093-aad5-e19c29b0648c v1 POST /snapshotDocuments to http://localhost:5173
2026-08-27 13:15:40,872 [WARNING]: Server did not set a response version, using request version...
2026-08-27 13:15:40,872 [DEBUG]: Received <- 7dd3ec51-7529-4b2d-a7f9-01b1fa5a3698 POST /snapshotDocuments 200 from http://localhost:5173
2026-08-27 13:15:40,872 [INFO]: Moving to step 11:
2026-08-27 13:15:40,872 [INFO]: 	Delete the task _default.tasks.db1-list1-task1 in db1
2026-08-27 13:15:40,872 [DEBUG]: Sending (test_delete_task) -> 7dbb1ab8-4f83-4093-aad5-e19c29b0648c v1 POST /updateDatabase to http://localhost:5173
2026-08-27 13:15:40,876 [WARNING]: Server did not set a response version, using request version...
2026-08-27 13:15:40,876 [DEBUG]: Received <- 7dd3ec51-7529-4b2d-a7f9-01b1fa5a3698 POST /updateDatabase 200 from http://localhost:5173
2026-08-27 13:15:40,876 [INFO]: Moving to step 12:
2026-08-27 13:15:40,876 [INFO]: 	Wait for the deleted document to be pulled to db2
2026-08-27 13:15:40,876 [DEBUG]: Sending (test_delete_task) -> 7dbb1ab8-4f83-4093-aad5-e19c29b0648c v1 POST /getReplicatorStatus to http://localhost:5173
2026-08-27 13:15:40,879 [WARNING]: Server did not set a response version, using request version...
2026-08-27 13:15:40,879 [DEBUG]: Received <- 7dd3ec51-7529-4b2d-a7f9-01b1fa5a3698 POST /getReplicatorStatus 200 from http://localhost:5173
2026-08-27 13:15:41,381 [DEBUG]: Sending (test_delete_task) -> 7dbb1ab8-4f83-4093-aad5-e19c29b0648c v1 POST /getReplicatorStatus to http://localhost:5173
2026-08-27 13:15:41,383 [WARNING]: Server did not set a response version, using request version...
2026-08-27 13:15:41,383 [DEBUG]: Received <- 7dd3ec51-7529-4b2d-a7f9-01b1fa5a3698 POST /getReplicatorStatus 200 from http://localhost:5173
2026-08-27 13:15:41,383 [INFO]: Moving to step 13:
2026-08-27 13:15:41,383 [INFO]: 	Verify that _default.tasks.db1-list1-task1 was deleted from db1
2026-08-27 13:15:41,383 [DEBUG]: Sending (test_delete_task) -> 7dbb1ab8-4f83-4093-aad5-e19c29b0648c v1 POST /verifyDocuments to http://localhost:5173
2026-08-27 13:15:41,385 [WARNING]: Server did not set a response version, using request version...
2026-08-27 13:15:41,386 [DEBUG]: Received <- 7dd3ec51-7529-4b2d-a7f9-01b1fa5a3698 POST /verifyDocuments 200 from http://localhost:5173
2026-08-27 13:15:41,388 [INFO]: Moving to step 14:
2026-08-27 13:15:41,388 [INFO]: 	Verify that _default.tasks.db1-list1-task1 was deleted from db2
2026-08-27 13:15:41,389 [DEBUG]: Sending (test_delete_task) -> 7dbb1ab8-4f83-4093-aad5-e19c29b0648c v1 POST /verifyDocuments to http://localhost:5173
2026-08-27 13:15:41,391 [WARNING]: Server did not set a response version, using request version...
2026-08-27 13:15:41,391 [DEBUG]: Received <- 7dd3ec51-7529-4b2d-a7f9-01b1fa5a3698 POST /verifyDocuments 200 from http://localhost:5173
2026-08-27 13:15:41,391 [DEBUG]: Sending (test_delete_task) -> 7dbb1ab8-4f83-4093-aad5-e19c29b0648c v1 POST /reset to http://localhost:5173
2026-08-27 13:15:41,425 [WARNING]: Server did not set a response version, using request version...
2026-08-27 13:15:41,425 [DEBUG]: Received <- 7dd3ec51-7529-4b2d-a7f9-01b1fa5a3698 POST /reset 200 from http://localhost:5173
PASSED
tests/dev_e2e/test_fest.py::TestFest::test_delete_list 2026-08-27 13:15:41,426 [INFO]: 🧹 Couchbase Server and Sync Gateway cleanup started
2026-08-27 13:15:41,431 [DEBUG]: 🧹 SGW <cbltest.api.syncgateway.SyncGateway object at 0x11c7d7230>: found databases ['todo'], deleting...
2026-08-27 13:15:41,508 [DEBUG]: 🧹 CBS <cbltest.api.couchbaseserver.CouchbaseServer object at 0x11c7d7620>: found buckets ['todo'], deleting...
2026-08-27 13:15:42,908 [DEBUG]: 🧹 CBS <cbltest.api.couchbaseserver.CouchbaseServer object at 0x11c7d7620>: waiting for all buckets to be deleted...
2026-08-27 13:15:42,913 [INFO]: 🧹 Couchbase Server and Sync Gateway cleanup finished
2026-08-27 13:15:42,913 [INFO]: Starting test: test_delete_list
2026-08-27 13:15:42,913 [INFO]: Moving to step 1:
2026-08-27 13:15:42,913 [INFO]: 	Reset SG and load todo dataset
2026-08-27 13:16:15,281 [INFO]: Moving to step 2:
2026-08-27 13:16:15,281 [INFO]: 	Assign roles 'lists.user1.db1-list1.contributor' to the user 'user1'
2026-08-27 13:16:15,291 [INFO]: Moving to step 3:
2026-08-27 13:16:15,291 [INFO]: 	Reset local databases load them with the todo dataset
2026-08-27 13:16:15,291 [DEBUG]: Sending (test_delete_list) -> 7dbb1ab8-4f83-4093-aad5-e19c29b0648c v1 POST /reset to http://localhost:5173
2026-08-27 13:16:15,344 [WARNING]: Server did not set a response version, using request version...
2026-08-27 13:16:15,344 [DEBUG]: Received <- 7dd3ec51-7529-4b2d-a7f9-01b1fa5a3698 POST /reset 200 from http://localhost:5173
2026-08-27 13:16:15,345 [INFO]: Moving to step 4:
2026-08-27 13:16:15,345 [INFO]: 	Create a replicator
2026-08-27 13:16:15,345 [INFO]: 	* endpoint: /todo
2026-08-27 13:16:15,345 [INFO]: 	* database: db1
2026-08-27 13:16:15,345 [INFO]: 	* collections : _default.lists, _default.tasks, _default.users
2026-08-27 13:16:15,345 [INFO]: 	* type: push-and-pull
2026-08-27 13:16:15,345 [INFO]: 	* continuous: true
2026-08-27 13:16:15,345 [INFO]: 	* enableDocumentListener: true
2026-08-27 13:16:15,345 [INFO]: 	* credentials: users[0]/pass
2026-08-27 13:16:15,345 [DEBUG]: Sync Gateway instance not using TLS, returning empty tls_cert...
2026-08-27 13:16:15,345 [INFO]: Moving to step 5:
2026-08-27 13:16:15,345 [INFO]: 	Create another replicator
2026-08-27 13:16:15,345 [INFO]: 	* endpoint: /todo
2026-08-27 13:16:15,345 [INFO]: 	* database: db2
2026-08-27 13:16:15,345 [INFO]: 	* collections : _default.lists, _default.tasks, _default.users
2026-08-27 13:16:15,345 [INFO]: 	* type: push-and-pull
2026-08-27 13:16:15,345 [INFO]: 	* continuous: true
2026-08-27 13:16:15,345 [INFO]: 	* enableDocumentListener: true
2026-08-27 13:16:15,345 [INFO]: 	* credentials: users[1]/pass
2026-08-27 13:16:15,345 [DEBUG]: Sync Gateway instance not using TLS, returning empty tls_cert...
2026-08-27 13:16:15,345 [INFO]: Moving to step 6:
2026-08-27 13:16:15,345 [INFO]: 	Create a list and two tasks in db1
2026-08-27 13:16:15,345 [DEBUG]: Sending (test_delete_list) -> 7dbb1ab8-4f83-4093-aad5-e19c29b0648c v1 POST /updateDatabase to http://localhost:5173
2026-08-27 13:16:15,374 [WARNING]: Server did not set a response version, using request version...
2026-08-27 13:16:15,374 [DEBUG]: Received <- 7dd3ec51-7529-4b2d-a7f9-01b1fa5a3698 POST /updateDatabase 200 from http://localhost:5173
2026-08-27 13:16:15,374 [INFO]: Moving to step 7:
2026-08-27 13:16:15,375 [INFO]: 	Snapshot documents in db1
2026-08-27 13:16:15,375 [DEBUG]: Sending (test_delete_list) -> 7dbb1ab8-4f83-4093-aad5-e19c29b0648c v1 POST /snapshotDocuments to http://localhost:5173
2026-08-27 13:16:15,376 [WARNING]: Server did not set a response version, using request version...
2026-08-27 13:16:15,376 [DEBUG]: Received <- 7dd3ec51-7529-4b2d-a7f9-01b1fa5a3698 POST /snapshotDocuments 200 from http://localhost:5173
2026-08-27 13:16:15,377 [INFO]: Moving to step 8:
2026-08-27 13:16:15,377 [INFO]: 	Start the replicators
2026-08-27 13:16:15,377 [DEBUG]: Sending (test_delete_list) -> 7dbb1ab8-4f83-4093-aad5-e19c29b0648c v1 POST /startReplicator to http://localhost:5173
2026-08-27 13:16:15,378 [WARNING]: Server did not set a response version, using request version...
2026-08-27 13:16:15,378 [DEBUG]: Received <- 7dd3ec51-7529-4b2d-a7f9-01b1fa5a3698 POST /startReplicator 200 from http://localhost:5173
2026-08-27 13:16:15,378 [DEBUG]: Sending (test_delete_list) -> 7dbb1ab8-4f83-4093-aad5-e19c29b0648c v1 POST /startReplicator to http://localhost:5173
2026-08-27 13:16:15,380 [WARNING]: Server did not set a response version, using request version...
2026-08-27 13:16:15,380 [DEBUG]: Received <- 7dd3ec51-7529-4b2d-a7f9-01b1fa5a3698 POST /startReplicator 200 from http://localhost:5173
2026-08-27 13:16:15,380 [INFO]: Moving to step 9:
2026-08-27 13:16:15,380 [INFO]: 	Wait for the new docs to be pulled to db2
2026-08-27 13:16:15,380 [DEBUG]: Sending (test_delete_list) -> 7dbb1ab8-4f83-4093-aad5-e19c29b0648c v1 POST /getReplicatorStatus to http://localhost:5173
2026-08-27 13:16:15,381 [WARNING]: Server did not set a response version, using request version...
2026-08-27 13:16:15,381 [DEBUG]: Received <- 7dd3ec51-7529-4b2d-a7f9-01b1fa5a3698 POST /getReplicatorStatus 200 from http://localhost:5173
2026-08-27 13:16:16,383 [DEBUG]: Sending (test_delete_list) -> 7dbb1ab8-4f83-4093-aad5-e19c29b0648c v1 POST /getReplicatorStatus to http://localhost:5173
2026-08-27 13:16:16,384 [WARNING]: Server did not set a response version, using request version...
2026-08-27 13:16:16,384 [DEBUG]: Received <- 7dd3ec51-7529-4b2d-a7f9-01b1fa5a3698 POST /getReplicatorStatus 200 from http://localhost:5173
2026-08-27 13:16:16,384 [DEBUG]: Sending (test_delete_list) -> 7dbb1ab8-4f83-4093-aad5-e19c29b0648c v1 POST /getReplicatorStatus to http://localhost:5173
2026-08-27 13:16:16,385 [WARNING]: Server did not set a response version, using request version...
2026-08-27 13:16:16,385 [DEBUG]: Received <- 7dd3ec51-7529-4b2d-a7f9-01b1fa5a3698 POST /getReplicatorStatus 200 from http://localhost:5173
2026-08-27 13:16:16,385 [INFO]: Moving to step 10:
2026-08-27 13:16:16,385 [INFO]: 	Snapshot documents in db2
2026-08-27 13:16:16,385 [DEBUG]: Sending (test_delete_list) -> 7dbb1ab8-4f83-4093-aad5-e19c29b0648c v1 POST /snapshotDocuments to http://localhost:5173
2026-08-27 13:16:16,388 [WARNING]: Server did not set a response version, using request version...
2026-08-27 13:16:16,388 [DEBUG]: Received <- 7dd3ec51-7529-4b2d-a7f9-01b1fa5a3698 POST /snapshotDocuments 200 from http://localhost:5173
2026-08-27 13:16:16,389 [INFO]: Moving to step 11:
2026-08-27 13:16:16,389 [INFO]: 	Delete the _default.tasks, db1-list1-task1 task in db1
2026-08-27 13:16:16,389 [DEBUG]: Sending (test_delete_list) -> 7dbb1ab8-4f83-4093-aad5-e19c29b0648c v1 POST /updateDatabase to http://localhost:5173
2026-08-27 13:16:16,411 [WARNING]: Server did not set a response version, using request version...
2026-08-27 13:16:16,411 [DEBUG]: Received <- 7dd3ec51-7529-4b2d-a7f9-01b1fa5a3698 POST /updateDatabase 200 from http://localhost:5173
2026-08-27 13:16:16,411 [INFO]: Moving to step 12:
2026-08-27 13:16:16,411 [INFO]: 	Wait for the deleted documents to be pulled to db2
2026-08-27 13:16:16,411 [DEBUG]: Sending (test_delete_list) -> 7dbb1ab8-4f83-4093-aad5-e19c29b0648c v1 POST /getReplicatorStatus to http://localhost:5173
2026-08-27 13:16:16,413 [WARNING]: Server did not set a response version, using request version...
2026-08-27 13:16:16,413 [DEBUG]: Received <- 7dd3ec51-7529-4b2d-a7f9-01b1fa5a3698 POST /getReplicatorStatus 200 from http://localhost:5173
2026-08-27 13:16:17,413 [DEBUG]: Sending (test_delete_list) -> 7dbb1ab8-4f83-4093-aad5-e19c29b0648c v1 POST /getReplicatorStatus to http://localhost:5173
2026-08-27 13:16:17,415 [WARNING]: Server did not set a response version, using request version...
2026-08-27 13:16:17,415 [DEBUG]: Received <- 7dd3ec51-7529-4b2d-a7f9-01b1fa5a3698 POST /getReplicatorStatus 200 from http://localhost:5173
2026-08-27 13:16:17,415 [INFO]: Moving to step 13:
2026-08-27 13:16:17,415 [INFO]: 	Verify that _default.tasks.db1-list1-task1 was deleted from db1
2026-08-27 13:16:17,415 [DEBUG]: Sending (test_delete_list) -> 7dbb1ab8-4f83-4093-aad5-e19c29b0648c v1 POST /verifyDocuments to http://localhost:5173
2026-08-27 13:16:17,419 [WARNING]: Server did not set a response version, using request version...
2026-08-27 13:16:17,419 [DEBUG]: Received <- 7dd3ec51-7529-4b2d-a7f9-01b1fa5a3698 POST /verifyDocuments 200 from http://localhost:5173
2026-08-27 13:16:17,420 [INFO]: Moving to step 14:
2026-08-27 13:16:17,420 [INFO]: 	Verify that _default.tasks.db1-list1-task1 was deleted from db2
2026-08-27 13:16:17,420 [DEBUG]: Sending (test_delete_list) -> 7dbb1ab8-4f83-4093-aad5-e19c29b0648c v1 POST /verifyDocuments to http://localhost:5173
2026-08-27 13:16:17,422 [WARNING]: Server did not set a response version, using request version...
2026-08-27 13:16:17,422 [DEBUG]: Received <- 7dd3ec51-7529-4b2d-a7f9-01b1fa5a3698 POST /verifyDocuments 200 from http://localhost:5173
2026-08-27 13:16:17,423 [DEBUG]: Sending (test_delete_list) -> 7dbb1ab8-4f83-4093-aad5-e19c29b0648c v1 POST /reset to http://localhost:5173
2026-08-27 13:16:17,441 [WARNING]: Server did not set a response version, using request version...
2026-08-27 13:16:17,441 [DEBUG]: Received <- 7dd3ec51-7529-4b2d-a7f9-01b1fa5a3698 POST /reset 200 from http://localhost:5173
PASSED
tests/dev_e2e/test_fest.py::TestFest::test_share_list 2026-08-27 13:16:17,442 [INFO]: 🧹 Couchbase Server and Sync Gateway cleanup started
2026-08-27 13:16:17,455 [DEBUG]: 🧹 SGW <cbltest.api.syncgateway.SyncGateway object at 0x11c7d7230>: found databases ['todo'], deleting...
2026-08-27 13:16:17,518 [DEBUG]: 🧹 CBS <cbltest.api.couchbaseserver.CouchbaseServer object at 0x11c7d7620>: found buckets ['todo'], deleting...
2026-08-27 13:16:18,228 [DEBUG]: 🧹 CBS <cbltest.api.couchbaseserver.CouchbaseServer object at 0x11c7d7620>: waiting for all buckets to be deleted...
2026-08-27 13:16:18,231 [INFO]: 🧹 Couchbase Server and Sync Gateway cleanup finished
2026-08-27 13:16:18,231 [INFO]: Starting test: test_share_list
2026-08-27 13:16:18,231 [INFO]: Moving to step 1:
2026-08-27 13:16:18,231 [INFO]: 	Reset SG and load todo dataset
2026-08-27 13:16:51,123 [INFO]: Moving to step 2:
2026-08-27 13:16:51,123 [INFO]: 	Assign roles 'lists.user1.db1-list1.contributor' to the user 'user1'
2026-08-27 13:16:51,133 [INFO]: Moving to step 3:
2026-08-27 13:16:51,133 [INFO]: 	Reset local databases load them with the todo dataset
2026-08-27 13:16:51,133 [DEBUG]: Sending (test_share_list) -> 7dbb1ab8-4f83-4093-aad5-e19c29b0648c v1 POST /reset to http://localhost:5173
2026-08-27 13:16:51,205 [WARNING]: Server did not set a response version, using request version...
2026-08-27 13:16:51,205 [DEBUG]: Received <- 7dd3ec51-7529-4b2d-a7f9-01b1fa5a3698 POST /reset 200 from http://localhost:5173
2026-08-27 13:16:51,206 [INFO]: Moving to step 4:
2026-08-27 13:16:51,206 [INFO]: 	Create a replicator
2026-08-27 13:16:51,206 [INFO]: 	* endpoint: /todo
2026-08-27 13:16:51,206 [INFO]: 	* database: db1
2026-08-27 13:16:51,206 [INFO]: 	* collections : _default.lists, _default.tasks, _default.users
2026-08-27 13:16:51,206 [INFO]: 	* type: push-and-pull
2026-08-27 13:16:51,206 [INFO]: 	* continuous: true
2026-08-27 13:16:51,207 [INFO]: 	* enableDocumentListener: true
2026-08-27 13:16:51,208 [INFO]: 	* credentials: users[0]/pass
2026-08-27 13:16:51,208 [DEBUG]: Sync Gateway instance not using TLS, returning empty tls_cert...
2026-08-27 13:16:51,208 [INFO]: Moving to step 5:
2026-08-27 13:16:51,208 [INFO]: 	Create another replicator
2026-08-27 13:16:51,209 [INFO]: 	* endpoint: /todo
2026-08-27 13:16:51,209 [INFO]: 	* database: db2
2026-08-27 13:16:51,209 [INFO]: 	* collections : _default.lists, _default.tasks, _default.users
2026-08-27 13:16:51,209 [INFO]: 	* type: push-and-pull
2026-08-27 13:16:51,209 [INFO]: 	* continuous: true
2026-08-27 13:16:51,209 [INFO]: 	* enableDocumentListener: true
2026-08-27 13:16:51,209 [INFO]: 	* credentials: users[1]/pass
2026-08-27 13:16:51,209 [DEBUG]: Sync Gateway instance not using TLS, returning empty tls_cert...
2026-08-27 13:16:51,209 [INFO]: Moving to step 6:
2026-08-27 13:16:51,209 [INFO]: 	Snapshot documents in db2
2026-08-27 13:16:51,210 [DEBUG]: Sending (test_share_list) -> 7dbb1ab8-4f83-4093-aad5-e19c29b0648c v1 POST /snapshotDocuments to http://localhost:5173
2026-08-27 13:16:51,212 [WARNING]: Server did not set a response version, using request version...
2026-08-27 13:16:51,212 [DEBUG]: Received <- 7dd3ec51-7529-4b2d-a7f9-01b1fa5a3698 POST /snapshotDocuments 200 from http://localhost:5173
2026-08-27 13:16:51,212 [INFO]: Moving to step 7:
2026-08-27 13:16:51,212 [INFO]: 	Start the replicators
2026-08-27 13:16:51,212 [DEBUG]: Sending (test_share_list) -> 7dbb1ab8-4f83-4093-aad5-e19c29b0648c v1 POST /startReplicator to http://localhost:5173
2026-08-27 13:16:51,213 [WARNING]: Server did not set a response version, using request version...
2026-08-27 13:16:51,213 [DEBUG]: Received <- 7dd3ec51-7529-4b2d-a7f9-01b1fa5a3698 POST /startReplicator 200 from http://localhost:5173
2026-08-27 13:16:51,214 [DEBUG]: Sending (test_share_list) -> 7dbb1ab8-4f83-4093-aad5-e19c29b0648c v1 POST /startReplicator to http://localhost:5173
2026-08-27 13:16:51,215 [WARNING]: Server did not set a response version, using request version...
2026-08-27 13:16:51,215 [DEBUG]: Received <- 7dd3ec51-7529-4b2d-a7f9-01b1fa5a3698 POST /startReplicator 200 from http://localhost:5173
2026-08-27 13:16:51,215 [INFO]: Moving to step 8:
2026-08-27 13:16:51,215 [INFO]: 	Create a list and two tasks in db1
2026-08-27 13:16:51,215 [DEBUG]: Sending (test_share_list) -> 7dbb1ab8-4f83-4093-aad5-e19c29b0648c v1 POST /updateDatabase to http://localhost:5173
2026-08-27 13:16:51,540 [WARNING]: Server did not set a response version, using request version...
2026-08-27 13:16:51,540 [DEBUG]: Received <- 7dd3ec51-7529-4b2d-a7f9-01b1fa5a3698 POST /updateDatabase 200 from http://localhost:5173
2026-08-27 13:16:51,541 [INFO]: Moving to step 9:
2026-08-27 13:16:51,541 [INFO]: 	Verify that there are no document replication events in db2, for 10 seconds
2026-08-27 13:16:51,541 [DEBUG]: Sending (test_share_list) -> 7dbb1ab8-4f83-4093-aad5-e19c29b0648c v1 POST /getReplicatorStatus to http://localhost:5173
2026-08-27 13:16:51,541 [WARNING]: Server did not set a response version, using request version...
2026-08-27 13:16:51,541 [DEBUG]: Received <- 7dd3ec51-7529-4b2d-a7f9-01b1fa5a3698 POST /getReplicatorStatus 200 from http://localhost:5173
2026-08-27 13:16:52,544 [DEBUG]: Sending (test_share_list) -> 7dbb1ab8-4f83-4093-aad5-e19c29b0648c v1 POST /getReplicatorStatus to http://localhost:5173
2026-08-27 13:16:52,545 [WARNING]: Server did not set a response version, using request version...
2026-08-27 13:16:52,545 [DEBUG]: Received <- 7dd3ec51-7529-4b2d-a7f9-01b1fa5a3698 POST /getReplicatorStatus 200 from http://localhost:5173
2026-08-27 13:16:53,547 [DEBUG]: Sending (test_share_list) -> 7dbb1ab8-4f83-4093-aad5-e19c29b0648c v1 POST /getReplicatorStatus to http://localhost:5173
2026-08-27 13:16:53,550 [WARNING]: Server did not set a response version, using request version...
2026-08-27 13:16:53,550 [DEBUG]: Received <- 7dd3ec51-7529-4b2d-a7f9-01b1fa5a3698 POST /getReplicatorStatus 200 from http://localhost:5173
2026-08-27 13:16:54,553 [DEBUG]: Sending (test_share_list) -> 7dbb1ab8-4f83-4093-aad5-e19c29b0648c v1 POST /getReplicatorStatus to http://localhost:5173
2026-08-27 13:16:54,555 [WARNING]: Server did not set a response version, using request version...
2026-08-27 13:16:54,555 [DEBUG]: Received <- 7dd3ec51-7529-4b2d-a7f9-01b1fa5a3698 POST /getReplicatorStatus 200 from http://localhost:5173
2026-08-27 13:16:55,558 [DEBUG]: Sending (test_share_list) -> 7dbb1ab8-4f83-4093-aad5-e19c29b0648c v1 POST /getReplicatorStatus to http://localhost:5173
2026-08-27 13:16:55,560 [WARNING]: Server did not set a response version, using request version...
2026-08-27 13:16:55,560 [DEBUG]: Received <- 7dd3ec51-7529-4b2d-a7f9-01b1fa5a3698 POST /getReplicatorStatus 200 from http://localhost:5173
2026-08-27 13:16:56,561 [DEBUG]: Sending (test_share_list) -> 7dbb1ab8-4f83-4093-aad5-e19c29b0648c v1 POST /getReplicatorStatus to http://localhost:5173
2026-08-27 13:16:56,565 [WARNING]: Server did not set a response version, using request version...
2026-08-27 13:16:56,565 [DEBUG]: Received <- 7dd3ec51-7529-4b2d-a7f9-01b1fa5a3698 POST /getReplicatorStatus 200 from http://localhost:5173
2026-08-27 13:16:57,568 [DEBUG]: Sending (test_share_list) -> 7dbb1ab8-4f83-4093-aad5-e19c29b0648c v1 POST /getReplicatorStatus to http://localhost:5173
2026-08-27 13:16:57,571 [WARNING]: Server did not set a response version, using request version...
2026-08-27 13:16:57,571 [DEBUG]: Received <- 7dd3ec51-7529-4b2d-a7f9-01b1fa5a3698 POST /getReplicatorStatus 200 from http://localhost:5173
2026-08-27 13:16:58,572 [DEBUG]: Sending (test_share_list) -> 7dbb1ab8-4f83-4093-aad5-e19c29b0648c v1 POST /getReplicatorStatus to http://localhost:5173
2026-08-27 13:16:58,574 [WARNING]: Server did not set a response version, using request version...
2026-08-27 13:16:58,574 [DEBUG]: Received <- 7dd3ec51-7529-4b2d-a7f9-01b1fa5a3698 POST /getReplicatorStatus 200 from http://localhost:5173
2026-08-27 13:16:59,576 [DEBUG]: Sending (test_share_list) -> 7dbb1ab8-4f83-4093-aad5-e19c29b0648c v1 POST /getReplicatorStatus to http://localhost:5173
2026-08-27 13:16:59,578 [WARNING]: Server did not set a response version, using request version...
2026-08-27 13:16:59,578 [DEBUG]: Received <- 7dd3ec51-7529-4b2d-a7f9-01b1fa5a3698 POST /getReplicatorStatus 200 from http://localhost:5173
2026-08-27 13:17:00,580 [DEBUG]: Sending (test_share_list) -> 7dbb1ab8-4f83-4093-aad5-e19c29b0648c v1 POST /getReplicatorStatus to http://localhost:5173
2026-08-27 13:17:00,581 [WARNING]: Server did not set a response version, using request version...
2026-08-27 13:17:00,581 [DEBUG]: Received <- 7dd3ec51-7529-4b2d-a7f9-01b1fa5a3698 POST /getReplicatorStatus 200 from http://localhost:5173
2026-08-27 13:17:01,583 [DEBUG]: Sending (test_share_list) -> 7dbb1ab8-4f83-4093-aad5-e19c29b0648c v1 POST /getReplicatorStatus to http://localhost:5173
2026-08-27 13:17:01,584 [WARNING]: Server did not set a response version, using request version...
2026-08-27 13:17:01,584 [DEBUG]: Received <- 7dd3ec51-7529-4b2d-a7f9-01b1fa5a3698 POST /getReplicatorStatus 200 from http://localhost:5173
2026-08-27 13:17:02,585 [INFO]: Moving to step 10:
2026-08-27 13:17:02,585 [INFO]: 	Verify that there are no new documents in db2
2026-08-27 13:17:02,586 [DEBUG]: Sending (test_share_list) -> 7dbb1ab8-4f83-4093-aad5-e19c29b0648c v1 POST /verifyDocuments to http://localhost:5173
2026-08-27 13:17:02,589 [WARNING]: Server did not set a response version, using request version...
2026-08-27 13:17:02,590 [DEBUG]: Received <- 7dd3ec51-7529-4b2d-a7f9-01b1fa5a3698 POST /verifyDocuments 200 from http://localhost:5173
2026-08-27 13:17:02,590 [INFO]: Moving to step 11:
2026-08-27 13:17:02,590 [INFO]: 	Create a user document to share the _default.lists.db1-list1 from db1
2026-08-27 13:17:02,591 [DEBUG]: Sending (test_share_list) -> 7dbb1ab8-4f83-4093-aad5-e19c29b0648c v1 POST /updateDatabase to http://localhost:5173
2026-08-27 13:17:02,596 [WARNING]: Server did not set a response version, using request version...
2026-08-27 13:17:02,597 [DEBUG]: Received <- 7dd3ec51-7529-4b2d-a7f9-01b1fa5a3698 POST /updateDatabase 200 from http://localhost:5173
2026-08-27 13:17:02,597 [INFO]: Moving to step 12:
2026-08-27 13:17:02,597 [INFO]: 	Wait for the the newly visible documents to be pulled to db2
2026-08-27 13:17:02,598 [DEBUG]: Sending (test_share_list) -> 7dbb1ab8-4f83-4093-aad5-e19c29b0648c v1 POST /getReplicatorStatus to http://localhost:5173
2026-08-27 13:17:02,600 [WARNING]: Server did not set a response version, using request version...
2026-08-27 13:17:02,600 [DEBUG]: Received <- 7dd3ec51-7529-4b2d-a7f9-01b1fa5a3698 POST /getReplicatorStatus 200 from http://localhost:5173
2026-08-27 13:17:03,102 [DEBUG]: Sending (test_share_list) -> 7dbb1ab8-4f83-4093-aad5-e19c29b0648c v1 POST /getReplicatorStatus to http://localhost:5173
2026-08-27 13:17:03,105 [WARNING]: Server did not set a response version, using request version...
2026-08-27 13:17:03,105 [DEBUG]: Received <- 7dd3ec51-7529-4b2d-a7f9-01b1fa5a3698 POST /getReplicatorStatus 200 from http://localhost:5173
2026-08-27 13:17:03,608 [DEBUG]: Sending (test_share_list) -> 7dbb1ab8-4f83-4093-aad5-e19c29b0648c v1 POST /getReplicatorStatus to http://localhost:5173
2026-08-27 13:17:03,610 [WARNING]: Server did not set a response version, using request version...
2026-08-27 13:17:03,610 [DEBUG]: Received <- 7dd3ec51-7529-4b2d-a7f9-01b1fa5a3698 POST /getReplicatorStatus 200 from http://localhost:5173
2026-08-27 13:17:04,115 [DEBUG]: Sending (test_share_list) -> 7dbb1ab8-4f83-4093-aad5-e19c29b0648c v1 POST /getReplicatorStatus to http://localhost:5173
2026-08-27 13:17:04,116 [WARNING]: Server did not set a response version, using request version...
2026-08-27 13:17:04,116 [DEBUG]: Received <- 7dd3ec51-7529-4b2d-a7f9-01b1fa5a3698 POST /getReplicatorStatus 200 from http://localhost:5173
2026-08-27 13:17:04,623 [DEBUG]: Sending (test_share_list) -> 7dbb1ab8-4f83-4093-aad5-e19c29b0648c v1 POST /getReplicatorStatus to http://localhost:5173
2026-08-27 13:17:04,625 [WARNING]: Server did not set a response version, using request version...
2026-08-27 13:17:04,625 [DEBUG]: Received <- 7dd3ec51-7529-4b2d-a7f9-01b1fa5a3698 POST /getReplicatorStatus 200 from http://localhost:5173
FAILED
tests/dev_e2e/test_fest.py::TestFest::test_update_shared_tasks 2026-08-27 13:17:05,197 [INFO]: 🧹 Couchbase Server and Sync Gateway cleanup started
2026-08-27 13:17:05,205 [DEBUG]: 🧹 SGW <cbltest.api.syncgateway.SyncGateway object at 0x11c7d7230>: found databases ['todo'], deleting...
2026-08-27 13:17:05,272 [DEBUG]: 🧹 CBS <cbltest.api.couchbaseserver.CouchbaseServer object at 0x11c7d7620>: found buckets ['todo'], deleting...
2026-08-27 13:17:05,883 [DEBUG]: 🧹 CBS <cbltest.api.couchbaseserver.CouchbaseServer object at 0x11c7d7620>: waiting for all buckets to be deleted...
2026-08-27 13:17:05,885 [INFO]: 🧹 Couchbase Server and Sync Gateway cleanup finished
2026-08-27 13:17:05,885 [INFO]: Starting test: test_update_shared_tasks
2026-08-27 13:17:05,886 [INFO]: Moving to step 1:
2026-08-27 13:17:05,886 [INFO]: 	Reset SG and load todo dataset
2026-08-27 13:17:38,758 [INFO]: Moving to step 2:
2026-08-27 13:17:38,758 [INFO]: 	Assign roles 'lists.user1.db1-list1.contributor' to the user 'user1'
2026-08-27 13:17:38,767 [INFO]: Moving to step 3:
2026-08-27 13:17:38,767 [INFO]: 	Reset local databases load them with the todo dataset
2026-08-27 13:17:38,768 [DEBUG]: Sending (test_update_shared_tasks) -> 7dbb1ab8-4f83-4093-aad5-e19c29b0648c v1 POST /reset to http://localhost:5173
2026-08-27 13:17:38,848 [WARNING]: Server did not set a response version, using request version...
2026-08-27 13:17:38,849 [DEBUG]: Received <- 7dd3ec51-7529-4b2d-a7f9-01b1fa5a3698 POST /reset 200 from http://localhost:5173
2026-08-27 13:17:38,849 [INFO]: Moving to step 4:
2026-08-27 13:17:38,849 [INFO]: 	Create a replicator
2026-08-27 13:17:38,849 [INFO]: 	* endpoint: /todo
2026-08-27 13:17:38,849 [INFO]: 	* database: db1
2026-08-27 13:17:38,849 [INFO]: 	* collections : _default.lists, _default.tasks, _default.users
2026-08-27 13:17:38,850 [INFO]: 	* type: push-and-pull
2026-08-27 13:17:38,850 [INFO]: 	* continuous: true
2026-08-27 13:17:38,850 [INFO]: 	* enableDocumentListener: true
2026-08-27 13:17:38,850 [INFO]: 	* credentials: users[0]/pass
2026-08-27 13:17:38,850 [DEBUG]: Sync Gateway instance not using TLS, returning empty tls_cert...
2026-08-27 13:17:38,850 [INFO]: Moving to step 5:
2026-08-27 13:17:38,850 [INFO]: 	Create another replicator
2026-08-27 13:17:38,850 [INFO]: 	* endpoint: /todo
2026-08-27 13:17:38,850 [INFO]: 	* database: db2
2026-08-27 13:17:38,850 [INFO]: 	* collections : _default.lists, _default.tasks, _default.users
2026-08-27 13:17:38,850 [INFO]: 	* type: push-and-pull
2026-08-27 13:17:38,850 [INFO]: 	* continuous: true
2026-08-27 13:17:38,850 [INFO]: 	* enableDocumentListener: true
2026-08-27 13:17:38,850 [INFO]: 	* credentials: users[1]/pass
2026-08-27 13:17:38,850 [DEBUG]: Sync Gateway instance not using TLS, returning empty tls_cert...
2026-08-27 13:17:38,850 [INFO]: Moving to step 6:
2026-08-27 13:17:38,850 [INFO]: 	Snapshot documents in db2
2026-08-27 13:17:38,851 [DEBUG]: Sending (test_update_shared_tasks) -> 7dbb1ab8-4f83-4093-aad5-e19c29b0648c v1 POST /snapshotDocuments to http://localhost:5173
2026-08-27 13:17:38,854 [WARNING]: Server did not set a response version, using request version...
2026-08-27 13:17:38,854 [DEBUG]: Received <- 7dd3ec51-7529-4b2d-a7f9-01b1fa5a3698 POST /snapshotDocuments 200 from http://localhost:5173
2026-08-27 13:17:38,855 [INFO]: Moving to step 7:
2026-08-27 13:17:38,855 [INFO]: 	Create a list and two tasks in db1
2026-08-27 13:17:38,856 [DEBUG]: Sending (test_update_shared_tasks) -> 7dbb1ab8-4f83-4093-aad5-e19c29b0648c v1 POST /updateDatabase to http://localhost:5173
2026-08-27 13:17:39,050 [WARNING]: Server did not set a response version, using request version...
2026-08-27 13:17:39,050 [DEBUG]: Received <- 7dd3ec51-7529-4b2d-a7f9-01b1fa5a3698 POST /updateDatabase 200 from http://localhost:5173
2026-08-27 13:17:39,050 [INFO]: Moving to step 8:
2026-08-27 13:17:39,050 [INFO]: 	Snapshot documents in db1
2026-08-27 13:17:39,050 [DEBUG]: Sending (test_update_shared_tasks) -> 7dbb1ab8-4f83-4093-aad5-e19c29b0648c v1 POST /snapshotDocuments to http://localhost:5173
2026-08-27 13:17:39,051 [WARNING]: Server did not set a response version, using request version...
2026-08-27 13:17:39,051 [DEBUG]: Received <- 7dd3ec51-7529-4b2d-a7f9-01b1fa5a3698 POST /snapshotDocuments 200 from http://localhost:5173
2026-08-27 13:17:39,051 [INFO]: Moving to step 9:
2026-08-27 13:17:39,051 [INFO]: 	Start the replicators
2026-08-27 13:17:39,052 [DEBUG]: Sending (test_update_shared_tasks) -> 7dbb1ab8-4f83-4093-aad5-e19c29b0648c v1 POST /startReplicator to http://localhost:5173
2026-08-27 13:17:39,075 [WARNING]: Server did not set a response version, using request version...
2026-08-27 13:17:39,075 [DEBUG]: Received <- 7dd3ec51-7529-4b2d-a7f9-01b1fa5a3698 POST /startReplicator 200 from http://localhost:5173
2026-08-27 13:17:39,076 [DEBUG]: Sending (test_update_shared_tasks) -> 7dbb1ab8-4f83-4093-aad5-e19c29b0648c v1 POST /startReplicator to http://localhost:5173
2026-08-27 13:17:39,077 [WARNING]: Server did not set a response version, using request version...
2026-08-27 13:17:39,077 [DEBUG]: Received <- 7dd3ec51-7529-4b2d-a7f9-01b1fa5a3698 POST /startReplicator 200 from http://localhost:5173
2026-08-27 13:17:39,077 [INFO]: Moving to step 10:
2026-08-27 13:17:39,077 [INFO]: 	Verify that there are no document replication events in db2, for 10 seconds
2026-08-27 13:17:39,078 [DEBUG]: Sending (test_update_shared_tasks) -> 7dbb1ab8-4f83-4093-aad5-e19c29b0648c v1 POST /getReplicatorStatus to http://localhost:5173
2026-08-27 13:17:39,080 [WARNING]: Server did not set a response version, using request version...
2026-08-27 13:17:39,080 [DEBUG]: Received <- 7dd3ec51-7529-4b2d-a7f9-01b1fa5a3698 POST /getReplicatorStatus 200 from http://localhost:5173
2026-08-27 13:17:40,082 [DEBUG]: Sending (test_update_shared_tasks) -> 7dbb1ab8-4f83-4093-aad5-e19c29b0648c v1 POST /getReplicatorStatus to http://localhost:5173
2026-08-27 13:17:40,084 [WARNING]: Server did not set a response version, using request version...
2026-08-27 13:17:40,084 [DEBUG]: Received <- 7dd3ec51-7529-4b2d-a7f9-01b1fa5a3698 POST /getReplicatorStatus 200 from http://localhost:5173
2026-08-27 13:17:41,086 [DEBUG]: Sending (test_update_shared_tasks) -> 7dbb1ab8-4f83-4093-aad5-e19c29b0648c v1 POST /getReplicatorStatus to http://localhost:5173
2026-08-27 13:17:41,087 [WARNING]: Server did not set a response version, using request version...
2026-08-27 13:17:41,087 [DEBUG]: Received <- 7dd3ec51-7529-4b2d-a7f9-01b1fa5a3698 POST /getReplicatorStatus 200 from http://localhost:5173
2026-08-27 13:17:42,089 [DEBUG]: Sending (test_update_shared_tasks) -> 7dbb1ab8-4f83-4093-aad5-e19c29b0648c v1 POST /getReplicatorStatus to http://localhost:5173
2026-08-27 13:17:42,091 [WARNING]: Server did not set a response version, using request version...
2026-08-27 13:17:42,091 [DEBUG]: Received <- 7dd3ec51-7529-4b2d-a7f9-01b1fa5a3698 POST /getReplicatorStatus 200 from http://localhost:5173
2026-08-27 13:17:43,092 [DEBUG]: Sending (test_update_shared_tasks) -> 7dbb1ab8-4f83-4093-aad5-e19c29b0648c v1 POST /getReplicatorStatus to http://localhost:5173
2026-08-27 13:17:43,093 [WARNING]: Server did not set a response version, using request version...
2026-08-27 13:17:43,093 [DEBUG]: Received <- 7dd3ec51-7529-4b2d-a7f9-01b1fa5a3698 POST /getReplicatorStatus 200 from http://localhost:5173
2026-08-27 13:17:44,095 [DEBUG]: Sending (test_update_shared_tasks) -> 7dbb1ab8-4f83-4093-aad5-e19c29b0648c v1 POST /getReplicatorStatus to http://localhost:5173
2026-08-27 13:17:44,097 [WARNING]: Server did not set a response version, using request version...
2026-08-27 13:17:44,097 [DEBUG]: Received <- 7dd3ec51-7529-4b2d-a7f9-01b1fa5a3698 POST /getReplicatorStatus 200 from http://localhost:5173
2026-08-27 13:17:45,099 [DEBUG]: Sending (test_update_shared_tasks) -> 7dbb1ab8-4f83-4093-aad5-e19c29b0648c v1 POST /getReplicatorStatus to http://localhost:5173
2026-08-27 13:17:45,100 [WARNING]: Server did not set a response version, using request version...
2026-08-27 13:17:45,100 [DEBUG]: Received <- 7dd3ec51-7529-4b2d-a7f9-01b1fa5a3698 POST /getReplicatorStatus 200 from http://localhost:5173
2026-08-27 13:17:46,102 [DEBUG]: Sending (test_update_shared_tasks) -> 7dbb1ab8-4f83-4093-aad5-e19c29b0648c v1 POST /getReplicatorStatus to http://localhost:5173
2026-08-27 13:17:46,105 [WARNING]: Server did not set a response version, using request version...
2026-08-27 13:17:46,105 [DEBUG]: Received <- 7dd3ec51-7529-4b2d-a7f9-01b1fa5a3698 POST /getReplicatorStatus 200 from http://localhost:5173
2026-08-27 13:17:47,106 [DEBUG]: Sending (test_update_shared_tasks) -> 7dbb1ab8-4f83-4093-aad5-e19c29b0648c v1 POST /getReplicatorStatus to http://localhost:5173
2026-08-27 13:17:47,107 [WARNING]: Server did not set a response version, using request version...
2026-08-27 13:17:47,107 [DEBUG]: Received <- 7dd3ec51-7529-4b2d-a7f9-01b1fa5a3698 POST /getReplicatorStatus 200 from http://localhost:5173
2026-08-27 13:17:48,109 [DEBUG]: Sending (test_update_shared_tasks) -> 7dbb1ab8-4f83-4093-aad5-e19c29b0648c v1 POST /getReplicatorStatus to http://localhost:5173
2026-08-27 13:17:48,111 [WARNING]: Server did not set a response version, using request version...
2026-08-27 13:17:48,112 [DEBUG]: Received <- 7dd3ec51-7529-4b2d-a7f9-01b1fa5a3698 POST /getReplicatorStatus 200 from http://localhost:5173
2026-08-27 13:17:49,113 [DEBUG]: Sending (test_update_shared_tasks) -> 7dbb1ab8-4f83-4093-aad5-e19c29b0648c v1 POST /getReplicatorStatus to http://localhost:5173
2026-08-27 13:17:49,120 [WARNING]: Server did not set a response version, using request version...
2026-08-27 13:17:49,120 [DEBUG]: Received <- 7dd3ec51-7529-4b2d-a7f9-01b1fa5a3698 POST /getReplicatorStatus 200 from http://localhost:5173
2026-08-27 13:17:50,121 [INFO]: Moving to step 11:
2026-08-27 13:17:50,121 [INFO]: 	Create a user document to share the _default.lists.db1-list1 from db1
2026-08-27 13:17:50,122 [DEBUG]: Sending (test_update_shared_tasks) -> 7dbb1ab8-4f83-4093-aad5-e19c29b0648c v1 POST /updateDatabase to http://localhost:5173
2026-08-27 13:17:50,129 [WARNING]: Server did not set a response version, using request version...
2026-08-27 13:17:50,129 [DEBUG]: Received <- 7dd3ec51-7529-4b2d-a7f9-01b1fa5a3698 POST /updateDatabase 200 from http://localhost:5173
2026-08-27 13:17:50,130 [INFO]: Moving to step 12:
2026-08-27 13:17:50,130 [INFO]: 	Wait for the newly visible docs to be pulled to db2
2026-08-27 13:17:50,130 [DEBUG]: Sending (test_update_shared_tasks) -> 7dbb1ab8-4f83-4093-aad5-e19c29b0648c v1 POST /getReplicatorStatus to http://localhost:5173
2026-08-27 13:17:50,132 [WARNING]: Server did not set a response version, using request version...
2026-08-27 13:17:50,132 [DEBUG]: Received <- 7dd3ec51-7529-4b2d-a7f9-01b1fa5a3698 POST /getReplicatorStatus 200 from http://localhost:5173
2026-08-27 13:17:50,635 [DEBUG]: Sending (test_update_shared_tasks) -> 7dbb1ab8-4f83-4093-aad5-e19c29b0648c v1 POST /getReplicatorStatus to http://localhost:5173
2026-08-27 13:17:50,637 [WARNING]: Server did not set a response version, using request version...
2026-08-27 13:17:50,637 [DEBUG]: Received <- 7dd3ec51-7529-4b2d-a7f9-01b1fa5a3698 POST /getReplicatorStatus 200 from http://localhost:5173
2026-08-27 13:17:50,637 [INFO]: Moving to step 13:
2026-08-27 13:17:50,637 [INFO]: 	Verify that the newly visible docs are in db2 and that _default.users.db1-list1-user2 is not
2026-08-27 13:17:50,638 [DEBUG]: Sending (test_update_shared_tasks) -> 7dbb1ab8-4f83-4093-aad5-e19c29b0648c v1 POST /verifyDocuments to http://localhost:5173
2026-08-27 13:17:50,758 [WARNING]: Server did not set a response version, using request version...
2026-08-27 13:17:50,758 [DEBUG]: Received <- 7dd3ec51-7529-4b2d-a7f9-01b1fa5a3698 POST /verifyDocuments 200 from http://localhost:5173
2026-08-27 13:17:50,758 [INFO]: Moving to step 14:
2026-08-27 13:17:50,758 [INFO]: 	Update _default.tasks.db1-list1-task1 and delete db1-list1-task2 in db2
2026-08-27 13:17:50,758 [DEBUG]: Sending (test_update_shared_tasks) -> 7dbb1ab8-4f83-4093-aad5-e19c29b0648c v1 POST /updateDatabase to http://localhost:5173
2026-08-27 13:17:50,770 [WARNING]: Server did not set a response version, using request version...
2026-08-27 13:17:50,770 [DEBUG]: Received <- 7dd3ec51-7529-4b2d-a7f9-01b1fa5a3698 POST /updateDatabase 200 from http://localhost:5173
2026-08-27 13:17:50,770 [INFO]: Moving to step 15:
2026-08-27 13:17:50,770 [INFO]: 	Wait for the changes to be pulled to db1
2026-08-27 13:17:50,770 [DEBUG]: Sending (test_update_shared_tasks) -> 7dbb1ab8-4f83-4093-aad5-e19c29b0648c v1 POST /getReplicatorStatus to http://localhost:5173
2026-08-27 13:17:50,771 [WARNING]: Server did not set a response version, using request version...
2026-08-27 13:17:50,771 [DEBUG]: Received <- 7dd3ec51-7529-4b2d-a7f9-01b1fa5a3698 POST /getReplicatorStatus 200 from http://localhost:5173
2026-08-27 13:17:51,273 [DEBUG]: Sending (test_update_shared_tasks) -> 7dbb1ab8-4f83-4093-aad5-e19c29b0648c v1 POST /getReplicatorStatus to http://localhost:5173
2026-08-27 13:17:51,274 [WARNING]: Server did not set a response version, using request version...
2026-08-27 13:17:51,274 [DEBUG]: Received <- 7dd3ec51-7529-4b2d-a7f9-01b1fa5a3698 POST /getReplicatorStatus 200 from http://localhost:5173
2026-08-27 13:17:51,274 [INFO]: Moving to step 16:
2026-08-27 13:17:51,274 [INFO]: 	Verify that the new docs are in db1
2026-08-27 13:17:51,275 [DEBUG]: Sending (test_update_shared_tasks) -> 7dbb1ab8-4f83-4093-aad5-e19c29b0648c v1 POST /verifyDocuments to http://localhost:5173
2026-08-27 13:17:51,282 [WARNING]: Server did not set a response version, using request version...
2026-08-27 13:17:51,282 [DEBUG]: Received <- 7dd3ec51-7529-4b2d-a7f9-01b1fa5a3698 POST /verifyDocuments 200 from http://localhost:5173
2026-08-27 13:17:51,282 [DEBUG]: Sending (test_update_shared_tasks) -> 7dbb1ab8-4f83-4093-aad5-e19c29b0648c v1 POST /reset to http://localhost:5173
2026-08-27 13:17:51,310 [WARNING]: Server did not set a response version, using request version...
2026-08-27 13:17:51,310 [DEBUG]: Received <- 7dd3ec51-7529-4b2d-a7f9-01b1fa5a3698 POST /reset 200 from http://localhost:5173
PASSED
tests/dev_e2e/test_fest.py::TestFest::test_unshare_list 2026-08-27 13:17:51,312 [INFO]: 🧹 Couchbase Server and Sync Gateway cleanup started
2026-08-27 13:17:51,321 [DEBUG]: 🧹 SGW <cbltest.api.syncgateway.SyncGateway object at 0x11c7d7230>: found databases ['todo'], deleting...
2026-08-27 13:17:51,386 [DEBUG]: 🧹 CBS <cbltest.api.couchbaseserver.CouchbaseServer object at 0x11c7d7620>: found buckets ['todo'], deleting...
2026-08-27 13:17:52,447 [DEBUG]: 🧹 CBS <cbltest.api.couchbaseserver.CouchbaseServer object at 0x11c7d7620>: waiting for all buckets to be deleted...
2026-08-27 13:17:52,450 [INFO]: 🧹 Couchbase Server and Sync Gateway cleanup finished
2026-08-27 13:17:52,450 [INFO]: Starting test: test_unshare_list
2026-08-27 13:17:52,451 [INFO]: Moving to step 1:
2026-08-27 13:17:52,451 [INFO]: 	Reset SG and load todo dataset
2026-08-27 13:18:24,969 [INFO]: Moving to step 2:
2026-08-27 13:18:24,969 [INFO]: 	Assign roles 'lists.user1.db1-list1.contributor' to the user 'user1'
2026-08-27 13:18:24,979 [INFO]: Moving to step 3:
2026-08-27 13:18:24,979 [INFO]: 	Reset local databases load them with the todo dataset
2026-08-27 13:18:24,979 [DEBUG]: Sending (test_unshare_list) -> 7dbb1ab8-4f83-4093-aad5-e19c29b0648c v1 POST /reset to http://localhost:5173
2026-08-27 13:18:25,087 [WARNING]: Server did not set a response version, using request version...
2026-08-27 13:18:25,087 [DEBUG]: Received <- 7dd3ec51-7529-4b2d-a7f9-01b1fa5a3698 POST /reset 200 from http://localhost:5173
2026-08-27 13:18:25,087 [INFO]: Moving to step 4:
2026-08-27 13:18:25,087 [INFO]: 	Create a replicator
2026-08-27 13:18:25,087 [INFO]: 	* endpoint: /todo
2026-08-27 13:18:25,087 [INFO]: 	* database: db1
2026-08-27 13:18:25,087 [INFO]: 	* collections : _default.lists, _default.tasks, _default.users
2026-08-27 13:18:25,087 [INFO]: 	* type: push-and-pull
2026-08-27 13:18:25,087 [INFO]: 	* continuous: true
2026-08-27 13:18:25,087 [INFO]: 	* enableDocumentListener: true
2026-08-27 13:18:25,087 [INFO]: 	* credentials: users[0]/pass
2026-08-27 13:18:25,087 [DEBUG]: Sync Gateway instance not using TLS, returning empty tls_cert...
2026-08-27 13:18:25,087 [INFO]: Moving to step 5:
2026-08-27 13:18:25,087 [INFO]: 	Create another replicator
2026-08-27 13:18:25,087 [INFO]: 	* endpoint: /todo
2026-08-27 13:18:25,087 [INFO]: 	* database: db2
2026-08-27 13:18:25,087 [INFO]: 	* collections : _default.lists, _default.tasks, _default.users
2026-08-27 13:18:25,087 [INFO]: 	* type: push-and-pull
2026-08-27 13:18:25,087 [INFO]: 	* continuous: true
2026-08-27 13:18:25,087 [INFO]: 	* enableDocumentListener: true
2026-08-27 13:18:25,087 [INFO]: 	* credentials: users[1]/pass
2026-08-27 13:18:25,087 [DEBUG]: Sync Gateway instance not using TLS, returning empty tls_cert...
2026-08-27 13:18:25,087 [INFO]: Moving to step 6:
2026-08-27 13:18:25,088 [INFO]: 	Snapshot documents in db2
2026-08-27 13:18:25,088 [DEBUG]: Sending (test_unshare_list) -> 7dbb1ab8-4f83-4093-aad5-e19c29b0648c v1 POST /snapshotDocuments to http://localhost:5173
2026-08-27 13:18:25,091 [WARNING]: Server did not set a response version, using request version...
2026-08-27 13:18:25,091 [DEBUG]: Received <- 7dd3ec51-7529-4b2d-a7f9-01b1fa5a3698 POST /snapshotDocuments 200 from http://localhost:5173
2026-08-27 13:18:25,091 [INFO]: Moving to step 7:
2026-08-27 13:18:25,092 [INFO]: 	Start the replicators
2026-08-27 13:18:25,092 [DEBUG]: Sending (test_unshare_list) -> 7dbb1ab8-4f83-4093-aad5-e19c29b0648c v1 POST /startReplicator to http://localhost:5173
2026-08-27 13:18:25,095 [WARNING]: Server did not set a response version, using request version...
2026-08-27 13:18:25,095 [DEBUG]: Received <- 7dd3ec51-7529-4b2d-a7f9-01b1fa5a3698 POST /startReplicator 200 from http://localhost:5173
2026-08-27 13:18:25,096 [DEBUG]: Sending (test_unshare_list) -> 7dbb1ab8-4f83-4093-aad5-e19c29b0648c v1 POST /startReplicator to http://localhost:5173
2026-08-27 13:18:25,097 [WARNING]: Server did not set a response version, using request version...
2026-08-27 13:18:25,097 [DEBUG]: Received <- 7dd3ec51-7529-4b2d-a7f9-01b1fa5a3698 POST /startReplicator 200 from http://localhost:5173
2026-08-27 13:18:25,097 [INFO]: Moving to step 8:
2026-08-27 13:18:25,097 [INFO]: 	Create a list and two tasks in db1
2026-08-27 13:18:25,097 [DEBUG]: Sending (test_unshare_list) -> 7dbb1ab8-4f83-4093-aad5-e19c29b0648c v1 POST /updateDatabase to http://localhost:5173
2026-08-27 13:18:25,621 [WARNING]: Server did not set a response version, using request version...
2026-08-27 13:18:25,621 [DEBUG]: Received <- 7dd3ec51-7529-4b2d-a7f9-01b1fa5a3698 POST /updateDatabase 200 from http://localhost:5173
2026-08-27 13:18:25,622 [INFO]: Moving to step 9:
2026-08-27 13:18:25,622 [INFO]: 	Verify that there are no document replication events in db1, for 10 seconds
2026-08-27 13:18:25,622 [DEBUG]: Sending (test_unshare_list) -> 7dbb1ab8-4f83-4093-aad5-e19c29b0648c v1 POST /getReplicatorStatus to http://localhost:5173
2026-08-27 13:18:25,626 [WARNING]: Server did not set a response version, using request version...
2026-08-27 13:18:25,626 [DEBUG]: Received <- 7dd3ec51-7529-4b2d-a7f9-01b1fa5a3698 POST /getReplicatorStatus 200 from http://localhost:5173
2026-08-27 13:18:26,628 [DEBUG]: Sending (test_unshare_list) -> 7dbb1ab8-4f83-4093-aad5-e19c29b0648c v1 POST /getReplicatorStatus to http://localhost:5173
2026-08-27 13:18:26,632 [WARNING]: Server did not set a response version, using request version...
2026-08-27 13:18:26,632 [DEBUG]: Received <- 7dd3ec51-7529-4b2d-a7f9-01b1fa5a3698 POST /getReplicatorStatus 200 from http://localhost:5173
FAILED
tests/dev_e2e/test_query_consistency.py::TestQueryConsistency::test_query_docids 2026-08-27 13:18:26,646 [INFO]: 🧹 Couchbase Server and Sync Gateway cleanup started
2026-08-27 13:18:26,650 [DEBUG]: 🧹 SGW <cbltest.api.syncgateway.SyncGateway object at 0x11c7d7230>: found databases ['todo'], deleting...
2026-08-27 13:18:26,720 [DEBUG]: 🧹 CBS <cbltest.api.couchbaseserver.CouchbaseServer object at 0x11c7d7620>: found buckets ['todo'], deleting...
2026-08-27 13:18:27,634 [DEBUG]: 🧹 CBS <cbltest.api.couchbaseserver.CouchbaseServer object at 0x11c7d7620>: waiting for all buckets to be deleted...
2026-08-27 13:18:27,638 [INFO]: 🧹 Couchbase Server and Sync Gateway cleanup finished
2026-08-27 13:18:27,638 [INFO]: Starting test: test_query_docids
2026-08-27 13:19:14,827 [DEBUG]: Sending (test_query_docids) -> 7dbb1ab8-4f83-4093-aad5-e19c29b0648c v1 POST /reset to http://localhost:5173
2026-08-27 13:19:17,049 [WARNING]: Server did not set a response version, using request version...
2026-08-27 13:19:17,050 [DEBUG]: Received <- 7dd3ec51-7529-4b2d-a7f9-01b1fa5a3698 POST /reset 200 from http://localhost:5173
2026-08-27 13:19:17,050 [DEBUG]: Sync Gateway instance not using TLS, returning empty tls_cert...
2026-08-27 13:19:17,050 [DEBUG]: Sending (test_query_docids) -> 7dbb1ab8-4f83-4093-aad5-e19c29b0648c v1 POST /startReplicator to http://localhost:5173
2026-08-27 13:19:17,051 [WARNING]: Server did not set a response version, using request version...
2026-08-27 13:19:17,051 [DEBUG]: Received <- 7dd3ec51-7529-4b2d-a7f9-01b1fa5a3698 POST /startReplicator 200 from http://localhost:5173
2026-08-27 13:19:17,052 [DEBUG]: Sending (test_query_docids) -> 7dbb1ab8-4f83-4093-aad5-e19c29b0648c v1 POST /getReplicatorStatus to http://localhost:5173
2026-08-27 13:19:17,053 [WARNING]: Server did not set a response version, using request version...
2026-08-27 13:19:17,053 [DEBUG]: Received <- 7dd3ec51-7529-4b2d-a7f9-01b1fa5a3698 POST /getReplicatorStatus 200 from http://localhost:5173
2026-08-27 13:19:18,055 [DEBUG]: Sending (test_query_docids) -> 7dbb1ab8-4f83-4093-aad5-e19c29b0648c v1 POST /getReplicatorStatus to http://localhost:5173
2026-08-27 13:19:18,061 [WARNING]: Server did not set a response version, using request version...
2026-08-27 13:19:18,061 [DEBUG]: Received <- 7dd3ec51-7529-4b2d-a7f9-01b1fa5a3698 POST /getReplicatorStatus 200 from http://localhost:5173
2026-08-27 13:19:19,064 [DEBUG]: Sending (test_query_docids) -> 7dbb1ab8-4f83-4093-aad5-e19c29b0648c v1 POST /getReplicatorStatus to http://localhost:5173
2026-08-27 13:19:19,066 [WARNING]: Server did not set a response version, using request version...
2026-08-27 13:19:19,067 [DEBUG]: Received <- 7dd3ec51-7529-4b2d-a7f9-01b1fa5a3698 POST /getReplicatorStatus 200 from http://localhost:5173
2026-08-27 13:19:20,069 [DEBUG]: Sending (test_query_docids) -> 7dbb1ab8-4f83-4093-aad5-e19c29b0648c v1 POST /getReplicatorStatus to http://localhost:5173
2026-08-27 13:19:20,097 [WARNING]: Server did not set a response version, using request version...
2026-08-27 13:19:20,097 [DEBUG]: Received <- 7dd3ec51-7529-4b2d-a7f9-01b1fa5a3698 POST /getReplicatorStatus 200 from http://localhost:5173
2026-08-27 13:19:21,101 [DEBUG]: Sending (test_query_docids) -> 7dbb1ab8-4f83-4093-aad5-e19c29b0648c v1 POST /getReplicatorStatus to http://localhost:5173
2026-08-27 13:19:21,103 [WARNING]: Server did not set a response version, using request version...
2026-08-27 13:19:21,103 [DEBUG]: Received <- 7dd3ec51-7529-4b2d-a7f9-01b1fa5a3698 POST /getReplicatorStatus 200 from http://localhost:5173
2026-08-27 13:19:21,104 [INFO]: Moving to step 1:
2026-08-27 13:19:21,104 [INFO]: 	Run 'SELECT meta().id FROM travel.airlines WHERE meta().id NOT LIKE "_sync%" ORDER BY id' on test server
2026-08-27 13:19:21,105 [DEBUG]: Sending (test_query_docids) -> 7dbb1ab8-4f83-4093-aad5-e19c29b0648c v1 POST /runQuery to http://localhost:5173
2026-08-27 13:19:21,153 [WARNING]: Server did not set a response version, using request version...
2026-08-27 13:19:21,153 [DEBUG]: Received <- 7dd3ec51-7529-4b2d-a7f9-01b1fa5a3698 POST /runQuery 200 from http://localhost:5173
2026-08-27 13:19:21,154 [INFO]: Moving to step 2:
2026-08-27 13:19:21,154 [INFO]: 	Run 'SELECT meta().id FROM travel.airlines WHERE meta().id NOT LIKE "_sync%" ORDER BY id' on remote
2026-08-27 13:19:24,644 [INFO]: Moving to step 3:
2026-08-27 13:19:24,645 [INFO]: 	Check that the results are equivalent
2026-08-27 13:19:24,645 [INFO]: Entering index '[0]'
2026-08-27 13:19:24,645 [INFO]: Entering key '.id'
2026-08-27 13:19:24,645 [INFO]: Returning to key ''
2026-08-27 13:19:24,645 [INFO]: Returning to ''
2026-08-27 13:19:24,645 [INFO]: Entering index '[1]'
2026-08-27 13:19:24,645 [INFO]: Entering key '.id'
2026-08-27 13:19:24,645 [INFO]: Returning to key ''
2026-08-27 13:19:24,645 [INFO]: Returning to ''
2026-08-27 13:19:24,645 [INFO]: Entering index '[2]'
2026-08-27 13:19:24,645 [INFO]: Entering key '.id'
2026-08-27 13:19:24,645 [INFO]: Returning to key ''
2026-08-27 13:19:24,645 [INFO]: Returning to ''
2026-08-27 13:19:24,645 [INFO]: Entering index '[3]'
2026-08-27 13:19:24,645 [INFO]: Entering key '.id'
2026-08-27 13:19:24,646 [INFO]: Returning to key ''
2026-08-27 13:19:24,646 [INFO]: Returning to ''
2026-08-27 13:19:24,646 [INFO]: Entering index '[4]'
2026-08-27 13:19:24,646 [INFO]: Entering key '.id'
2026-08-27 13:19:24,646 [INFO]: Returning to key ''
2026-08-27 13:19:24,646 [INFO]: Returning to ''
2026-08-27 13:19:24,646 [INFO]: Entering index '[5]'
2026-08-27 13:19:24,646 [INFO]: Entering key '.id'
2026-08-27 13:19:24,646 [INFO]: Returning to key ''
2026-08-27 13:19:24,646 [INFO]: Returning to ''
2026-08-27 13:19:24,646 [INFO]: Entering index '[6]'
2026-08-27 13:19:24,646 [INFO]: Entering key '.id'
2026-08-27 13:19:24,646 [INFO]: Returning to key ''
2026-08-27 13:19:24,646 [INFO]: Returning to ''
2026-08-27 13:19:24,646 [INFO]: Entering index '[7]'
2026-08-27 13:19:24,646 [INFO]: Entering key '.id'
2026-08-27 13:19:24,646 [INFO]: Returning to key ''
2026-08-27 13:19:24,646 [INFO]: Returning to ''
2026-08-27 13:19:24,646 [INFO]: Entering index '[8]'
2026-08-27 13:19:24,646 [INFO]: Entering key '.id'
2026-08-27 13:19:24,647 [INFO]: Returning to key ''
2026-08-27 13:19:24,647 [INFO]: Returning to ''
2026-08-27 13:19:24,647 [INFO]: Entering index '[9]'
2026-08-27 13:19:24,647 [INFO]: Entering key '.id'
2026-08-27 13:19:24,647 [INFO]: Returning to key ''
2026-08-27 13:19:24,647 [INFO]: Returning to ''
2026-08-27 13:19:24,647 [INFO]: Entering index '[10]'
2026-08-27 13:19:24,647 [INFO]: Entering key '.id'
2026-08-27 13:19:24,647 [INFO]: Returning to key ''
2026-08-27 13:19:24,647 [INFO]: Returning to ''
2026-08-27 13:19:24,647 [INFO]: Entering index '[11]'
2026-08-27 13:19:24,647 [INFO]: Entering key '.id'
2026-08-27 13:19:24,647 [INFO]: Returning to key ''
2026-08-27 13:19:24,647 [INFO]: Returning to ''
2026-08-27 13:19:24,647 [INFO]: Entering index '[12]'
2026-08-27 13:19:24,647 [INFO]: Entering key '.id'
2026-08-27 13:19:24,647 [INFO]: Returning to key ''
2026-08-27 13:19:24,647 [INFO]: Returning to ''
2026-08-27 13:19:24,647 [INFO]: Entering index '[13]'
2026-08-27 13:19:24,647 [INFO]: Entering key '.id'
2026-08-27 13:19:24,647 [INFO]: Returning to key ''
2026-08-27 13:19:24,648 [INFO]: Returning to ''
2026-08-27 13:19:24,648 [INFO]: Entering index '[14]'
2026-08-27 13:19:24,648 [INFO]: Entering key '.id'
2026-08-27 13:19:24,648 [INFO]: Returning to key ''
2026-08-27 13:19:24,648 [INFO]: Returning to ''
2026-08-27 13:19:24,648 [INFO]: Entering index '[15]'
2026-08-27 13:19:24,648 [INFO]: Entering key '.id'
2026-08-27 13:19:24,648 [INFO]: Returning to key ''
2026-08-27 13:19:24,648 [INFO]: Returning to ''
2026-08-27 13:19:24,648 [INFO]: Entering index '[16]'
2026-08-27 13:19:24,648 [INFO]: Entering key '.id'
2026-08-27 13:19:24,648 [INFO]: Returning to key ''
2026-08-27 13:19:24,649 [INFO]: Returning to ''
2026-08-27 13:19:24,649 [INFO]: Entering index '[17]'
2026-08-27 13:19:24,649 [INFO]: Entering key '.id'
2026-08-27 13:19:24,649 [INFO]: Returning to key ''
2026-08-27 13:19:24,649 [INFO]: Returning to ''
2026-08-27 13:19:24,649 [INFO]: Entering index '[18]'
2026-08-27 13:19:24,649 [INFO]: Entering key '.id'
2026-08-27 13:19:24,649 [INFO]: Returning to key ''
2026-08-27 13:19:24,649 [INFO]: Returning to ''
2026-08-27 13:19:24,649 [INFO]: Entering index '[19]'
2026-08-27 13:19:24,649 [INFO]: Entering key '.id'
2026-08-27 13:19:24,649 [INFO]: Returning to key ''
2026-08-27 13:19:24,649 [INFO]: Returning to ''
2026-08-27 13:19:24,649 [INFO]: Entering index '[20]'
2026-08-27 13:19:24,649 [INFO]: Entering key '.id'
2026-08-27 13:19:24,649 [INFO]: Returning to key ''
2026-08-27 13:19:24,650 [INFO]: Returning to ''
2026-08-27 13:19:24,650 [INFO]: Entering index '[21]'
2026-08-27 13:19:24,650 [INFO]: Entering key '.id'
2026-08-27 13:19:24,650 [INFO]: Returning to key ''
2026-08-27 13:19:24,650 [INFO]: Returning to ''
2026-08-27 13:19:24,650 [INFO]: Entering index '[22]'
2026-08-27 13:19:24,650 [INFO]: Entering key '.id'
2026-08-27 13:19:24,650 [INFO]: Returning to key ''
2026-08-27 13:19:24,650 [INFO]: Returning to ''
2026-08-27 13:19:24,650 [INFO]: Entering index '[23]'
2026-08-27 13:19:24,650 [INFO]: Entering key '.id'
2026-08-27 13:19:24,650 [INFO]: Returning to key ''
2026-08-27 13:19:24,650 [INFO]: Returning to ''
2026-08-27 13:19:24,650 [INFO]: Entering index '[24]'
2026-08-27 13:19:24,650 [INFO]: Entering key '.id'
2026-08-27 13:19:24,650 [INFO]: Returning to key ''
2026-08-27 13:19:24,650 [INFO]: Returning to ''
2026-08-27 13:19:24,650 [INFO]: Entering index '[25]'
2026-08-27 13:19:24,650 [INFO]: Entering key '.id'
2026-08-27 13:19:24,650 [INFO]: Returning to key ''
2026-08-27 13:19:24,650 [INFO]: Returning to ''
2026-08-27 13:19:24,650 [INFO]: Entering index '[26]'
2026-08-27 13:19:24,650 [INFO]: Entering key '.id'
2026-08-27 13:19:24,650 [INFO]: Returning to key ''
2026-08-27 13:19:24,650 [INFO]: Returning to ''
2026-08-27 13:19:24,650 [INFO]: Entering index '[27]'
2026-08-27 13:19:24,650 [INFO]: Entering key '.id'
2026-08-27 13:19:24,650 [INFO]: Returning to key ''
2026-08-27 13:19:24,650 [INFO]: Returning to ''
2026-08-27 13:19:24,651 [INFO]: Entering index '[28]'
2026-08-27 13:19:24,651 [INFO]: Entering key '.id'
2026-08-27 13:19:24,651 [INFO]: Returning to key ''
2026-08-27 13:19:24,651 [INFO]: Returning to ''
2026-08-27 13:19:24,651 [INFO]: Entering index '[29]'
2026-08-27 13:19:24,651 [INFO]: Entering key '.id'
2026-08-27 13:19:24,651 [INFO]: Returning to key ''
2026-08-27 13:19:24,651 [INFO]: Returning to ''
2026-08-27 13:19:24,651 [INFO]: Entering index '[30]'
2026-08-27 13:19:24,651 [INFO]: Entering key '.id'
2026-08-27 13:19:24,651 [INFO]: Returning to key ''
2026-08-27 13:19:24,651 [INFO]: Returning to ''
2026-08-27 13:19:24,651 [INFO]: Entering index '[31]'
2026-08-27 13:19:24,651 [INFO]: Entering key '.id'
2026-08-27 13:19:24,651 [INFO]: Returning to key ''
2026-08-27 13:19:24,651 [INFO]: Returning to ''
2026-08-27 13:19:24,651 [INFO]: Entering index '[32]'
2026-08-27 13:19:24,651 [INFO]: Entering key '.id'
2026-08-27 13:19:24,651 [INFO]: Returning to key ''
2026-08-27 13:19:24,651 [INFO]: Returning to ''
2026-08-27 13:19:24,651 [INFO]: Entering index '[33]'
2026-08-27 13:19:24,651 [INFO]: Entering key '.id'
2026-08-27 13:19:24,651 [INFO]: Returning to key ''
2026-08-27 13:19:24,651 [INFO]: Returning to ''
2026-08-27 13:19:24,651 [INFO]: Entering index '[34]'
2026-08-27 13:19:24,651 [INFO]: Entering key '.id'
2026-08-27 13:19:24,651 [INFO]: Returning to key ''
2026-08-27 13:19:24,651 [INFO]: Returning to ''
2026-08-27 13:19:24,651 [INFO]: Entering index '[35]'
2026-08-27 13:19:24,651 [INFO]: Entering key '.id'
2026-08-27 13:19:24,651 [INFO]: Returning to key ''
2026-08-27 13:19:24,651 [INFO]: Returning to ''
2026-08-27 13:19:24,651 [INFO]: Entering index '[36]'
2026-08-27 13:19:24,651 [INFO]: Entering key '.id'
2026-08-27 13:19:24,651 [INFO]: Returning to key ''
2026-08-27 13:19:24,651 [INFO]: Returning to ''
2026-08-27 13:19:24,651 [INFO]: Entering index '[37]'
2026-08-27 13:19:24,651 [INFO]: Entering key '.id'
2026-08-27 13:19:24,651 [INFO]: Returning to key ''
2026-08-27 13:19:24,651 [INFO]: Returning to ''
2026-08-27 13:19:24,651 [INFO]: Entering index '[38]'
2026-08-27 13:19:24,651 [INFO]: Entering key '.id'
2026-08-27 13:19:24,651 [INFO]: Returning to key ''
2026-08-27 13:19:24,651 [INFO]: Returning to ''
2026-08-27 13:19:24,651 [INFO]: Entering index '[39]'
2026-08-27 13:19:24,651 [INFO]: Entering key '.id'
2026-08-27 13:19:24,651 [INFO]: Returning to key ''
2026-08-27 13:19:24,651 [INFO]: Returning to ''
2026-08-27 13:19:24,651 [INFO]: Entering index '[40]'
2026-08-27 13:19:24,651 [INFO]: Entering key '.id'
2026-08-27 13:19:24,651 [INFO]: Returning to key ''
2026-08-27 13:19:24,651 [INFO]: Returning to ''
2026-08-27 13:19:24,651 [INFO]: Entering index '[41]'
2026-08-27 13:19:24,651 [INFO]: Entering key '.id'
2026-08-27 13:19:24,651 [INFO]: Returning to key ''
2026-08-27 13:19:24,651 [INFO]: Returning to ''
2026-08-27 13:19:24,651 [INFO]: Entering index '[42]'
2026-08-27 13:19:24,651 [INFO]: Entering key '.id'
2026-08-27 13:19:24,651 [INFO]: Returning to key ''
2026-08-27 13:19:24,651 [INFO]: Returning to ''
2026-08-27 13:19:24,652 [INFO]: Entering index '[43]'
2026-08-27 13:19:24,652 [INFO]: Entering key '.id'
2026-08-27 13:19:24,652 [INFO]: Returning to key ''
2026-08-27 13:19:24,652 [INFO]: Returning to ''
2026-08-27 13:19:24,652 [INFO]: Entering index '[44]'
2026-08-27 13:19:24,652 [INFO]: Entering key '.id'
2026-08-27 13:19:24,652 [INFO]: Returning to key ''
2026-08-27 13:19:24,652 [INFO]: Returning to ''
2026-08-27 13:19:24,652 [INFO]: Entering index '[45]'
2026-08-27 13:19:24,652 [INFO]: Entering key '.id'
2026-08-27 13:19:24,652 [INFO]: Returning to key ''
2026-08-27 13:19:24,652 [INFO]: Returning to ''
2026-08-27 13:19:24,652 [INFO]: Entering index '[46]'
2026-08-27 13:19:24,652 [INFO]: Entering key '.id'
2026-08-27 13:19:24,652 [INFO]: Returning to key ''
2026-08-27 13:19:24,652 [INFO]: Returning to ''
2026-08-27 13:19:24,652 [INFO]: Entering index '[47]'
2026-08-27 13:19:24,652 [INFO]: Entering key '.id'
2026-08-27 13:19:24,652 [INFO]: Returning to key ''
2026-08-27 13:19:24,652 [INFO]: Returning to ''
2026-08-27 13:19:24,652 [INFO]: Entering index '[48]'
2026-08-27 13:19:24,652 [INFO]: Entering key '.id'
2026-08-27 13:19:24,652 [INFO]: Returning to key ''
2026-08-27 13:19:24,652 [INFO]: Returning to ''
2026-08-27 13:19:24,652 [INFO]: Entering index '[49]'
2026-08-27 13:19:24,652 [INFO]: Entering key '.id'
2026-08-27 13:19:24,652 [INFO]: Returning to key ''
2026-08-27 13:19:24,652 [INFO]: Returning to ''
2026-08-27 13:19:24,652 [INFO]: Entering index '[50]'
2026-08-27 13:19:24,652 [INFO]: Entering key '.id'
2026-08-27 13:19:24,652 [INFO]: Returning to key ''
2026-08-27 13:19:24,652 [INFO]: Returning to ''
2026-08-27 13:19:24,652 [INFO]: Entering index '[51]'
2026-08-27 13:19:24,652 [INFO]: Entering key '.id'
2026-08-27 13:19:24,652 [INFO]: Returning to key ''
2026-08-27 13:19:24,652 [INFO]: Returning to ''
2026-08-27 13:19:24,652 [INFO]: Entering index '[52]'
2026-08-27 13:19:24,652 [INFO]: Entering key '.id'
2026-08-27 13:19:24,652 [INFO]: Returning to key ''
2026-08-27 13:19:24,652 [INFO]: Returning to ''
2026-08-27 13:19:24,652 [INFO]: Entering index '[53]'
2026-08-27 13:19:24,652 [INFO]: Entering key '.id'
2026-08-27 13:19:24,652 [INFO]: Returning to key ''
2026-08-27 13:19:24,652 [INFO]: Returning to ''
2026-08-27 13:19:24,652 [INFO]: Entering index '[54]'
2026-08-27 13:19:24,652 [INFO]: Entering key '.id'
2026-08-27 13:19:24,652 [INFO]: Returning to key ''
2026-08-27 13:19:24,652 [INFO]: Returning to ''
2026-08-27 13:19:24,652 [INFO]: Entering index '[55]'
2026-08-27 13:19:24,652 [INFO]: Entering key '.id'
2026-08-27 13:19:24,652 [INFO]: Returning to key ''
2026-08-27 13:19:24,652 [INFO]: Returning to ''
2026-08-27 13:19:24,652 [INFO]: Entering index '[56]'
2026-08-27 13:19:24,652 [INFO]: Entering key '.id'
2026-08-27 13:19:24,652 [INFO]: Returning to key ''
2026-08-27 13:19:24,652 [INFO]: Returning to ''
2026-08-27 13:19:24,652 [INFO]: Entering index '[57]'
2026-08-27 13:19:24,652 [INFO]: Entering key '.id'
2026-08-27 13:19:24,652 [INFO]: Returning to key ''
2026-08-27 13:19:24,652 [INFO]: Returning to ''
2026-08-27 13:19:24,652 [INFO]: Entering index '[58]'
2026-08-27 13:19:24,652 [INFO]: Entering key '.id'
2026-08-27 13:19:24,653 [INFO]: Returning to key ''
2026-08-27 13:19:24,653 [INFO]: Returning to ''
2026-08-27 13:19:24,653 [INFO]: Entering index '[59]'
2026-08-27 13:19:24,653 [INFO]: Entering key '.id'
2026-08-27 13:19:24,653 [INFO]: Returning to key ''
2026-08-27 13:19:24,653 [INFO]: Returning to ''
2026-08-27 13:19:24,653 [INFO]: Entering index '[60]'
2026-08-27 13:19:24,653 [INFO]: Entering key '.id'
2026-08-27 13:19:24,653 [INFO]: Returning to key ''
2026-08-27 13:19:24,653 [INFO]: Returning to ''
2026-08-27 13:19:24,653 [INFO]: Entering index '[61]'
2026-08-27 13:19:24,653 [INFO]: Entering key '.id'
2026-08-27 13:19:24,653 [INFO]: Returning to key ''
2026-08-27 13:19:24,653 [INFO]: Returning to ''
2026-08-27 13:19:24,653 [INFO]: Entering index '[62]'
2026-08-27 13:19:24,653 [INFO]: Entering key '.id'
2026-08-27 13:19:24,653 [INFO]: Returning to key ''
2026-08-27 13:19:24,653 [INFO]: Returning to ''
2026-08-27 13:19:24,653 [INFO]: Entering index '[63]'
2026-08-27 13:19:24,653 [INFO]: Entering key '.id'
2026-08-27 13:19:24,653 [INFO]: Returning to key ''
2026-08-27 13:19:24,653 [INFO]: Returning to ''
2026-08-27 13:19:24,653 [INFO]: Entering index '[64]'
2026-08-27 13:19:24,653 [INFO]: Entering key '.id'
2026-08-27 13:19:24,653 [INFO]: Returning to key ''
2026-08-27 13:19:24,653 [INFO]: Returning to ''
2026-08-27 13:19:24,653 [INFO]: Entering index '[65]'
2026-08-27 13:19:24,653 [INFO]: Entering key '.id'
2026-08-27 13:19:24,653 [INFO]: Returning to key ''
2026-08-27 13:19:24,653 [INFO]: Returning to ''
2026-08-27 13:19:24,653 [INFO]: Entering index '[66]'
2026-08-27 13:19:24,653 [INFO]: Entering key '.id'
2026-08-27 13:19:24,653 [INFO]: Returning to key ''
2026-08-27 13:19:24,653 [INFO]: Returning to ''
2026-08-27 13:19:24,653 [INFO]: Entering index '[67]'
2026-08-27 13:19:24,653 [INFO]: Entering key '.id'
2026-08-27 13:19:24,653 [INFO]: Returning to key ''
2026-08-27 13:19:24,653 [INFO]: Returning to ''
2026-08-27 13:19:24,653 [INFO]: Entering index '[68]'
2026-08-27 13:19:24,653 [INFO]: Entering key '.id'
2026-08-27 13:19:24,653 [INFO]: Returning to key ''
2026-08-27 13:19:24,653 [INFO]: Returning to ''
2026-08-27 13:19:24,653 [INFO]: Entering index '[69]'
2026-08-27 13:19:24,653 [INFO]: Entering key '.id'
2026-08-27 13:19:24,653 [INFO]: Returning to key ''
2026-08-27 13:19:24,653 [INFO]: Returning to ''
2026-08-27 13:19:24,653 [INFO]: Entering index '[70]'
2026-08-27 13:19:24,653 [INFO]: Entering key '.id'
2026-08-27 13:19:24,653 [INFO]: Returning to key ''
2026-08-27 13:19:24,653 [INFO]: Returning to ''
2026-08-27 13:19:24,653 [INFO]: Entering index '[71]'
2026-08-27 13:19:24,653 [INFO]: Entering key '.id'
2026-08-27 13:19:24,653 [INFO]: Returning to key ''
2026-08-27 13:19:24,653 [INFO]: Returning to ''
2026-08-27 13:19:24,653 [INFO]: Entering index '[72]'
2026-08-27 13:19:24,653 [INFO]: Entering key '.id'
2026-08-27 13:19:24,653 [INFO]: Returning to key ''
2026-08-27 13:19:24,653 [INFO]: Returning to ''
2026-08-27 13:19:24,653 [INFO]: Entering index '[73]'
2026-08-27 13:19:24,653 [INFO]: Entering key '.id'
2026-08-27 13:19:24,653 [INFO]: Returning to key ''
2026-08-27 13:19:24,653 [INFO]: Returning to ''
2026-08-27 13:19:24,654 [INFO]: Entering index '[74]'
2026-08-27 13:19:24,654 [INFO]: Entering key '.id'
2026-08-27 13:19:24,654 [INFO]: Returning to key ''
2026-08-27 13:19:24,654 [INFO]: Returning to ''
2026-08-27 13:19:24,654 [INFO]: Entering index '[75]'
2026-08-27 13:19:24,654 [INFO]: Entering key '.id'
2026-08-27 13:19:24,654 [INFO]: Returning to key ''
2026-08-27 13:19:24,654 [INFO]: Returning to ''
2026-08-27 13:19:24,654 [INFO]: Entering index '[76]'
2026-08-27 13:19:24,654 [INFO]: Entering key '.id'
2026-08-27 13:19:24,654 [INFO]: Returning to key ''
2026-08-27 13:19:24,654 [INFO]: Returning to ''
2026-08-27 13:19:24,654 [INFO]: Entering index '[77]'
2026-08-27 13:19:24,654 [INFO]: Entering key '.id'
2026-08-27 13:19:24,654 [INFO]: Returning to key ''
2026-08-27 13:19:24,654 [INFO]: Returning to ''
2026-08-27 13:19:24,654 [INFO]: Entering index '[78]'
2026-08-27 13:19:24,654 [INFO]: Entering key '.id'
2026-08-27 13:19:24,654 [INFO]: Returning to key ''
2026-08-27 13:19:24,654 [INFO]: Returning to ''
2026-08-27 13:19:24,654 [INFO]: Entering index '[79]'
2026-08-27 13:19:24,654 [INFO]: Entering key '.id'
2026-08-27 13:19:24,654 [INFO]: Returning to key ''
2026-08-27 13:19:24,654 [INFO]: Returning to ''
2026-08-27 13:19:24,654 [INFO]: Entering index '[80]'
2026-08-27 13:19:24,654 [INFO]: Entering key '.id'
2026-08-27 13:19:24,654 [INFO]: Returning to key ''
2026-08-27 13:19:24,654 [INFO]: Returning to ''
2026-08-27 13:19:24,654 [INFO]: Entering index '[81]'
2026-08-27 13:19:24,654 [INFO]: Entering key '.id'
2026-08-27 13:19:24,654 [INFO]: Returning to key ''
2026-08-27 13:19:24,654 [INFO]: Returning to ''
2026-08-27 13:19:24,654 [INFO]: Entering index '[82]'
2026-08-27 13:19:24,654 [INFO]: Entering key '.id'
2026-08-27 13:19:24,654 [INFO]: Returning to key ''
2026-08-27 13:19:24,654 [INFO]: Returning to ''
2026-08-27 13:19:24,654 [INFO]: Entering index '[83]'
2026-08-27 13:19:24,654 [INFO]: Entering key '.id'
2026-08-27 13:19:24,654 [INFO]: Returning to key ''
2026-08-27 13:19:24,654 [INFO]: Returning to ''
2026-08-27 13:19:24,654 [INFO]: Entering index '[84]'
2026-08-27 13:19:24,654 [INFO]: Entering key '.id'
2026-08-27 13:19:24,654 [INFO]: Returning to key ''
2026-08-27 13:19:24,654 [INFO]: Returning to ''
2026-08-27 13:19:24,654 [INFO]: Entering index '[85]'
2026-08-27 13:19:24,654 [INFO]: Entering key '.id'
2026-08-27 13:19:24,654 [INFO]: Returning to key ''
2026-08-27 13:19:24,654 [INFO]: Returning to ''
2026-08-27 13:19:24,654 [INFO]: Entering index '[86]'
2026-08-27 13:19:24,654 [INFO]: Entering key '.id'
2026-08-27 13:19:24,654 [INFO]: Returning to key ''
2026-08-27 13:19:24,654 [INFO]: Returning to ''
2026-08-27 13:19:24,654 [INFO]: Entering index '[87]'
2026-08-27 13:19:24,654 [INFO]: Entering key '.id'
2026-08-27 13:19:24,654 [INFO]: Returning to key ''
2026-08-27 13:19:24,654 [INFO]: Returning to ''
2026-08-27 13:19:24,654 [INFO]: Entering index '[88]'
2026-08-27 13:19:24,654 [INFO]: Entering key '.id'
2026-08-27 13:19:24,654 [INFO]: Returning to key ''
2026-08-27 13:19:24,654 [INFO]: Returning to ''
2026-08-27 13:19:24,655 [INFO]: Entering index '[89]'
2026-08-27 13:19:24,655 [INFO]: Entering key '.id'
2026-08-27 13:19:24,655 [INFO]: Returning to key ''
2026-08-27 13:19:24,655 [INFO]: Returning to ''
2026-08-27 13:19:24,655 [INFO]: Entering index '[90]'
2026-08-27 13:19:24,655 [INFO]: Entering key '.id'
2026-08-27 13:19:24,655 [INFO]: Returning to key ''
2026-08-27 13:19:24,655 [INFO]: Returning to ''
2026-08-27 13:19:24,655 [INFO]: Entering index '[91]'
2026-08-27 13:19:24,655 [INFO]: Entering key '.id'
2026-08-27 13:19:24,655 [INFO]: Returning to key ''
2026-08-27 13:19:24,655 [INFO]: Returning to ''
2026-08-27 13:19:24,655 [INFO]: Entering index '[92]'
2026-08-27 13:19:24,655 [INFO]: Entering key '.id'
2026-08-27 13:19:24,655 [INFO]: Returning to key ''
2026-08-27 13:19:24,655 [INFO]: Returning to ''
2026-08-27 13:19:24,655 [INFO]: Entering index '[93]'
2026-08-27 13:19:24,655 [INFO]: Entering key '.id'
2026-08-27 13:19:24,655 [INFO]: Returning to key ''
2026-08-27 13:19:24,655 [INFO]: Returning to ''
2026-08-27 13:19:24,655 [INFO]: Entering index '[94]'
2026-08-27 13:19:24,655 [INFO]: Entering key '.id'
2026-08-27 13:19:24,655 [INFO]: Returning to key ''
2026-08-27 13:19:24,655 [INFO]: Returning to ''
2026-08-27 13:19:24,655 [INFO]: Entering index '[95]'
2026-08-27 13:19:24,655 [INFO]: Entering key '.id'
2026-08-27 13:19:24,655 [INFO]: Returning to key ''
2026-08-27 13:19:24,655 [INFO]: Returning to ''
2026-08-27 13:19:24,655 [INFO]: Entering index '[96]'
2026-08-27 13:19:24,656 [INFO]: Entering key '.id'
2026-08-27 13:19:24,656 [INFO]: Returning to key ''
2026-08-27 13:19:24,656 [INFO]: Returning to ''
2026-08-27 13:19:24,656 [INFO]: Entering index '[97]'
2026-08-27 13:19:24,656 [INFO]: Entering key '.id'
2026-08-27 13:19:24,656 [INFO]: Returning to key ''
2026-08-27 13:19:24,656 [INFO]: Returning to ''
2026-08-27 13:19:24,656 [INFO]: Entering index '[98]'
2026-08-27 13:19:24,656 [INFO]: Entering key '.id'
2026-08-27 13:19:24,656 [INFO]: Returning to key ''
2026-08-27 13:19:24,656 [INFO]: Returning to ''
2026-08-27 13:19:24,656 [INFO]: Entering index '[99]'
2026-08-27 13:19:24,656 [INFO]: Entering key '.id'
2026-08-27 13:19:24,656 [INFO]: Returning to key ''
2026-08-27 13:19:24,656 [INFO]: Returning to ''
2026-08-27 13:19:24,656 [INFO]: Entering index '[100]'
2026-08-27 13:19:24,656 [INFO]: Entering key '.id'
2026-08-27 13:19:24,656 [INFO]: Returning to key ''
2026-08-27 13:19:24,656 [INFO]: Returning to ''
2026-08-27 13:19:24,656 [INFO]: Entering index '[101]'
2026-08-27 13:19:24,656 [INFO]: Entering key '.id'
2026-08-27 13:19:24,656 [INFO]: Returning to key ''
2026-08-27 13:19:24,656 [INFO]: Returning to ''
2026-08-27 13:19:24,656 [INFO]: Entering index '[102]'
2026-08-27 13:19:24,656 [INFO]: Entering key '.id'
2026-08-27 13:19:24,656 [INFO]: Returning to key ''
2026-08-27 13:19:24,656 [INFO]: Returning to ''
2026-08-27 13:19:24,656 [INFO]: Entering index '[103]'
2026-08-27 13:19:24,656 [INFO]: Entering key '.id'
2026-08-27 13:19:24,656 [INFO]: Returning to key ''
2026-08-27 13:19:24,656 [INFO]: Returning to ''
2026-08-27 13:19:24,656 [INFO]: Entering index '[104]'
2026-08-27 13:19:24,656 [INFO]: Entering key '.id'
2026-08-27 13:19:24,656 [INFO]: Returning to key ''
2026-08-27 13:19:24,656 [INFO]: Returning to ''
2026-08-27 13:19:24,657 [INFO]: Entering index '[105]'
2026-08-27 13:19:24,657 [INFO]: Entering key '.id'
2026-08-27 13:19:24,657 [INFO]: Returning to key ''
2026-08-27 13:19:24,657 [INFO]: Returning to ''
2026-08-27 13:19:24,657 [INFO]: Entering index '[106]'
2026-08-27 13:19:24,657 [INFO]: Entering key '.id'
2026-08-27 13:19:24,657 [INFO]: Returning to key ''
2026-08-27 13:19:24,657 [INFO]: Returning to ''
2026-08-27 13:19:24,657 [INFO]: Entering index '[107]'
2026-08-27 13:19:24,657 [INFO]: Entering key '.id'
2026-08-27 13:19:24,657 [INFO]: Returning to key ''
2026-08-27 13:19:24,657 [INFO]: Returning to ''
2026-08-27 13:19:24,657 [INFO]: Entering index '[108]'
2026-08-27 13:19:24,657 [INFO]: Entering key '.id'
2026-08-27 13:19:24,657 [INFO]: Returning to key ''
2026-08-27 13:19:24,657 [INFO]: Returning to ''
2026-08-27 13:19:24,657 [INFO]: Entering index '[109]'
2026-08-27 13:19:24,657 [INFO]: Entering key '.id'
2026-08-27 13:19:24,657 [INFO]: Returning to key ''
2026-08-27 13:19:24,657 [INFO]: Returning to ''
2026-08-27 13:19:24,657 [INFO]: Entering index '[110]'
2026-08-27 13:19:24,657 [INFO]: Entering key '.id'
2026-08-27 13:19:24,657 [INFO]: Returning to key ''
2026-08-27 13:19:24,657 [INFO]: Returning to ''
2026-08-27 13:19:24,657 [INFO]: Entering index '[111]'
2026-08-27 13:19:24,657 [INFO]: Entering key '.id'
2026-08-27 13:19:24,657 [INFO]: Returning to key ''
2026-08-27 13:19:24,657 [INFO]: Returning to ''
2026-08-27 13:19:24,657 [INFO]: Entering index '[112]'
2026-08-27 13:19:24,657 [INFO]: Entering key '.id'
2026-08-27 13:19:24,657 [INFO]: Returning to key ''
2026-08-27 13:19:24,658 [INFO]: Returning to ''
2026-08-27 13:19:24,658 [INFO]: Entering index '[113]'
2026-08-27 13:19:24,658 [INFO]: Entering key '.id'
2026-08-27 13:19:24,658 [INFO]: Returning to key ''
2026-08-27 13:19:24,658 [INFO]: Returning to ''
2026-08-27 13:19:24,658 [INFO]: Entering index '[114]'
2026-08-27 13:19:24,658 [INFO]: Entering key '.id'
2026-08-27 13:19:24,658 [INFO]: Returning to key ''
2026-08-27 13:19:24,658 [INFO]: Returning to ''
2026-08-27 13:19:24,658 [INFO]: Entering index '[115]'
2026-08-27 13:19:24,658 [INFO]: Entering key '.id'
2026-08-27 13:19:24,658 [INFO]: Returning to key ''
2026-08-27 13:19:24,658 [INFO]: Returning to ''
2026-08-27 13:19:24,658 [INFO]: Entering index '[116]'
2026-08-27 13:19:24,658 [INFO]: Entering key '.id'
2026-08-27 13:19:24,658 [INFO]: Returning to key ''
2026-08-27 13:19:24,658 [INFO]: Returning to ''
2026-08-27 13:19:24,658 [INFO]: Entering index '[117]'
2026-08-27 13:19:24,658 [INFO]: Entering key '.id'
2026-08-27 13:19:24,658 [INFO]: Returning to key ''
2026-08-27 13:19:24,658 [INFO]: Returning to ''
2026-08-27 13:19:24,658 [INFO]: Entering index '[118]'
2026-08-27 13:19:24,658 [INFO]: Entering key '.id'
2026-08-27 13:19:24,658 [INFO]: Returning to key ''
2026-08-27 13:19:24,658 [INFO]: Returning to ''
2026-08-27 13:19:24,658 [INFO]: Entering index '[119]'
2026-08-27 13:19:24,658 [INFO]: Entering key '.id'
2026-08-27 13:19:24,658 [INFO]: Returning to key ''
2026-08-27 13:19:24,658 [INFO]: Returning to ''
2026-08-27 13:19:24,658 [INFO]: Entering index '[120]'
2026-08-27 13:19:24,658 [INFO]: Entering key '.id'
2026-08-27 13:19:24,658 [INFO]: Returning to key ''
2026-08-27 13:19:24,658 [INFO]: Returning to ''
2026-08-27 13:19:24,658 [INFO]: Entering index '[121]'
2026-08-27 13:19:24,658 [INFO]: Entering key '.id'
2026-08-27 13:19:24,658 [INFO]: Returning to key ''
2026-08-27 13:19:24,658 [INFO]: Returning to ''
2026-08-27 13:19:24,658 [INFO]: Entering index '[122]'
2026-08-27 13:19:24,658 [INFO]: Entering key '.id'
2026-08-27 13:19:24,658 [INFO]: Returning to key ''
2026-08-27 13:19:24,659 [INFO]: Returning to ''
2026-08-27 13:19:24,659 [INFO]: Entering index '[123]'
2026-08-27 13:19:24,659 [INFO]: Entering key '.id'
2026-08-27 13:19:24,659 [INFO]: Returning to key ''
2026-08-27 13:19:24,659 [INFO]: Returning to ''
2026-08-27 13:19:24,659 [INFO]: Entering index '[124]'
2026-08-27 13:19:24,659 [INFO]: Entering key '.id'
2026-08-27 13:19:24,659 [INFO]: Returning to key ''
2026-08-27 13:19:24,659 [INFO]: Returning to ''
2026-08-27 13:19:24,659 [INFO]: Entering index '[125]'
2026-08-27 13:19:24,659 [INFO]: Entering key '.id'
2026-08-27 13:19:24,659 [INFO]: Returning to key ''
2026-08-27 13:19:24,659 [INFO]: Returning to ''
2026-08-27 13:19:24,659 [INFO]: Entering index '[126]'
2026-08-27 13:19:24,659 [INFO]: Entering key '.id'
2026-08-27 13:19:24,659 [INFO]: Returning to key ''
2026-08-27 13:19:24,659 [INFO]: Returning to ''
2026-08-27 13:19:24,659 [INFO]: Entering index '[127]'
2026-08-27 13:19:24,659 [INFO]: Entering key '.id'
2026-08-27 13:19:24,659 [INFO]: Returning to key ''
2026-08-27 13:19:24,659 [INFO]: Returning to ''
2026-08-27 13:19:24,659 [INFO]: Entering index '[128]'
2026-08-27 13:19:24,659 [INFO]: Entering key '.id'
2026-08-27 13:19:24,659 [INFO]: Returning to key ''
2026-08-27 13:19:24,659 [INFO]: Returning to ''
2026-08-27 13:19:24,659 [INFO]: Entering index '[129]'
2026-08-27 13:19:24,659 [INFO]: Entering key '.id'
2026-08-27 13:19:24,659 [INFO]: Returning to key ''
2026-08-27 13:19:24,659 [INFO]: Returning to ''
2026-08-27 13:19:24,659 [INFO]: Entering index '[130]'
2026-08-27 13:19:24,659 [INFO]: Entering key '.id'
2026-08-27 13:19:24,659 [INFO]: Returning to key ''
2026-08-27 13:19:24,659 [INFO]: Returning to ''
2026-08-27 13:19:24,659 [INFO]: Entering index '[131]'
2026-08-27 13:19:24,659 [INFO]: Entering key '.id'
2026-08-27 13:19:24,659 [INFO]: Returning to key ''
2026-08-27 13:19:24,659 [INFO]: Returning to ''
2026-08-27 13:19:24,660 [INFO]: Entering index '[132]'
2026-08-27 13:19:24,660 [INFO]: Entering key '.id'
2026-08-27 13:19:24,660 [INFO]: Returning to key ''
2026-08-27 13:19:24,660 [INFO]: Returning to ''
2026-08-27 13:19:24,660 [INFO]: Entering index '[133]'
2026-08-27 13:19:24,660 [INFO]: Entering key '.id'
2026-08-27 13:19:24,660 [INFO]: Returning to key ''
2026-08-27 13:19:24,660 [INFO]: Returning to ''
2026-08-27 13:19:24,660 [INFO]: Entering index '[134]'
2026-08-27 13:19:24,660 [INFO]: Entering key '.id'
2026-08-27 13:19:24,660 [INFO]: Returning to key ''
2026-08-27 13:19:24,660 [INFO]: Returning to ''
2026-08-27 13:19:24,660 [INFO]: Entering index '[135]'
2026-08-27 13:19:24,660 [INFO]: Entering key '.id'
2026-08-27 13:19:24,660 [INFO]: Returning to key ''
2026-08-27 13:19:24,660 [INFO]: Returning to ''
2026-08-27 13:19:24,660 [INFO]: Entering index '[136]'
2026-08-27 13:19:24,660 [INFO]: Entering key '.id'
2026-08-27 13:19:24,660 [INFO]: Returning to key ''
2026-08-27 13:19:24,660 [INFO]: Returning to ''
2026-08-27 13:19:24,660 [INFO]: Entering index '[137]'
2026-08-27 13:19:24,660 [INFO]: Entering key '.id'
2026-08-27 13:19:24,660 [INFO]: Returning to key ''
2026-08-27 13:19:24,660 [INFO]: Returning to ''
2026-08-27 13:19:24,660 [INFO]: Entering index '[138]'
2026-08-27 13:19:24,660 [INFO]: Entering key '.id'
2026-08-27 13:19:24,660 [INFO]: Returning to key ''
2026-08-27 13:19:24,660 [INFO]: Returning to ''
2026-08-27 13:19:24,660 [INFO]: Entering index '[139]'
2026-08-27 13:19:24,660 [INFO]: Entering key '.id'
2026-08-27 13:19:24,660 [INFO]: Returning to key ''
2026-08-27 13:19:24,660 [INFO]: Returning to ''
2026-08-27 13:19:24,660 [INFO]: Entering index '[140]'
2026-08-27 13:19:24,660 [INFO]: Entering key '.id'
2026-08-27 13:19:24,660 [INFO]: Returning to key ''
2026-08-27 13:19:24,660 [INFO]: Returning to ''
2026-08-27 13:19:24,660 [INFO]: Entering index '[141]'
2026-08-27 13:19:24,661 [INFO]: Entering key '.id'
2026-08-27 13:19:24,661 [INFO]: Returning to key ''
2026-08-27 13:19:24,661 [INFO]: Returning to ''
2026-08-27 13:19:24,661 [INFO]: Entering index '[142]'
2026-08-27 13:19:24,661 [INFO]: Entering key '.id'
2026-08-27 13:19:24,661 [INFO]: Returning to key ''
2026-08-27 13:19:24,661 [INFO]: Returning to ''
2026-08-27 13:19:24,661 [INFO]: Entering index '[143]'
2026-08-27 13:19:24,661 [INFO]: Entering key '.id'
2026-08-27 13:19:24,661 [INFO]: Returning to key ''
2026-08-27 13:19:24,661 [INFO]: Returning to ''
2026-08-27 13:19:24,661 [INFO]: Entering index '[144]'
2026-08-27 13:19:24,661 [INFO]: Entering key '.id'
2026-08-27 13:19:24,661 [INFO]: Returning to key ''
2026-08-27 13:19:24,661 [INFO]: Returning to ''
2026-08-27 13:19:24,661 [INFO]: Entering index '[145]'
2026-08-27 13:19:24,661 [INFO]: Entering key '.id'
2026-08-27 13:19:24,661 [INFO]: Returning to key ''
2026-08-27 13:19:24,661 [INFO]: Returning to ''
2026-08-27 13:19:24,661 [INFO]: Entering index '[146]'
2026-08-27 13:19:24,661 [INFO]: Entering key '.id'
2026-08-27 13:19:24,661 [INFO]: Returning to key ''
2026-08-27 13:19:24,661 [INFO]: Returning to ''
2026-08-27 13:19:24,661 [INFO]: Entering index '[147]'
2026-08-27 13:19:24,661 [INFO]: Entering key '.id'
2026-08-27 13:19:24,661 [INFO]: Returning to key ''
2026-08-27 13:19:24,661 [INFO]: Returning to ''
2026-08-27 13:19:24,661 [INFO]: Entering index '[148]'
2026-08-27 13:19:24,661 [INFO]: Entering key '.id'
2026-08-27 13:19:24,661 [INFO]: Returning to key ''
2026-08-27 13:19:24,661 [INFO]: Returning to ''
2026-08-27 13:19:24,661 [INFO]: Entering index '[149]'
2026-08-27 13:19:24,661 [INFO]: Entering key '.id'
2026-08-27 13:19:24,661 [INFO]: Returning to key ''
2026-08-27 13:19:24,661 [INFO]: Returning to ''
PASSED
tests/dev_e2e/test_query_consistency.py::TestQueryConsistency::test_any_operator 2026-08-27 13:19:24,663 [INFO]: Starting test: test_any_operator
2026-08-27 13:19:24,663 [INFO]: Moving to step 1:
2026-08-27 13:19:24,663 [INFO]: 	Run 'SELECT meta().id FROM travel.routes WHERE ANY departure IN schedule SATISFIES departure.utc > "23:41:00" END' on test server
2026-08-27 13:19:24,664 [DEBUG]: Sending (test_any_operator) -> 7dbb1ab8-4f83-4093-aad5-e19c29b0648c v1 POST /runQuery to http://localhost:5173


=================================== FAILURES ===================================
___________________________ TestFest.test_share_list ___________________________
tests/dev_e2e/test_fest.py:856: in test_share_list
    await repl2.wait_for_all_doc_events(
client/src/cbltest/api/replicator.py:300: in wait_for_all_doc_events
    raise CblTimeoutError("Timeout waiting for document update events")
E   cbltest.api.error.CblTimeoutError: Timeout waiting for document update events
------------------------------ Captured log setup ------------------------------
INFO     CBL:logging.py:111 🧹 Couchbase Server and Sync Gateway cleanup started
DEBUG    CBL:logging.py:115 🧹 SGW <cbltest.api.syncgateway.SyncGateway object at 0x11c7d7230>: found databases ['todo'], deleting...
DEBUG    CBL:logging.py:115 🧹 CBS <cbltest.api.couchbaseserver.CouchbaseServer object at 0x11c7d7620>: found buckets ['todo'], deleting...
DEBUG    CBL:logging.py:115 🧹 CBS <cbltest.api.couchbaseserver.CouchbaseServer object at 0x11c7d7620>: waiting for all buckets to be deleted...
INFO     CBL:logging.py:111 🧹 Couchbase Server and Sync Gateway cleanup finished
INFO     CBL:logging.py:111 Starting test: test_share_list
------------------------------ Captured log call -------------------------------
INFO     CBL:logging.py:111 Moving to step 1:
INFO     CBL:logging.py:111 	Reset SG and load todo dataset
INFO     CBL:logging.py:111 Moving to step 2:
INFO     CBL:logging.py:111 	Assign roles 'lists.user1.db1-list1.contributor' to the user 'user1'
INFO     CBL:logging.py:111 Moving to step 3:
INFO     CBL:logging.py:111 	Reset local databases load them with the todo dataset
DEBUG    CBL:logging.py:115 Sending (test_share_list) -> 7dbb1ab8-4f83-4093-aad5-e19c29b0648c v1 POST /reset to http://localhost:5173
WARNING  CBL:logging.py:107 Server did not set a response version, using request version...
DEBUG    CBL:logging.py:115 Received <- 7dd3ec51-7529-4b2d-a7f9-01b1fa5a3698 POST /reset 200 from http://localhost:5173
INFO     CBL:logging.py:111 Moving to step 4:
INFO     CBL:logging.py:111 	Create a replicator
INFO     CBL:logging.py:111 	* endpoint: /todo
INFO     CBL:logging.py:111 	* database: db1
INFO     CBL:logging.py:111 	* collections : _default.lists, _default.tasks, _default.users
INFO     CBL:logging.py:111 	* type: push-and-pull
INFO     CBL:logging.py:111 	* continuous: true
INFO     CBL:logging.py:111 	* enableDocumentListener: true
INFO     CBL:logging.py:111 	* credentials: users[0]/pass
DEBUG    CBL:logging.py:115 Sync Gateway instance not using TLS, returning empty tls_cert...
INFO     CBL:logging.py:111 Moving to step 5:
INFO     CBL:logging.py:111 	Create another replicator
INFO     CBL:logging.py:111 	* endpoint: /todo
INFO     CBL:logging.py:111 	* database: db2
INFO     CBL:logging.py:111 	* collections : _default.lists, _default.tasks, _default.users
INFO     CBL:logging.py:111 	* type: push-and-pull
INFO     CBL:logging.py:111 	* continuous: true
INFO     CBL:logging.py:111 	* enableDocumentListener: true
INFO     CBL:logging.py:111 	* credentials: users[1]/pass
DEBUG    CBL:logging.py:115 Sync Gateway instance not using TLS, returning empty tls_cert...
INFO     CBL:logging.py:111 Moving to step 6:
INFO     CBL:logging.py:111 	Snapshot documents in db2
DEBUG    CBL:logging.py:115 Sending (test_share_list) -> 7dbb1ab8-4f83-4093-aad5-e19c29b0648c v1 POST /snapshotDocuments to http://localhost:5173
WARNING  CBL:logging.py:107 Server did not set a response version, using request version...
DEBUG    CBL:logging.py:115 Received <- 7dd3ec51-7529-4b2d-a7f9-01b1fa5a3698 POST /snapshotDocuments 200 from http://localhost:5173
INFO     CBL:logging.py:111 Moving to step 7:
INFO     CBL:logging.py:111 	Start the replicators
DEBUG    CBL:logging.py:115 Sending (test_share_list) -> 7dbb1ab8-4f83-4093-aad5-e19c29b0648c v1 POST /startReplicator to http://localhost:5173
WARNING  CBL:logging.py:107 Server did not set a response version, using request version...
DEBUG    CBL:logging.py:115 Received <- 7dd3ec51-7529-4b2d-a7f9-01b1fa5a3698 POST /startReplicator 200 from http://localhost:5173
DEBUG    CBL:logging.py:115 Sending (test_share_list) -> 7dbb1ab8-4f83-4093-aad5-e19c29b0648c v1 POST /startReplicator to http://localhost:5173
WARNING  CBL:logging.py:107 Server did not set a response version, using request version...
DEBUG    CBL:logging.py:115 Received <- 7dd3ec51-7529-4b2d-a7f9-01b1fa5a3698 POST /startReplicator 200 from http://localhost:5173
INFO     CBL:logging.py:111 Moving to step 8:
INFO     CBL:logging.py:111 	Create a list and two tasks in db1
DEBUG    CBL:logging.py:115 Sending (test_share_list) -> 7dbb1ab8-4f83-4093-aad5-e19c29b0648c v1 POST /updateDatabase to http://localhost:5173
WARNING  CBL:logging.py:107 Server did not set a response version, using request version...
DEBUG    CBL:logging.py:115 Received <- 7dd3ec51-7529-4b2d-a7f9-01b1fa5a3698 POST /updateDatabase 200 from http://localhost:5173
INFO     CBL:logging.py:111 Moving to step 9:
INFO     CBL:logging.py:111 	Verify that there are no document replication events in db2, for 10 seconds
DEBUG    CBL:logging.py:115 Sending (test_share_list) -> 7dbb1ab8-4f83-4093-aad5-e19c29b0648c v1 POST /getReplicatorStatus to http://localhost:5173
WARNING  CBL:logging.py:107 Server did not set a response version, using request version...
DEBUG    CBL:logging.py:115 Received <- 7dd3ec51-7529-4b2d-a7f9-01b1fa5a3698 POST /getReplicatorStatus 200 from http://localhost:5173
DEBUG    CBL:logging.py:115 Sending (test_share_list) -> 7dbb1ab8-4f83-4093-aad5-e19c29b0648c v1 POST /getReplicatorStatus to http://localhost:5173
WARNING  CBL:logging.py:107 Server did not set a response version, using request version...
DEBUG    CBL:logging.py:115 Received <- 7dd3ec51-7529-4b2d-a7f9-01b1fa5a3698 POST /getReplicatorStatus 200 from http://localhost:5173
DEBUG    CBL:logging.py:115 Sending (test_share_list) -> 7dbb1ab8-4f83-4093-aad5-e19c29b0648c v1 POST /getReplicatorStatus to http://localhost:5173
WARNING  CBL:logging.py:107 Server did not set a response version, using request version...
DEBUG    CBL:logging.py:115 Received <- 7dd3ec51-7529-4b2d-a7f9-01b1fa5a3698 POST /getReplicatorStatus 200 from http://localhost:5173
DEBUG    CBL:logging.py:115 Sending (test_share_list) -> 7dbb1ab8-4f83-4093-aad5-e19c29b0648c v1 POST /getReplicatorStatus to http://localhost:5173
WARNING  CBL:logging.py:107 Server did not set a response version, using request version...
DEBUG    CBL:logging.py:115 Received <- 7dd3ec51-7529-4b2d-a7f9-01b1fa5a3698 POST /getReplicatorStatus 200 from http://localhost:5173
DEBUG    CBL:logging.py:115 Sending (test_share_list) -> 7dbb1ab8-4f83-4093-aad5-e19c29b0648c v1 POST /getReplicatorStatus to http://localhost:5173
WARNING  CBL:logging.py:107 Server did not set a response version, using request version...
DEBUG    CBL:logging.py:115 Received <- 7dd3ec51-7529-4b2d-a7f9-01b1fa5a3698 POST /getReplicatorStatus 200 from http://localhost:5173
DEBUG    CBL:logging.py:115 Sending (test_share_list) -> 7dbb1ab8-4f83-4093-aad5-e19c29b0648c v1 POST /getReplicatorStatus to http://localhost:5173
WARNING  CBL:logging.py:107 Server did not set a response version, using request version...
DEBUG    CBL:logging.py:115 Received <- 7dd3ec51-7529-4b2d-a7f9-01b1fa5a3698 POST /getReplicatorStatus 200 from http://localhost:5173
DEBUG    CBL:logging.py:115 Sending (test_share_list) -> 7dbb1ab8-4f83-4093-aad5-e19c29b0648c v1 POST /getReplicatorStatus to http://localhost:5173
WARNING  CBL:logging.py:107 Server did not set a response version, using request version...
DEBUG    CBL:logging.py:115 Received <- 7dd3ec51-7529-4b2d-a7f9-01b1fa5a3698 POST /getReplicatorStatus 200 from http://localhost:5173
DEBUG    CBL:logging.py:115 Sending (test_share_list) -> 7dbb1ab8-4f83-4093-aad5-e19c29b0648c v1 POST /getReplicatorStatus to http://localhost:5173
WARNING  CBL:logging.py:107 Server did not set a response version, using request version...
DEBUG    CBL:logging.py:115 Received <- 7dd3ec51-7529-4b2d-a7f9-01b1fa5a3698 POST /getReplicatorStatus 200 from http://localhost:5173
DEBUG    CBL:logging.py:115 Sending (test_share_list) -> 7dbb1ab8-4f83-4093-aad5-e19c29b0648c v1 POST /getReplicatorStatus to http://localhost:5173
WARNING  CBL:logging.py:107 Server did not set a response version, using request version...
DEBUG    CBL:logging.py:115 Received <- 7dd3ec51-7529-4b2d-a7f9-01b1fa5a3698 POST /getReplicatorStatus 200 from http://localhost:5173
DEBUG    CBL:logging.py:115 Sending (test_share_list) -> 7dbb1ab8-4f83-4093-aad5-e19c29b0648c v1 POST /getReplicatorStatus to http://localhost:5173
WARNING  CBL:logging.py:107 Server did not set a response version, using request version...
DEBUG    CBL:logging.py:115 Received <- 7dd3ec51-7529-4b2d-a7f9-01b1fa5a3698 POST /getReplicatorStatus 200 from http://localhost:5173
DEBUG    CBL:logging.py:115 Sending (test_share_list) -> 7dbb1ab8-4f83-4093-aad5-e19c29b0648c v1 POST /getReplicatorStatus to http://localhost:5173
WARNING  CBL:logging.py:107 Server did not set a response version, using request version...
DEBUG    CBL:logging.py:115 Received <- 7dd3ec51-7529-4b2d-a7f9-01b1fa5a3698 POST /getReplicatorStatus 200 from http://localhost:5173
INFO     CBL:logging.py:111 Moving to step 10:
INFO     CBL:logging.py:111 	Verify that there are no new documents in db2
DEBUG    CBL:logging.py:115 Sending (test_share_list) -> 7dbb1ab8-4f83-4093-aad5-e19c29b0648c v1 POST /verifyDocuments to http://localhost:5173
WARNING  CBL:logging.py:107 Server did not set a response version, using request version...
DEBUG    CBL:logging.py:115 Received <- 7dd3ec51-7529-4b2d-a7f9-01b1fa5a3698 POST /verifyDocuments 200 from http://localhost:5173
INFO     CBL:logging.py:111 Moving to step 11:
INFO     CBL:logging.py:111 	Create a user document to share the _default.lists.db1-list1 from db1
DEBUG    CBL:logging.py:115 Sending (test_share_list) -> 7dbb1ab8-4f83-4093-aad5-e19c29b0648c v1 POST /updateDatabase to http://localhost:5173
WARNING  CBL:logging.py:107 Server did not set a response version, using request version...
DEBUG    CBL:logging.py:115 Received <- 7dd3ec51-7529-4b2d-a7f9-01b1fa5a3698 POST /updateDatabase 200 from http://localhost:5173
INFO     CBL:logging.py:111 Moving to step 12:
INFO     CBL:logging.py:111 	Wait for the the newly visible documents to be pulled to db2
DEBUG    CBL:logging.py:115 Sending (test_share_list) -> 7dbb1ab8-4f83-4093-aad5-e19c29b0648c v1 POST /getReplicatorStatus to http://localhost:5173
WARNING  CBL:logging.py:107 Server did not set a response version, using request version...
DEBUG    CBL:logging.py:115 Received <- 7dd3ec51-7529-4b2d-a7f9-01b1fa5a3698 POST /getReplicatorStatus 200 from http://localhost:5173
DEBUG    CBL:logging.py:115 Sending (test_share_list) -> 7dbb1ab8-4f83-4093-aad5-e19c29b0648c v1 POST /getReplicatorStatus to http://localhost:5173
WARNING  CBL:logging.py:107 Server did not set a response version, using request version...
DEBUG    CBL:logging.py:115 Received <- 7dd3ec51-7529-4b2d-a7f9-01b1fa5a3698 POST /getReplicatorStatus 200 from http://localhost:5173
DEBUG    CBL:logging.py:115 Sending (test_share_list) -> 7dbb1ab8-4f83-4093-aad5-e19c29b0648c v1 POST /getReplicatorStatus to http://localhost:5173
WARNING  CBL:logging.py:107 Server did not set a response version, using request version...
DEBUG    CBL:logging.py:115 Received <- 7dd3ec51-7529-4b2d-a7f9-01b1fa5a3698 POST /getReplicatorStatus 200 from http://localhost:5173
DEBUG    CBL:logging.py:115 Sending (test_share_list) -> 7dbb1ab8-4f83-4093-aad5-e19c29b0648c v1 POST /getReplicatorStatus to http://localhost:5173
WARNING  CBL:logging.py:107 Server did not set a response version, using request version...
DEBUG    CBL:logging.py:115 Received <- 7dd3ec51-7529-4b2d-a7f9-01b1fa5a3698 POST /getReplicatorStatus 200 from http://localhost:5173
DEBUG    CBL:logging.py:115 Sending (test_share_list) -> 7dbb1ab8-4f83-4093-aad5-e19c29b0648c v1 POST /getReplicatorStatus to http://localhost:5173
WARNING  CBL:logging.py:107 Server did not set a response version, using request version...
DEBUG    CBL:logging.py:115 Received <- 7dd3ec51-7529-4b2d-a7f9-01b1fa5a3698 POST /getReplicatorStatus 200 from http://localhost:5173
__________________________ TestFest.test_unshare_list __________________________
tests/dev_e2e/test_fest.py:1165: in test_unshare_list
    assert found is None, (
E   AssertionError: There were unexpected replication events on replicator #2: _default.lists, db1-list1, pull, NONE
E   assert <cbltest.api.replicator_types.WaitForDocumentEventEntry object at 0x11f087e50> is None
------------------------------ Captured log setup ------------------------------
INFO     CBL:logging.py:111 🧹 Couchbase Server and Sync Gateway cleanup started
DEBUG    CBL:logging.py:115 🧹 SGW <cbltest.api.syncgateway.SyncGateway object at 0x11c7d7230>: found databases ['todo'], deleting...
DEBUG    CBL:logging.py:115 🧹 CBS <cbltest.api.couchbaseserver.CouchbaseServer object at 0x11c7d7620>: found buckets ['todo'], deleting...
DEBUG    CBL:logging.py:115 🧹 CBS <cbltest.api.couchbaseserver.CouchbaseServer object at 0x11c7d7620>: waiting for all buckets to be deleted...
INFO     CBL:logging.py:111 🧹 Couchbase Server and Sync Gateway cleanup finished
INFO     CBL:logging.py:111 Starting test: test_unshare_list
------------------------------ Captured log call -------------------------------
INFO     CBL:logging.py:111 Moving to step 1:
INFO     CBL:logging.py:111 	Reset SG and load todo dataset
INFO     CBL:logging.py:111 Moving to step 2:
INFO     CBL:logging.py:111 	Assign roles 'lists.user1.db1-list1.contributor' to the user 'user1'
INFO     CBL:logging.py:111 Moving to step 3:
INFO     CBL:logging.py:111 	Reset local databases load them with the todo dataset
DEBUG    CBL:logging.py:115 Sending (test_unshare_list) -> 7dbb1ab8-4f83-4093-aad5-e19c29b0648c v1 POST /reset to http://localhost:5173
WARNING  CBL:logging.py:107 Server did not set a response version, using request version...
DEBUG    CBL:logging.py:115 Received <- 7dd3ec51-7529-4b2d-a7f9-01b1fa5a3698 POST /reset 200 from http://localhost:5173
INFO     CBL:logging.py:111 Moving to step 4:
INFO     CBL:logging.py:111 	Create a replicator
INFO     CBL:logging.py:111 	* endpoint: /todo
INFO     CBL:logging.py:111 	* database: db1
INFO     CBL:logging.py:111 	* collections : _default.lists, _default.tasks, _default.users
INFO     CBL:logging.py:111 	* type: push-and-pull
INFO     CBL:logging.py:111 	* continuous: true
INFO     CBL:logging.py:111 	* enableDocumentListener: true
INFO     CBL:logging.py:111 	* credentials: users[0]/pass
DEBUG    CBL:logging.py:115 Sync Gateway instance not using TLS, returning empty tls_cert...
INFO     CBL:logging.py:111 Moving to step 5:
INFO     CBL:logging.py:111 	Create another replicator
INFO     CBL:logging.py:111 	* endpoint: /todo
INFO     CBL:logging.py:111 	* database: db2
INFO     CBL:logging.py:111 	* collections : _default.lists, _default.tasks, _default.users
INFO     CBL:logging.py:111 	* type: push-and-pull
INFO     CBL:logging.py:111 	* continuous: true
INFO     CBL:logging.py:111 	* enableDocumentListener: true
INFO     CBL:logging.py:111 	* credentials: users[1]/pass
DEBUG    CBL:logging.py:115 Sync Gateway instance not using TLS, returning empty tls_cert...
INFO     CBL:logging.py:111 Moving to step 6:
INFO     CBL:logging.py:111 	Snapshot documents in db2
DEBUG    CBL:logging.py:115 Sending (test_unshare_list) -> 7dbb1ab8-4f83-4093-aad5-e19c29b0648c v1 POST /snapshotDocuments to http://localhost:5173
WARNING  CBL:logging.py:107 Server did not set a response version, using request version...
DEBUG    CBL:logging.py:115 Received <- 7dd3ec51-7529-4b2d-a7f9-01b1fa5a3698 POST /snapshotDocuments 200 from http://localhost:5173
INFO     CBL:logging.py:111 Moving to step 7:
INFO     CBL:logging.py:111 	Start the replicators
DEBUG    CBL:logging.py:115 Sending (test_unshare_list) -> 7dbb1ab8-4f83-4093-aad5-e19c29b0648c v1 POST /startReplicator to http://localhost:5173
WARNING  CBL:logging.py:107 Server did not set a response version, using request version...
DEBUG    CBL:logging.py:115 Received <- 7dd3ec51-7529-4b2d-a7f9-01b1fa5a3698 POST /startReplicator 200 from http://localhost:5173
DEBUG    CBL:logging.py:115 Sending (test_unshare_list) -> 7dbb1ab8-4f83-4093-aad5-e19c29b0648c v1 POST /startReplicator to http://localhost:5173
WARNING  CBL:logging.py:107 Server did not set a response version, using request version...
DEBUG    CBL:logging.py:115 Received <- 7dd3ec51-7529-4b2d-a7f9-01b1fa5a3698 POST /startReplicator 200 from http://localhost:5173
INFO     CBL:logging.py:111 Moving to step 8:
INFO     CBL:logging.py:111 	Create a list and two tasks in db1
DEBUG    CBL:logging.py:115 Sending (test_unshare_list) -> 7dbb1ab8-4f83-4093-aad5-e19c29b0648c v1 POST /updateDatabase to http://localhost:5173
WARNING  CBL:logging.py:107 Server did not set a response version, using request version...
DEBUG    CBL:logging.py:115 Received <- 7dd3ec51-7529-4b2d-a7f9-01b1fa5a3698 POST /updateDatabase 200 from http://localhost:5173
INFO     CBL:logging.py:111 Moving to step 9:
INFO     CBL:logging.py:111 	Verify that there are no document replication events in db1, for 10 seconds
DEBUG    CBL:logging.py:115 Sending (test_unshare_list) -> 7dbb1ab8-4f83-4093-aad5-e19c29b0648c v1 POST /getReplicatorStatus to http://localhost:5173
WARNING  CBL:logging.py:107 Server did not set a response version, using request version...
DEBUG    CBL:logging.py:115 Received <- 7dd3ec51-7529-4b2d-a7f9-01b1fa5a3698 POST /getReplicatorStatus 200 from http://localhost:5173
DEBUG    CBL:logging.py:115 Sending (test_unshare_list) -> 7dbb1ab8-4f83-4093-aad5-e19c29b0648c v1 POST /getReplicatorStatus to http://localhost:5173
WARNING  CBL:logging.py:107 Server did not set a response version, using request version...
DEBUG    CBL:logging.py:115 Received <- 7dd3ec51-7529-4b2d-a7f9-01b1fa5a3698 POST /getReplicatorStatus 200 from http://localhost:5173
- generated xml file: /Users/jayant.dhingra/Desktop/couchbase-lite-tests/junit_result.xml -
=========================== short test summary info ============================
FAILED tests/dev_e2e/test_fest.py::TestFest::test_share_list - cbltest.api.er...
FAILED tests/dev_e2e/test_fest.py::TestFest::test_unshare_list - AssertionErr...
!!!!!!!!!!!!!!!!!!!!!!!!!!!!!! KeyboardInterrupt !!!!!!!!!!!!!!!!!!!!!!!!!!!!!!!
/opt/homebrew/Cellar/python@3.13/3.13.7/Frameworks/Python.framework/Versions/3.13/lib/python3.13/asyncio/runners.py:157: KeyboardInterrupt
(to show a full traceback on KeyboardInterrupt use --full-trace)
============= 2 failed, 29 passed, 3 skipped in 3789.89s (1:03:09) =============

# exit_code: 2
