# command: uv run pytest /Users/jayant.dhingra/Desktop/couchbase-lite-tests/tests/dev_e2e -v --tb=short --config=/Users/jayant.dhingra/Desktop/couchbase-lite-tests/tests/dev_e2e/config.docker-js.json --cbl-log-level=verbose -o console_output_style=classic --capture=no
# started: 2026-08-27T08:34:23.038215+00:00

============================= test session starts ==============================
platform darwin -- Python 3.13.7, pytest-9.0.2, pluggy-1.5.0 -- /Users/jayant.dhingra/Desktop/couchbase-lite-tests/.venv/bin/python
cachedir: .pytest_cache
rootdir: /Users/jayant.dhingra/Desktop/couchbase-lite-tests
configfile: pyproject.toml
plugins: cbltest-2.0.3, asyncio-1.3.0, timeout-2.5.0
asyncio: mode=Mode.STRICT, debug=False, asyncio_default_fixture_loop_scope=session, asyncio_default_test_loop_scope=function
collecting ... collected 105 items

tests/dev_e2e/edge_server/test_jwt_rotation.py::TestJWTReplication::test_replication_with_jwt_file 2026-08-27 14:04:23,672 [INFO]: -- Python test client v2.0.3 started --

2026-08-27 14:04:23,678 [DEBUG]: Sending (no-test) -> 3917af92-025e-4519-be8e-49ffccb813ad v0 GET / to http://localhost:5173
2026-08-27 14:04:23,678 [DEBUG]: Received <- 76aa3c34-64c9-438a-a24b-f32e24d91433 GET / 200 from http://localhost:5173
2026-08-27 14:04:23,682 [INFO]: RequestFactory (3917af92-025e-4519-be8e-49ffccb813ad) initialized for version 1
2026-08-27 14:04:23,682 [DEBUG]: Sending (no-test) -> 3917af92-025e-4519-be8e-49ffccb813ad v1 POST /newSession to http://localhost:5173
2026-08-27 14:04:23,682 [WARNING]: Server did not set a response version, using request version...
2026-08-27 14:04:23,682 [DEBUG]: Received <- 76aa3c34-64c9-438a-a24b-f32e24d91433 POST /newSession 200 from http://localhost:5173
2026-08-27 14:04:23,778 [INFO]: 🧹 Couchbase Server and Sync Gateway cleanup started
2026-08-27 14:04:23,787 [DEBUG]: 🧹 SGW <cbltest.api.syncgateway.SyncGateway object at 0x11378b230>: found databases ['travel'], deleting...
2026-08-27 14:04:23,894 [DEBUG]: 🧹 CBS <cbltest.api.couchbaseserver.CouchbaseServer object at 0x11378b620>: found buckets ['travel'], deleting...
2026-08-27 14:04:24,482 [DEBUG]: 🧹 CBS <cbltest.api.couchbaseserver.CouchbaseServer object at 0x11378b620>: waiting for all buckets to be deleted...
2026-08-27 14:04:24,487 [INFO]: 🧹 Couchbase Server and Sync Gateway cleanup finished
2026-08-27 14:04:24,487 [INFO]: Starting test: test_replication_with_jwt_file
2026-08-27 14:04:24,488 [INFO]: Moving to step 1:
2026-08-27 14:04:24,488 [INFO]: 	Generate RSA key pair and JWT token
2026-08-27 14:04:24,575 [INFO]: Moving to step 2:
2026-08-27 14:04:24,575 [INFO]: 	Configure SGW travel database with local_jwt provider
2026-08-27 14:05:11,743 [INFO]: Moving to step 3:
2026-08-27 14:05:11,744 [INFO]: 	Write JWT token to file on Edge Server
2026-08-27 14:05:11,928 [INFO]: Moving to step 4:
2026-08-27 14:05:11,928 [INFO]: 	Configure ES with openid_token.path auth
2026-08-27 14:05:14,316 [INFO]: Moving to step 5:
2026-08-27 14:05:14,317 [INFO]: 	Wait for replication to become idle
2026-08-27 14:05:14,554 [INFO]: Moving to step 6:
2026-08-27 14:05:14,554 [INFO]: 	Verify document parity between ES and SGW
2026-08-27 14:05:14,678 [INFO]: Moving to step 7:
2026-08-27 14:05:14,678 [INFO]: 	PASSED — Replication works with JWT file-based authentication
PASSED
tests/dev_e2e/edge_server/test_jwt_rotation.py::TestJWTReplication::test_token_rotation_reconnect 2026-08-27 14:05:14,684 [INFO]: 🧹 Couchbase Server and Sync Gateway cleanup started
2026-08-27 14:05:14,687 [DEBUG]: 🧹 SGW <cbltest.api.syncgateway.SyncGateway object at 0x11378b230>: found databases ['travel'], deleting...
2026-08-27 14:05:14,754 [DEBUG]: 🧹 CBS <cbltest.api.couchbaseserver.CouchbaseServer object at 0x11378b620>: found buckets ['travel'], deleting...
2026-08-27 14:05:15,459 [DEBUG]: 🧹 CBS <cbltest.api.couchbaseserver.CouchbaseServer object at 0x11378b620>: waiting for all buckets to be deleted...
2026-08-27 14:05:15,462 [INFO]: 🧹 Couchbase Server and Sync Gateway cleanup finished
2026-08-27 14:05:15,462 [INFO]: Starting test: test_token_rotation_reconnect
2026-08-27 14:05:15,463 [INFO]: Moving to step 1:
2026-08-27 14:05:15,463 [INFO]: 	Generate two RSA key pairs for token rotation
2026-08-27 14:05:15,539 [INFO]: Moving to step 2:
2026-08-27 14:05:15,539 [INFO]: 	Configure SGW with both JWK keys (A and B)
2026-08-27 14:05:35,052 [INFO]: Moving to step 3:
2026-08-27 14:05:35,052 [INFO]: 	Insert 5 test documents into CBS
2026-08-27 14:05:35,054 [INFO]: Moving to step 4:
2026-08-27 14:05:35,054 [INFO]: 	Write Token-A to file and start ES
2026-08-27 14:05:37,595 [INFO]: Moving to step 5:
2026-08-27 14:05:37,595 [INFO]: 	Wait for initial replication with Token-A to be idle
2026-08-27 14:05:37,835 [INFO]: Moving to step 6:
2026-08-27 14:05:37,836 [INFO]: 	Token-A replication OK: 5 docs on ES
2026-08-27 14:05:37,836 [INFO]: Moving to step 7:
2026-08-27 14:05:37,836 [INFO]: 	Rotating token: writing Token-B to file
2026-08-27 14:05:37,991 [INFO]: Moving to step 8:
2026-08-27 14:05:37,991 [INFO]: 	Waiting for ES to detect token change and reconnect
2026-08-27 14:05:37,991 [INFO]: Moving to step 9:
2026-08-27 14:05:37,991 [INFO]: 	Insert 5 more docs to verify replication after rotation
2026-08-27 14:05:37,993 [INFO]: Moving to step 10:
2026-08-27 14:05:37,994 [INFO]: 	Verify replication continues with Token-B
2026-08-27 14:05:41,005 [INFO]: Moving to step 11:
2026-08-27 14:05:41,005 [INFO]: 	PASSED — Token rotation works: 10 docs after rotating to Token-B
PASSED
tests/dev_e2e/edge_server/test_jwt_rotation.py::TestJWTReplication::test_invalid_token_rotation_causes_401_stop 2026-08-27 14:05:41,007 [INFO]: 🧹 Couchbase Server and Sync Gateway cleanup started
2026-08-27 14:05:41,012 [DEBUG]: 🧹 SGW <cbltest.api.syncgateway.SyncGateway object at 0x11378b230>: found databases ['travel'], deleting...
2026-08-27 14:05:41,075 [DEBUG]: 🧹 CBS <cbltest.api.couchbaseserver.CouchbaseServer object at 0x11378b620>: found buckets ['travel'], deleting...
2026-08-27 14:05:41,860 [DEBUG]: 🧹 CBS <cbltest.api.couchbaseserver.CouchbaseServer object at 0x11378b620>: waiting for all buckets to be deleted...
2026-08-27 14:05:41,863 [INFO]: 🧹 Couchbase Server and Sync Gateway cleanup finished
2026-08-27 14:05:41,863 [INFO]: Starting test: test_invalid_token_rotation_causes_401_stop
2026-08-27 14:05:41,863 [INFO]: Moving to step 1:
2026-08-27 14:05:41,863 [INFO]: 	Setup SGW with local_jwt for network disconnect test
2026-08-27 14:06:01,408 [INFO]: Moving to step 2:
2026-08-27 14:06:01,408 [INFO]: 	Start ES with valid JWT token
2026-08-27 14:06:04,188 [INFO]: Moving to step 3:
2026-08-27 14:06:04,188 [INFO]: 	Replication idle with valid token — confirmed working
2026-08-27 14:06:04,188 [INFO]: Moving to step 4:
2026-08-27 14:06:04,188 [INFO]: 	Writing INVALID token to JWT file
2026-08-27 14:06:04,356 [INFO]: Moving to step 5:
2026-08-27 14:06:04,356 [INFO]: 	Waiting for automatic token change detection and auth failure
2026-08-27 14:06:09,363 [INFO]: Moving to step 6:
2026-08-27 14:06:09,363 [INFO]: 	Replication status: Stopped, error: {'error': 'Invalid login', 'x-litecore-domain': 6, 'x-litecore-code': 401}
2026-08-27 14:06:09,363 [INFO]: Moving to step 7:
2026-08-27 14:06:09,363 [INFO]: 	PASSED — Invalid token correctly causes auth failure
PASSED
tests/dev_e2e/edge_server/test_jwt_rotation.py::TestJWTReplication::test_corrupt_token_file_content_mid_replication 2026-08-27 14:06:09,364 [INFO]: 🧹 Couchbase Server and Sync Gateway cleanup started
2026-08-27 14:06:09,369 [DEBUG]: 🧹 SGW <cbltest.api.syncgateway.SyncGateway object at 0x11378b230>: found databases ['travel'], deleting...
2026-08-27 14:06:09,442 [DEBUG]: 🧹 CBS <cbltest.api.couchbaseserver.CouchbaseServer object at 0x11378b620>: found buckets ['travel'], deleting...
2026-08-27 14:06:10,115 [DEBUG]: 🧹 CBS <cbltest.api.couchbaseserver.CouchbaseServer object at 0x11378b620>: waiting for all buckets to be deleted...
2026-08-27 14:06:10,120 [INFO]: 🧹 Couchbase Server and Sync Gateway cleanup finished
2026-08-27 14:06:10,121 [INFO]: Starting test: test_corrupt_token_file_content_mid_replication
2026-08-27 14:06:10,121 [INFO]: Moving to step 1:
2026-08-27 14:06:10,122 [INFO]: 	Setup SGW for file deletion test
2026-08-27 14:06:29,734 [INFO]: Moving to step 2:
2026-08-27 14:06:29,734 [INFO]: 	Start ES with valid JWT file
2026-08-27 14:06:32,501 [INFO]: Moving to step 3:
2026-08-27 14:06:32,502 [INFO]: 	Replication idle — now deleting JWT file
2026-08-27 14:06:32,504 [INFO]: Moving to step 4:
2026-08-27 14:06:32,504 [INFO]: 	Overwriting JWT file with invalid content on ES
2026-08-27 14:06:32,665 [INFO]: Moving to step 5:
2026-08-27 14:06:32,665 [INFO]: 	Polling for ES to detect corrupt token
2026-08-27 14:07:02,740 [INFO]: Moving to step 6:
2026-08-27 14:07:02,740 [INFO]: 	After file deletion — Status: Idle, Error: {}
2026-08-27 14:07:02,740 [INFO]: Moving to step 7:
2026-08-27 14:07:02,740 [INFO]: 	INFO — ES kept existing connection alive after file emptied (file watcher may only trigger on valid content change)
PASSED
tests/dev_e2e/edge_server/test_jwt_rotation.py::TestJWTReplication::test_valid_invalid_valid_token_cycle 2026-08-27 14:07:02,741 [INFO]: 🧹 Couchbase Server and Sync Gateway cleanup started
2026-08-27 14:07:02,748 [DEBUG]: 🧹 SGW <cbltest.api.syncgateway.SyncGateway object at 0x11378b230>: found databases ['travel'], deleting...
2026-08-27 14:07:02,808 [DEBUG]: 🧹 CBS <cbltest.api.couchbaseserver.CouchbaseServer object at 0x11378b620>: found buckets ['travel'], deleting...
2026-08-27 14:07:03,471 [DEBUG]: 🧹 CBS <cbltest.api.couchbaseserver.CouchbaseServer object at 0x11378b620>: waiting for all buckets to be deleted...
2026-08-27 14:07:03,474 [INFO]: 🧹 Couchbase Server and Sync Gateway cleanup finished
2026-08-27 14:07:03,474 [INFO]: Starting test: test_valid_invalid_valid_token_cycle
2026-08-27 14:07:03,474 [INFO]: Moving to step 1:
2026-08-27 14:07:03,474 [INFO]: 	Generate valid key pair A, invalid key, and valid key pair C
2026-08-27 14:07:03,653 [INFO]: Moving to step 2:
2026-08-27 14:07:03,653 [INFO]: 	Configure SGW with valid keys A and C
2026-08-27 14:07:21,637 [INFO]: Moving to step 3:
2026-08-27 14:07:21,637 [INFO]: 	Insert 3 initial documents
2026-08-27 14:07:21,639 [INFO]: Moving to step 4:
2026-08-27 14:07:21,639 [INFO]: 	Phase 1: Start ES with valid Token-A
2026-08-27 14:07:24,414 [INFO]: Moving to step 5:
2026-08-27 14:07:24,414 [INFO]: 	Phase 1 OK: 6 docs replicated with Token-A
2026-08-27 14:07:24,414 [INFO]: Moving to step 6:
2026-08-27 14:07:24,414 [INFO]: 	Phase 2: Writing INVALID token to file
2026-08-27 14:07:27,584 [INFO]: Moving to step 7:
2026-08-27 14:07:27,584 [INFO]: 	Phase 2 OK: Replication permanently stopped after invalid token (status: Stopped, 401 is not transient → no retry)
2026-08-27 14:07:27,584 [INFO]: Moving to step 8:
2026-08-27 14:07:27,584 [INFO]: 	Insert 3 more docs while replication is stopped
2026-08-27 14:07:27,593 [INFO]: Moving to step 9:
2026-08-27 14:07:27,594 [INFO]: 	Docs on ES while stopped: 6 (should still be 6)
2026-08-27 14:07:27,594 [INFO]: Moving to step 10:
2026-08-27 14:07:27,594 [INFO]: 	Phase 3: Writing valid Token-C and re-triggering _replicate (FileWatcher destroyed after 401 → manual restart required)
2026-08-27 14:07:30,376 [INFO]: Moving to step 11:
2026-08-27 14:07:30,376 [INFO]: 	PASSED — Valid→Invalid→Valid cycle complete: 9 docs. Phase 2: Invalid token → automatic 401 permanent stop. Phase 3: Valid token → manual _replicate re-trigger required (FileWatcher destroyed after 401).
PASSED
tests/dev_e2e/edge_server/test_jwt_simple.py::TestJWTSimple::test_jwt_replication_reconnect_false 2026-08-27 14:07:30,379 [INFO]: 🧹 Couchbase Server and Sync Gateway cleanup started
2026-08-27 14:07:30,383 [DEBUG]: 🧹 SGW <cbltest.api.syncgateway.SyncGateway object at 0x11378b230>: found databases ['travel'], deleting...
2026-08-27 14:07:30,436 [DEBUG]: 🧹 CBS <cbltest.api.couchbaseserver.CouchbaseServer object at 0x11378b620>: found buckets ['travel'], deleting...
2026-08-27 14:07:30,855 [DEBUG]: 🧹 CBS <cbltest.api.couchbaseserver.CouchbaseServer object at 0x11378b620>: waiting for all buckets to be deleted...
2026-08-27 14:07:30,862 [INFO]: 🧹 Couchbase Server and Sync Gateway cleanup finished
2026-08-27 14:07:30,862 [INFO]: Starting test: test_jwt_replication_reconnect_false
2026-08-27 14:07:30,863 [INFO]: Moving to step 1:
2026-08-27 14:07:30,863 [INFO]: 	Generating RSA key pair and JWT token.
2026-08-27 14:07:30,917 [INFO]: Moving to step 2:
2026-08-27 14:07:30,917 [INFO]: 	Creating travel bucket on Couchbase Server.
2026-08-27 14:07:33,590 [INFO]: Moving to step 3:
2026-08-27 14:07:33,590 [INFO]: 	Creating SGW database with local_jwt provider.
2026-08-27 14:07:50,704 [INFO]: Moving to step 4:
2026-08-27 14:07:50,705 [INFO]: 	Adding JWT user with channel access.
2026-08-27 14:07:50,759 [INFO]: Moving to step 5:
2026-08-27 14:07:50,759 [INFO]: 	Adding 5 documents to CBS bucket.
2026-08-27 14:07:50,762 [INFO]: Moving to step 6:
2026-08-27 14:07:50,762 [INFO]: 	Waiting for SGW to import documents from CBS.
2026-08-27 14:07:50,776 [INFO]: Moving to step 7:
2026-08-27 14:07:50,776 [INFO]: 	Verifying JWT token against SGW REST API.
2026-08-27 14:07:50,783 [INFO]: Moving to step 8:
2026-08-27 14:07:50,783 [INFO]: 	Configuring Edge Server with JWT auth (inline token).
2026-08-27 14:07:53,158 [INFO]: Moving to step 9:
2026-08-27 14:07:53,158 [INFO]: 	Waiting for replication to Edge Server to be idle.
2026-08-27 14:07:54,412 [INFO]: Moving to step 10:
2026-08-27 14:07:54,412 [INFO]: 	Verifying that Edge Server has replicated documents.
2026-08-27 14:07:54,414 [INFO]: Moving to step 11:
2026-08-27 14:07:54,414 [INFO]: 	Verifying document accessible on Edge Server.
PASSED
tests/dev_e2e/test_basic_multipeer.py::TestMultipeer::test_medium_mesh_sanity 2026-08-27 14:07:54,418 [INFO]: Test requires at least 2 Test Servers, but only 1 are available.
SKIPPED
tests/dev_e2e/test_basic_multipeer.py::TestMultipeer::test_medium_mesh_consistency 2026-08-27 14:07:54,418 [INFO]: Test requires at least 2 Test Servers, but only 1 are available.
SKIPPED
tests/dev_e2e/test_basic_replication.py::TestBasicReplication::test_replicate_non_existing_sg_collections 2026-08-27 14:07:54,419 [INFO]: 🧹 Couchbase Server and Sync Gateway cleanup started
2026-08-27 14:07:54,422 [DEBUG]: 🧹 SGW <cbltest.api.syncgateway.SyncGateway object at 0x11378b230>: found databases ['travel'], deleting...
2026-08-27 14:07:54,476 [DEBUG]: 🧹 CBS <cbltest.api.couchbaseserver.CouchbaseServer object at 0x11378b620>: found buckets ['travel'], deleting...
2026-08-27 14:07:55,250 [DEBUG]: 🧹 CBS <cbltest.api.couchbaseserver.CouchbaseServer object at 0x11378b620>: waiting for all buckets to be deleted...
2026-08-27 14:07:55,255 [INFO]: 🧹 Couchbase Server and Sync Gateway cleanup finished
2026-08-27 14:07:55,256 [INFO]: Starting test: test_replicate_non_existing_sg_collections
2026-08-27 14:07:55,256 [INFO]: Moving to step 1:
2026-08-27 14:07:55,257 [INFO]: 	Reset SG and load `names` dataset
2026-08-27 14:08:02,546 [INFO]: Moving to step 2:
2026-08-27 14:08:02,546 [INFO]: 	Reset local database, and load `travel` dataset
2026-08-27 14:08:02,546 [DEBUG]: Sending (test_replicate_non_existing_sg_collections) -> 3917af92-025e-4519-be8e-49ffccb813ad v1 POST /reset to http://localhost:5173
2026-08-27 14:08:03,088 [WARNING]: Server did not set a response version, using request version...
2026-08-27 14:08:03,088 [DEBUG]: Received <- 76aa3c34-64c9-438a-a24b-f32e24d91433 POST /reset 200 from http://localhost:5173
2026-08-27 14:08:03,089 [INFO]: Moving to step 3:
2026-08-27 14:08:03,089 [INFO]: 	Start a replicator
2026-08-27 14:08:03,089 [INFO]: 	* endpoint: `/names`
2026-08-27 14:08:03,089 [INFO]: 	* collections : `travel.airlines`
2026-08-27 14:08:03,089 [INFO]: 	* type: push
2026-08-27 14:08:03,089 [INFO]: 	* continuous: false
2026-08-27 14:08:03,089 [INFO]: 	* credentials: user1/pass
2026-08-27 14:08:03,090 [DEBUG]: Sync Gateway instance not using TLS, returning empty tls_cert...
2026-08-27 14:08:03,091 [DEBUG]: Sending (test_replicate_non_existing_sg_collections) -> 3917af92-025e-4519-be8e-49ffccb813ad v1 POST /startReplicator to http://localhost:5173
2026-08-27 14:08:03,092 [WARNING]: Server did not set a response version, using request version...
2026-08-27 14:08:03,092 [DEBUG]: Received <- 76aa3c34-64c9-438a-a24b-f32e24d91433 POST /startReplicator 200 from http://localhost:5173
2026-08-27 14:08:03,093 [INFO]: Moving to step 4:
2026-08-27 14:08:03,094 [INFO]: 	Wait until the replicator is stopped
2026-08-27 14:08:03,095 [DEBUG]: Sending (test_replicate_non_existing_sg_collections) -> 3917af92-025e-4519-be8e-49ffccb813ad v1 POST /getReplicatorStatus to http://localhost:5173
2026-08-27 14:08:03,095 [WARNING]: Server did not set a response version, using request version...
2026-08-27 14:08:03,096 [DEBUG]: Received <- 76aa3c34-64c9-438a-a24b-f32e24d91433 POST /getReplicatorStatus 200 from http://localhost:5173
2026-08-27 14:08:04,099 [DEBUG]: Sending (test_replicate_non_existing_sg_collections) -> 3917af92-025e-4519-be8e-49ffccb813ad v1 POST /getReplicatorStatus to http://localhost:5173
2026-08-27 14:08:04,101 [WARNING]: Server did not set a response version, using request version...
2026-08-27 14:08:04,102 [DEBUG]: Received <- 76aa3c34-64c9-438a-a24b-f32e24d91433 POST /getReplicatorStatus 200 from http://localhost:5173
2026-08-27 14:08:04,102 [INFO]: Moving to step 5:
2026-08-27 14:08:04,102 [INFO]: 	Check that the replicator's error is CBL/10404
2026-08-27 14:08:04,103 [DEBUG]: Sending (test_replicate_non_existing_sg_collections) -> 3917af92-025e-4519-be8e-49ffccb813ad v1 POST /reset to http://localhost:5173
2026-08-27 14:08:04,112 [WARNING]: Server did not set a response version, using request version...
2026-08-27 14:08:04,112 [DEBUG]: Received <- 76aa3c34-64c9-438a-a24b-f32e24d91433 POST /reset 200 from http://localhost:5173
PASSED
tests/dev_e2e/test_basic_replication.py::TestBasicReplication::test_push 2026-08-27 14:08:04,115 [INFO]: 🧹 Couchbase Server and Sync Gateway cleanup started
2026-08-27 14:08:04,119 [DEBUG]: 🧹 SGW <cbltest.api.syncgateway.SyncGateway object at 0x11378b230>: found databases ['names'], deleting...
2026-08-27 14:08:04,171 [DEBUG]: 🧹 CBS <cbltest.api.couchbaseserver.CouchbaseServer object at 0x11378b620>: found buckets ['names'], deleting...
2026-08-27 14:08:04,828 [DEBUG]: 🧹 CBS <cbltest.api.couchbaseserver.CouchbaseServer object at 0x11378b620>: waiting for all buckets to be deleted...
2026-08-27 14:08:04,830 [INFO]: 🧹 Couchbase Server and Sync Gateway cleanup finished
2026-08-27 14:08:04,830 [INFO]: Starting test: test_push
2026-08-27 14:08:04,830 [INFO]: Moving to step 1:
2026-08-27 14:08:04,830 [INFO]: 	Reset SG and load `travel` dataset.
2026-08-27 14:08:52,050 [INFO]: Moving to step 2:
2026-08-27 14:08:52,053 [INFO]: 	Reset local database, and load `travel` dataset.
2026-08-27 14:08:52,053 [DEBUG]: Sending (test_push) -> 3917af92-025e-4519-be8e-49ffccb813ad v1 POST /reset to http://localhost:5173
2026-08-27 14:08:52,851 [WARNING]: Server did not set a response version, using request version...
2026-08-27 14:08:52,851 [DEBUG]: Received <- 76aa3c34-64c9-438a-a24b-f32e24d91433 POST /reset 200 from http://localhost:5173
2026-08-27 14:08:52,851 [INFO]: Moving to step 3:
2026-08-27 14:08:52,851 [INFO]: 	Start a replicator:
2026-08-27 14:08:52,852 [INFO]: 	* endpoint: `/travel`
2026-08-27 14:08:52,852 [INFO]: 	* collections : `travel.airlines`, `travel.airports`, `travel.hotels`
2026-08-27 14:08:52,852 [INFO]: 	* type: push
2026-08-27 14:08:52,852 [INFO]: 	* continuous: false
2026-08-27 14:08:52,852 [INFO]: 	* credentials: user1/pass
2026-08-27 14:08:52,852 [DEBUG]: Sync Gateway instance not using TLS, returning empty tls_cert...
2026-08-27 14:08:52,852 [DEBUG]: Sending (test_push) -> 3917af92-025e-4519-be8e-49ffccb813ad v1 POST /startReplicator to http://localhost:5173
2026-08-27 14:08:52,853 [WARNING]: Server did not set a response version, using request version...
2026-08-27 14:08:52,853 [DEBUG]: Received <- 76aa3c34-64c9-438a-a24b-f32e24d91433 POST /startReplicator 200 from http://localhost:5173
2026-08-27 14:08:52,854 [INFO]: Moving to step 4:
2026-08-27 14:08:52,854 [INFO]: 	Wait until the replicator is stopped.
2026-08-27 14:08:52,854 [DEBUG]: Sending (test_push) -> 3917af92-025e-4519-be8e-49ffccb813ad v1 POST /getReplicatorStatus to http://localhost:5173
2026-08-27 14:08:52,855 [WARNING]: Server did not set a response version, using request version...
2026-08-27 14:08:52,855 [DEBUG]: Received <- 76aa3c34-64c9-438a-a24b-f32e24d91433 POST /getReplicatorStatus 200 from http://localhost:5173
2026-08-27 14:08:53,859 [DEBUG]: Sending (test_push) -> 3917af92-025e-4519-be8e-49ffccb813ad v1 POST /getReplicatorStatus to http://localhost:5173
2026-08-27 14:08:53,860 [WARNING]: Server did not set a response version, using request version...
2026-08-27 14:08:53,861 [DEBUG]: Received <- 76aa3c34-64c9-438a-a24b-f32e24d91433 POST /getReplicatorStatus 200 from http://localhost:5173
2026-08-27 14:08:53,861 [INFO]: Moving to step 5:
2026-08-27 14:08:53,861 [INFO]: 	Check that all docs are replicated correctly.
2026-08-27 14:08:53,862 [DEBUG]: Sending (test_push) -> 3917af92-025e-4519-be8e-49ffccb813ad v1 POST /getAllDocuments to http://localhost:5173
2026-08-27 14:08:53,883 [WARNING]: Server did not set a response version, using request version...
2026-08-27 14:08:53,884 [DEBUG]: Received <- 76aa3c34-64c9-438a-a24b-f32e24d91433 POST /getAllDocuments 200 from http://localhost:5173
2026-08-27 14:08:54,005 [DEBUG]: Sending (test_push) -> 3917af92-025e-4519-be8e-49ffccb813ad v1 POST /reset to http://localhost:5173
2026-08-27 14:08:54,009 [WARNING]: Server did not set a response version, using request version...
2026-08-27 14:08:54,009 [DEBUG]: Received <- 76aa3c34-64c9-438a-a24b-f32e24d91433 POST /reset 200 from http://localhost:5173
PASSED
tests/dev_e2e/test_basic_replication.py::TestBasicReplication::test_pull 2026-08-27 14:08:54,011 [INFO]: 🧹 Couchbase Server and Sync Gateway cleanup started
2026-08-27 14:08:54,014 [DEBUG]: 🧹 SGW <cbltest.api.syncgateway.SyncGateway object at 0x11378b230>: found databases ['travel'], deleting...
2026-08-27 14:08:54,113 [DEBUG]: 🧹 CBS <cbltest.api.couchbaseserver.CouchbaseServer object at 0x11378b620>: found buckets ['travel'], deleting...
2026-08-27 14:08:54,613 [DEBUG]: 🧹 CBS <cbltest.api.couchbaseserver.CouchbaseServer object at 0x11378b620>: waiting for all buckets to be deleted...
2026-08-27 14:08:54,617 [INFO]: 🧹 Couchbase Server and Sync Gateway cleanup finished
2026-08-27 14:08:54,617 [INFO]: Starting test: test_pull
2026-08-27 14:08:54,617 [INFO]: Moving to step 1:
2026-08-27 14:08:54,617 [INFO]: 	Reset SG and load `travel` dataset.
2026-08-27 14:09:41,746 [INFO]: Moving to step 2:
2026-08-27 14:09:41,747 [INFO]: 	Reset local database, and load `travel` dataset.
2026-08-27 14:09:41,747 [DEBUG]: Sending (test_pull) -> 3917af92-025e-4519-be8e-49ffccb813ad v1 POST /reset to http://localhost:5173
2026-08-27 14:09:42,279 [WARNING]: Server did not set a response version, using request version...
2026-08-27 14:09:42,279 [DEBUG]: Received <- 76aa3c34-64c9-438a-a24b-f32e24d91433 POST /reset 200 from http://localhost:5173
2026-08-27 14:09:42,280 [INFO]: Moving to step 3:
2026-08-27 14:09:42,280 [INFO]: 	Start a replicator:
2026-08-27 14:09:42,280 [INFO]: 	* endpoint: `/travel`
2026-08-27 14:09:42,280 [INFO]: 	* collections : `travel.routes`, `travel.landmarks`, `travel.hotels`
2026-08-27 14:09:42,280 [INFO]: 	* type: pull
2026-08-27 14:09:42,280 [INFO]: 	* continuous: false
2026-08-27 14:09:42,280 [INFO]: 	* credentials: user1/pass
2026-08-27 14:09:42,281 [DEBUG]: Sync Gateway instance not using TLS, returning empty tls_cert...
2026-08-27 14:09:42,281 [DEBUG]: Sending (test_pull) -> 3917af92-025e-4519-be8e-49ffccb813ad v1 POST /startReplicator to http://localhost:5173
2026-08-27 14:09:42,282 [WARNING]: Server did not set a response version, using request version...
2026-08-27 14:09:42,282 [DEBUG]: Received <- 76aa3c34-64c9-438a-a24b-f32e24d91433 POST /startReplicator 200 from http://localhost:5173
2026-08-27 14:09:42,283 [INFO]: Moving to step 4:
2026-08-27 14:09:42,283 [INFO]: 	Wait until the replicator is stopped.
2026-08-27 14:09:42,284 [DEBUG]: Sending (test_pull) -> 3917af92-025e-4519-be8e-49ffccb813ad v1 POST /getReplicatorStatus to http://localhost:5173
2026-08-27 14:09:42,285 [WARNING]: Server did not set a response version, using request version...
2026-08-27 14:09:42,285 [DEBUG]: Received <- 76aa3c34-64c9-438a-a24b-f32e24d91433 POST /getReplicatorStatus 200 from http://localhost:5173
2026-08-27 14:09:43,287 [DEBUG]: Sending (test_pull) -> 3917af92-025e-4519-be8e-49ffccb813ad v1 POST /getReplicatorStatus to http://localhost:5173
2026-08-27 14:09:43,289 [WARNING]: Server did not set a response version, using request version...
2026-08-27 14:09:43,289 [DEBUG]: Received <- 76aa3c34-64c9-438a-a24b-f32e24d91433 POST /getReplicatorStatus 200 from http://localhost:5173
2026-08-27 14:09:43,290 [INFO]: Moving to step 5:
2026-08-27 14:09:43,290 [INFO]: 	Check that all docs are replicated correctly.
2026-08-27 14:09:43,291 [DEBUG]: Sending (test_pull) -> 3917af92-025e-4519-be8e-49ffccb813ad v1 POST /getAllDocuments to http://localhost:5173
2026-08-27 14:09:43,381 [WARNING]: Server did not set a response version, using request version...
2026-08-27 14:09:43,384 [DEBUG]: Received <- 76aa3c34-64c9-438a-a24b-f32e24d91433 POST /getAllDocuments 200 from http://localhost:5173
2026-08-27 14:09:43,482 [DEBUG]: Sending (test_pull) -> 3917af92-025e-4519-be8e-49ffccb813ad v1 POST /reset to http://localhost:5173
2026-08-27 14:09:43,485 [WARNING]: Server did not set a response version, using request version...
2026-08-27 14:09:43,485 [DEBUG]: Received <- 76aa3c34-64c9-438a-a24b-f32e24d91433 POST /reset 200 from http://localhost:5173
PASSED
tests/dev_e2e/test_basic_replication.py::TestBasicReplication::test_push_and_pull 2026-08-27 14:09:43,486 [INFO]: 🧹 Couchbase Server and Sync Gateway cleanup started
2026-08-27 14:09:43,489 [DEBUG]: 🧹 SGW <cbltest.api.syncgateway.SyncGateway object at 0x11378b230>: found databases ['travel'], deleting...
2026-08-27 14:09:43,550 [DEBUG]: 🧹 CBS <cbltest.api.couchbaseserver.CouchbaseServer object at 0x11378b620>: found buckets ['travel'], deleting...
2026-08-27 14:09:44,616 [DEBUG]: 🧹 CBS <cbltest.api.couchbaseserver.CouchbaseServer object at 0x11378b620>: waiting for all buckets to be deleted...
2026-08-27 14:09:44,619 [INFO]: 🧹 Couchbase Server and Sync Gateway cleanup finished
2026-08-27 14:09:44,619 [INFO]: Starting test: test_push_and_pull
2026-08-27 14:09:44,619 [INFO]: Moving to step 1:
2026-08-27 14:09:44,619 [INFO]: 	Reset SG and load `travel` dataset.
2026-08-27 14:14:28,736 [INFO]: Moving to step 2:
2026-08-27 14:14:28,742 [INFO]: 	Reset local database, and load `travel` dataset.
2026-08-27 14:14:28,744 [DEBUG]: Sending (test_push_and_pull) -> 3917af92-025e-4519-be8e-49ffccb813ad v1 POST /reset to http://localhost:5173
2026-08-27 14:14:28,773 [ERROR]: Failed to send (test_push_and_pull) -> 3917af92-025e-4519-be8e-49ffccb813ad v1 POST /reset to http://localhost:5173 (Cannot write to closing transport)
Stack (most recent call last):
  File "/Users/jayant.dhingra/Desktop/couchbase-lite-tests/.venv/bin/pytest", line 10, in <module>
    sys.exit(console_main())
  File "/Users/jayant.dhingra/Desktop/couchbase-lite-tests/.venv/lib/python3.13/site-packages/_pytest/config/__init__.py", line 223, in console_main
    code = main()
  File "/Users/jayant.dhingra/Desktop/couchbase-lite-tests/.venv/lib/python3.13/site-packages/_pytest/config/__init__.py", line 199, in main
    ret: ExitCode | int = config.hook.pytest_cmdline_main(config=config)
  File "/Users/jayant.dhingra/Desktop/couchbase-lite-tests/.venv/lib/python3.13/site-packages/pluggy/_hooks.py", line 513, in __call__
    return self._hookexec(self.name, self._hookimpls.copy(), kwargs, firstresult)
  File "/Users/jayant.dhingra/Desktop/couchbase-lite-tests/.venv/lib/python3.13/site-packages/pluggy/_manager.py", line 120, in _hookexec
    return self._inner_hookexec(hook_name, methods, kwargs, firstresult)
  File "/Users/jayant.dhingra/Desktop/couchbase-lite-tests/.venv/lib/python3.13/site-packages/pluggy/_callers.py", line 103, in _multicall
    res = hook_impl.function(*args)
  File "/Users/jayant.dhingra/Desktop/couchbase-lite-tests/.venv/lib/python3.13/site-packages/_pytest/main.py", line 365, in pytest_cmdline_main
    return wrap_session(config, _main)
  File "/Users/jayant.dhingra/Desktop/couchbase-lite-tests/.venv/lib/python3.13/site-packages/_pytest/main.py", line 318, in wrap_session
    session.exitstatus = doit(config, session) or 0
  File "/Users/jayant.dhingra/Desktop/couchbase-lite-tests/.venv/lib/python3.13/site-packages/_pytest/main.py", line 372, in _main
    config.hook.pytest_runtestloop(session=session)
  File "/Users/jayant.dhingra/Desktop/couchbase-lite-tests/.venv/lib/python3.13/site-packages/pluggy/_hooks.py", line 513, in __call__
    return self._hookexec(self.name, self._hookimpls.copy(), kwargs, firstresult)
  File "/Users/jayant.dhingra/Desktop/couchbase-lite-tests/.venv/lib/python3.13/site-packages/pluggy/_manager.py", line 120, in _hookexec
    return self._inner_hookexec(hook_name, methods, kwargs, firstresult)
  File "/Users/jayant.dhingra/Desktop/couchbase-lite-tests/.venv/lib/python3.13/site-packages/pluggy/_callers.py", line 103, in _multicall
    res = hook_impl.function(*args)
  File "/Users/jayant.dhingra/Desktop/couchbase-lite-tests/.venv/lib/python3.13/site-packages/_pytest/main.py", line 396, in pytest_runtestloop
    item.config.hook.pytest_runtest_protocol(item=item, nextitem=nextitem)
  File "/Users/jayant.dhingra/Desktop/couchbase-lite-tests/.venv/lib/python3.13/site-packages/pluggy/_hooks.py", line 513, in __call__
    return self._hookexec(self.name, self._hookimpls.copy(), kwargs, firstresult)
  File "/Users/jayant.dhingra/Desktop/couchbase-lite-tests/.venv/lib/python3.13/site-packages/pluggy/_manager.py", line 120, in _hookexec
    return self._inner_hookexec(hook_name, methods, kwargs, firstresult)
  File "/Users/jayant.dhingra/Desktop/couchbase-lite-tests/.venv/lib/python3.13/site-packages/pluggy/_callers.py", line 103, in _multicall
    res = hook_impl.function(*args)
  File "/Users/jayant.dhingra/Desktop/couchbase-lite-tests/.venv/lib/python3.13/site-packages/_pytest/runner.py", line 118, in pytest_runtest_protocol
    runtestprotocol(item, nextitem=nextitem)
  File "/Users/jayant.dhingra/Desktop/couchbase-lite-tests/.venv/lib/python3.13/site-packages/_pytest/runner.py", line 137, in runtestprotocol
    reports.append(call_and_report(item, "call", log))
  File "/Users/jayant.dhingra/Desktop/couchbase-lite-tests/.venv/lib/python3.13/site-packages/_pytest/runner.py", line 244, in call_and_report
    call = CallInfo.from_call(
  File "/Users/jayant.dhingra/Desktop/couchbase-lite-tests/.venv/lib/python3.13/site-packages/_pytest/runner.py", line 353, in from_call
    result: TResult | None = func()
  File "/Users/jayant.dhingra/Desktop/couchbase-lite-tests/.venv/lib/python3.13/site-packages/_pytest/runner.py", line 245, in <lambda>
    lambda: runtest_hook(item=item, **kwds),
  File "/Users/jayant.dhingra/Desktop/couchbase-lite-tests/.venv/lib/python3.13/site-packages/pluggy/_hooks.py", line 513, in __call__
    return self._hookexec(self.name, self._hookimpls.copy(), kwargs, firstresult)
  File "/Users/jayant.dhingra/Desktop/couchbase-lite-tests/.venv/lib/python3.13/site-packages/pluggy/_manager.py", line 120, in _hookexec
    return self._inner_hookexec(hook_name, methods, kwargs, firstresult)
  File "/Users/jayant.dhingra/Desktop/couchbase-lite-tests/.venv/lib/python3.13/site-packages/pluggy/_callers.py", line 103, in _multicall
    res = hook_impl.function(*args)
  File "/Users/jayant.dhingra/Desktop/couchbase-lite-tests/.venv/lib/python3.13/site-packages/_pytest/runner.py", line 179, in pytest_runtest_call
    item.runtest()
  File "/Users/jayant.dhingra/Desktop/couchbase-lite-tests/.venv/lib/python3.13/site-packages/pytest_asyncio/plugin.py", line 469, in runtest
    super().runtest()
  File "/Users/jayant.dhingra/Desktop/couchbase-lite-tests/.venv/lib/python3.13/site-packages/_pytest/python.py", line 1720, in runtest
    self.ihook.pytest_pyfunc_call(pyfuncitem=self)
  File "/Users/jayant.dhingra/Desktop/couchbase-lite-tests/.venv/lib/python3.13/site-packages/pluggy/_hooks.py", line 513, in __call__
    return self._hookexec(self.name, self._hookimpls.copy(), kwargs, firstresult)
  File "/Users/jayant.dhingra/Desktop/couchbase-lite-tests/.venv/lib/python3.13/site-packages/pluggy/_manager.py", line 120, in _hookexec
    return self._inner_hookexec(hook_name, methods, kwargs, firstresult)
  File "/Users/jayant.dhingra/Desktop/couchbase-lite-tests/.venv/lib/python3.13/site-packages/pluggy/_callers.py", line 103, in _multicall
    res = hook_impl.function(*args)
  File "/Users/jayant.dhingra/Desktop/couchbase-lite-tests/.venv/lib/python3.13/site-packages/_pytest/python.py", line 166, in pytest_pyfunc_call
    result = testfunction(**testargs)
  File "/Users/jayant.dhingra/Desktop/couchbase-lite-tests/.venv/lib/python3.13/site-packages/pytest_asyncio/plugin.py", line 716, in inner
    runner.run(coro, context=context)
  File "/opt/homebrew/Cellar/python@3.13/3.13.7/Frameworks/Python.framework/Versions/3.13/lib/python3.13/asyncio/runners.py", line 118, in run
    return self._loop.run_until_complete(task)
  File "/opt/homebrew/Cellar/python@3.13/3.13.7/Frameworks/Python.framework/Versions/3.13/lib/python3.13/asyncio/base_events.py", line 712, in run_until_complete
    self.run_forever()
  File "/opt/homebrew/Cellar/python@3.13/3.13.7/Frameworks/Python.framework/Versions/3.13/lib/python3.13/asyncio/base_events.py", line 683, in run_forever
    self._run_once()
  File "/opt/homebrew/Cellar/python@3.13/3.13.7/Frameworks/Python.framework/Versions/3.13/lib/python3.13/asyncio/base_events.py", line 2050, in _run_once
    handle._run()
  File "/opt/homebrew/Cellar/python@3.13/3.13.7/Frameworks/Python.framework/Versions/3.13/lib/python3.13/asyncio/events.py", line 89, in _run
    self._context.run(self._callback, *self._args)
  File "/Users/jayant.dhingra/Desktop/couchbase-lite-tests/tests/dev_e2e/test_basic_replication.py", line 172, in test_push_and_pull
    dbs = await cblpytest.test_servers[0].create_and_reset_db(["db1"], dataset="travel")
  File "/Users/jayant.dhingra/Desktop/couchbase-lite-tests/client/src/cbltest/api/testserver.py", line 92, in create_and_reset_db
    await self.__request_factory.send_request(self.__index, request)
FAILED
tests/dev_e2e/test_basic_replication.py::TestBasicReplication::test_continuous_push 2026-08-27 14:14:28,879 [INFO]: 🧹 Couchbase Server and Sync Gateway cleanup started
2026-08-27 14:14:28,882 [DEBUG]: 🧹 SGW <cbltest.api.syncgateway.SyncGateway object at 0x11378b230>: found databases ['travel'], deleting...
2026-08-27 14:14:28,955 [DEBUG]: 🧹 CBS <cbltest.api.couchbaseserver.CouchbaseServer object at 0x11378b620>: found buckets ['travel'], deleting...
2026-08-27 14:14:29,438 [DEBUG]: 🧹 CBS <cbltest.api.couchbaseserver.CouchbaseServer object at 0x11378b620>: waiting for all buckets to be deleted...
2026-08-27 14:14:29,443 [INFO]: 🧹 Couchbase Server and Sync Gateway cleanup finished
2026-08-27 14:14:29,452 [INFO]: Starting test: test_continuous_push
2026-08-27 14:14:29,453 [INFO]: Moving to step 1:
2026-08-27 14:14:29,453 [INFO]: 	Reset SG and load `travel` dataset.
2026-08-27 14:15:20,419 [INFO]: Moving to step 2:
2026-08-27 14:15:20,419 [INFO]: 	Reset local database, and load `travel` dataset.
2026-08-27 14:15:20,419 [DEBUG]: Sending (test_continuous_push) -> 3917af92-025e-4519-be8e-49ffccb813ad v1 POST /reset to http://localhost:5173
2026-08-27 14:15:20,419 [ERROR]: Failed to send (test_continuous_push) -> 3917af92-025e-4519-be8e-49ffccb813ad v1 POST /reset to http://localhost:5173 (Cannot write to closing transport)
Stack (most recent call last):
  File "/Users/jayant.dhingra/Desktop/couchbase-lite-tests/.venv/bin/pytest", line 10, in <module>
    sys.exit(console_main())
  File "/Users/jayant.dhingra/Desktop/couchbase-lite-tests/.venv/lib/python3.13/site-packages/_pytest/config/__init__.py", line 223, in console_main
    code = main()
  File "/Users/jayant.dhingra/Desktop/couchbase-lite-tests/.venv/lib/python3.13/site-packages/_pytest/config/__init__.py", line 199, in main
    ret: ExitCode | int = config.hook.pytest_cmdline_main(config=config)
  File "/Users/jayant.dhingra/Desktop/couchbase-lite-tests/.venv/lib/python3.13/site-packages/pluggy/_hooks.py", line 513, in __call__
    return self._hookexec(self.name, self._hookimpls.copy(), kwargs, firstresult)
  File "/Users/jayant.dhingra/Desktop/couchbase-lite-tests/.venv/lib/python3.13/site-packages/pluggy/_manager.py", line 120, in _hookexec
    return self._inner_hookexec(hook_name, methods, kwargs, firstresult)
  File "/Users/jayant.dhingra/Desktop/couchbase-lite-tests/.venv/lib/python3.13/site-packages/pluggy/_callers.py", line 103, in _multicall
    res = hook_impl.function(*args)
  File "/Users/jayant.dhingra/Desktop/couchbase-lite-tests/.venv/lib/python3.13/site-packages/_pytest/main.py", line 365, in pytest_cmdline_main
    return wrap_session(config, _main)
  File "/Users/jayant.dhingra/Desktop/couchbase-lite-tests/.venv/lib/python3.13/site-packages/_pytest/main.py", line 318, in wrap_session
    session.exitstatus = doit(config, session) or 0
  File "/Users/jayant.dhingra/Desktop/couchbase-lite-tests/.venv/lib/python3.13/site-packages/_pytest/main.py", line 372, in _main
    config.hook.pytest_runtestloop(session=session)
  File "/Users/jayant.dhingra/Desktop/couchbase-lite-tests/.venv/lib/python3.13/site-packages/pluggy/_hooks.py", line 513, in __call__
    return self._hookexec(self.name, self._hookimpls.copy(), kwargs, firstresult)
  File "/Users/jayant.dhingra/Desktop/couchbase-lite-tests/.venv/lib/python3.13/site-packages/pluggy/_manager.py", line 120, in _hookexec
    return self._inner_hookexec(hook_name, methods, kwargs, firstresult)
  File "/Users/jayant.dhingra/Desktop/couchbase-lite-tests/.venv/lib/python3.13/site-packages/pluggy/_callers.py", line 103, in _multicall
    res = hook_impl.function(*args)
  File "/Users/jayant.dhingra/Desktop/couchbase-lite-tests/.venv/lib/python3.13/site-packages/_pytest/main.py", line 396, in pytest_runtestloop
    item.config.hook.pytest_runtest_protocol(item=item, nextitem=nextitem)
  File "/Users/jayant.dhingra/Desktop/couchbase-lite-tests/.venv/lib/python3.13/site-packages/pluggy/_hooks.py", line 513, in __call__
    return self._hookexec(self.name, self._hookimpls.copy(), kwargs, firstresult)
  File "/Users/jayant.dhingra/Desktop/couchbase-lite-tests/.venv/lib/python3.13/site-packages/pluggy/_manager.py", line 120, in _hookexec
    return self._inner_hookexec(hook_name, methods, kwargs, firstresult)
  File "/Users/jayant.dhingra/Desktop/couchbase-lite-tests/.venv/lib/python3.13/site-packages/pluggy/_callers.py", line 103, in _multicall
    res = hook_impl.function(*args)
  File "/Users/jayant.dhingra/Desktop/couchbase-lite-tests/.venv/lib/python3.13/site-packages/_pytest/runner.py", line 118, in pytest_runtest_protocol
    runtestprotocol(item, nextitem=nextitem)
  File "/Users/jayant.dhingra/Desktop/couchbase-lite-tests/.venv/lib/python3.13/site-packages/_pytest/runner.py", line 137, in runtestprotocol
    reports.append(call_and_report(item, "call", log))
  File "/Users/jayant.dhingra/Desktop/couchbase-lite-tests/.venv/lib/python3.13/site-packages/_pytest/runner.py", line 244, in call_and_report
    call = CallInfo.from_call(
  File "/Users/jayant.dhingra/Desktop/couchbase-lite-tests/.venv/lib/python3.13/site-packages/_pytest/runner.py", line 353, in from_call
    result: TResult | None = func()
  File "/Users/jayant.dhingra/Desktop/couchbase-lite-tests/.venv/lib/python3.13/site-packages/_pytest/runner.py", line 245, in <lambda>
    lambda: runtest_hook(item=item, **kwds),
  File "/Users/jayant.dhingra/Desktop/couchbase-lite-tests/.venv/lib/python3.13/site-packages/pluggy/_hooks.py", line 513, in __call__
    return self._hookexec(self.name, self._hookimpls.copy(), kwargs, firstresult)
  File "/Users/jayant.dhingra/Desktop/couchbase-lite-tests/.venv/lib/python3.13/site-packages/pluggy/_manager.py", line 120, in _hookexec
    return self._inner_hookexec(hook_name, methods, kwargs, firstresult)
  File "/Users/jayant.dhingra/Desktop/couchbase-lite-tests/.venv/lib/python3.13/site-packages/pluggy/_callers.py", line 103, in _multicall
    res = hook_impl.function(*args)
  File "/Users/jayant.dhingra/Desktop/couchbase-lite-tests/.venv/lib/python3.13/site-packages/_pytest/runner.py", line 179, in pytest_runtest_call
    item.runtest()
  File "/Users/jayant.dhingra/Desktop/couchbase-lite-tests/.venv/lib/python3.13/site-packages/pytest_asyncio/plugin.py", line 469, in runtest
    super().runtest()
  File "/Users/jayant.dhingra/Desktop/couchbase-lite-tests/.venv/lib/python3.13/site-packages/_pytest/python.py", line 1720, in runtest
    self.ihook.pytest_pyfunc_call(pyfuncitem=self)
  File "/Users/jayant.dhingra/Desktop/couchbase-lite-tests/.venv/lib/python3.13/site-packages/pluggy/_hooks.py", line 513, in __call__
    return self._hookexec(self.name, self._hookimpls.copy(), kwargs, firstresult)
  File "/Users/jayant.dhingra/Desktop/couchbase-lite-tests/.venv/lib/python3.13/site-packages/pluggy/_manager.py", line 120, in _hookexec
    return self._inner_hookexec(hook_name, methods, kwargs, firstresult)
  File "/Users/jayant.dhingra/Desktop/couchbase-lite-tests/.venv/lib/python3.13/site-packages/pluggy/_callers.py", line 103, in _multicall
    res = hook_impl.function(*args)
  File "/Users/jayant.dhingra/Desktop/couchbase-lite-tests/.venv/lib/python3.13/site-packages/_pytest/python.py", line 166, in pytest_pyfunc_call
    result = testfunction(**testargs)
  File "/Users/jayant.dhingra/Desktop/couchbase-lite-tests/.venv/lib/python3.13/site-packages/pytest_asyncio/plugin.py", line 716, in inner
    runner.run(coro, context=context)
  File "/opt/homebrew/Cellar/python@3.13/3.13.7/Frameworks/Python.framework/Versions/3.13/lib/python3.13/asyncio/runners.py", line 118, in run
    return self._loop.run_until_complete(task)
  File "/opt/homebrew/Cellar/python@3.13/3.13.7/Frameworks/Python.framework/Versions/3.13/lib/python3.13/asyncio/base_events.py", line 712, in run_until_complete
    self.run_forever()
  File "/opt/homebrew/Cellar/python@3.13/3.13.7/Frameworks/Python.framework/Versions/3.13/lib/python3.13/asyncio/base_events.py", line 683, in run_forever
    self._run_once()
  File "/opt/homebrew/Cellar/python@3.13/3.13.7/Frameworks/Python.framework/Versions/3.13/lib/python3.13/asyncio/base_events.py", line 2050, in _run_once
    handle._run()
  File "/opt/homebrew/Cellar/python@3.13/3.13.7/Frameworks/Python.framework/Versions/3.13/lib/python3.13/asyncio/events.py", line 89, in _run
    self._context.run(self._callback, *self._args)
  File "/Users/jayant.dhingra/Desktop/couchbase-lite-tests/tests/dev_e2e/test_basic_replication.py", line 234, in test_continuous_push
    dbs = await cblpytest.test_servers[0].create_and_reset_db(["db1"], dataset="travel")
  File "/Users/jayant.dhingra/Desktop/couchbase-lite-tests/client/src/cbltest/api/testserver.py", line 92, in create_and_reset_db
    await self.__request_factory.send_request(self.__index, request)
FAILED
tests/dev_e2e/test_basic_replication.py::TestBasicReplication::test_continuous_pull 2026-08-27 14:15:20,437 [INFO]: 🧹 Couchbase Server and Sync Gateway cleanup started
2026-08-27 14:15:20,439 [DEBUG]: 🧹 SGW <cbltest.api.syncgateway.SyncGateway object at 0x11378b230>: found databases ['travel'], deleting...
2026-08-27 14:15:20,502 [DEBUG]: 🧹 CBS <cbltest.api.couchbaseserver.CouchbaseServer object at 0x11378b620>: found buckets ['travel'], deleting...
2026-08-27 14:15:21,502 [DEBUG]: 🧹 CBS <cbltest.api.couchbaseserver.CouchbaseServer object at 0x11378b620>: waiting for all buckets to be deleted...
2026-08-27 14:15:21,506 [INFO]: 🧹 Couchbase Server and Sync Gateway cleanup finished
2026-08-27 14:15:21,507 [INFO]: Starting test: test_continuous_pull
2026-08-27 14:15:21,508 [INFO]: Moving to step 1:
2026-08-27 14:15:21,508 [INFO]: 	Reset SG and load `travel` dataset.
2026-08-27 14:16:03,774 [INFO]: Moving to step 2:
2026-08-27 14:16:03,774 [INFO]: 	Reset local database, and load `travel` dataset.
2026-08-27 14:16:03,774 [DEBUG]: Sending (test_continuous_pull) -> 3917af92-025e-4519-be8e-49ffccb813ad v1 POST /reset to http://localhost:5173
2026-08-27 14:16:03,775 [ERROR]: Failed to send (test_continuous_pull) -> 3917af92-025e-4519-be8e-49ffccb813ad v1 POST /reset to http://localhost:5173 (Cannot write to closing transport)
Stack (most recent call last):
  File "/Users/jayant.dhingra/Desktop/couchbase-lite-tests/.venv/bin/pytest", line 10, in <module>
    sys.exit(console_main())
  File "/Users/jayant.dhingra/Desktop/couchbase-lite-tests/.venv/lib/python3.13/site-packages/_pytest/config/__init__.py", line 223, in console_main
    code = main()
  File "/Users/jayant.dhingra/Desktop/couchbase-lite-tests/.venv/lib/python3.13/site-packages/_pytest/config/__init__.py", line 199, in main
    ret: ExitCode | int = config.hook.pytest_cmdline_main(config=config)
  File "/Users/jayant.dhingra/Desktop/couchbase-lite-tests/.venv/lib/python3.13/site-packages/pluggy/_hooks.py", line 513, in __call__
    return self._hookexec(self.name, self._hookimpls.copy(), kwargs, firstresult)
  File "/Users/jayant.dhingra/Desktop/couchbase-lite-tests/.venv/lib/python3.13/site-packages/pluggy/_manager.py", line 120, in _hookexec
    return self._inner_hookexec(hook_name, methods, kwargs, firstresult)
  File "/Users/jayant.dhingra/Desktop/couchbase-lite-tests/.venv/lib/python3.13/site-packages/pluggy/_callers.py", line 103, in _multicall
    res = hook_impl.function(*args)
  File "/Users/jayant.dhingra/Desktop/couchbase-lite-tests/.venv/lib/python3.13/site-packages/_pytest/main.py", line 365, in pytest_cmdline_main
    return wrap_session(config, _main)
  File "/Users/jayant.dhingra/Desktop/couchbase-lite-tests/.venv/lib/python3.13/site-packages/_pytest/main.py", line 318, in wrap_session
    session.exitstatus = doit(config, session) or 0
  File "/Users/jayant.dhingra/Desktop/couchbase-lite-tests/.venv/lib/python3.13/site-packages/_pytest/main.py", line 372, in _main
    config.hook.pytest_runtestloop(session=session)
  File "/Users/jayant.dhingra/Desktop/couchbase-lite-tests/.venv/lib/python3.13/site-packages/pluggy/_hooks.py", line 513, in __call__
    return self._hookexec(self.name, self._hookimpls.copy(), kwargs, firstresult)
  File "/Users/jayant.dhingra/Desktop/couchbase-lite-tests/.venv/lib/python3.13/site-packages/pluggy/_manager.py", line 120, in _hookexec
    return self._inner_hookexec(hook_name, methods, kwargs, firstresult)
  File "/Users/jayant.dhingra/Desktop/couchbase-lite-tests/.venv/lib/python3.13/site-packages/pluggy/_callers.py", line 103, in _multicall
    res = hook_impl.function(*args)
  File "/Users/jayant.dhingra/Desktop/couchbase-lite-tests/.venv/lib/python3.13/site-packages/_pytest/main.py", line 396, in pytest_runtestloop
    item.config.hook.pytest_runtest_protocol(item=item, nextitem=nextitem)
  File "/Users/jayant.dhingra/Desktop/couchbase-lite-tests/.venv/lib/python3.13/site-packages/pluggy/_hooks.py", line 513, in __call__
    return self._hookexec(self.name, self._hookimpls.copy(), kwargs, firstresult)
  File "/Users/jayant.dhingra/Desktop/couchbase-lite-tests/.venv/lib/python3.13/site-packages/pluggy/_manager.py", line 120, in _hookexec
    return self._inner_hookexec(hook_name, methods, kwargs, firstresult)
  File "/Users/jayant.dhingra/Desktop/couchbase-lite-tests/.venv/lib/python3.13/site-packages/pluggy/_callers.py", line 103, in _multicall
    res = hook_impl.function(*args)
  File "/Users/jayant.dhingra/Desktop/couchbase-lite-tests/.venv/lib/python3.13/site-packages/_pytest/runner.py", line 118, in pytest_runtest_protocol
    runtestprotocol(item, nextitem=nextitem)
  File "/Users/jayant.dhingra/Desktop/couchbase-lite-tests/.venv/lib/python3.13/site-packages/_pytest/runner.py", line 137, in runtestprotocol
    reports.append(call_and_report(item, "call", log))
  File "/Users/jayant.dhingra/Desktop/couchbase-lite-tests/.venv/lib/python3.13/site-packages/_pytest/runner.py", line 244, in call_and_report
    call = CallInfo.from_call(
  File "/Users/jayant.dhingra/Desktop/couchbase-lite-tests/.venv/lib/python3.13/site-packages/_pytest/runner.py", line 353, in from_call
    result: TResult | None = func()
  File "/Users/jayant.dhingra/Desktop/couchbase-lite-tests/.venv/lib/python3.13/site-packages/_pytest/runner.py", line 245, in <lambda>
    lambda: runtest_hook(item=item, **kwds),
  File "/Users/jayant.dhingra/Desktop/couchbase-lite-tests/.venv/lib/python3.13/site-packages/pluggy/_hooks.py", line 513, in __call__
    return self._hookexec(self.name, self._hookimpls.copy(), kwargs, firstresult)
  File "/Users/jayant.dhingra/Desktop/couchbase-lite-tests/.venv/lib/python3.13/site-packages/pluggy/_manager.py", line 120, in _hookexec
    return self._inner_hookexec(hook_name, methods, kwargs, firstresult)
  File "/Users/jayant.dhingra/Desktop/couchbase-lite-tests/.venv/lib/python3.13/site-packages/pluggy/_callers.py", line 103, in _multicall
    res = hook_impl.function(*args)
  File "/Users/jayant.dhingra/Desktop/couchbase-lite-tests/.venv/lib/python3.13/site-packages/_pytest/runner.py", line 179, in pytest_runtest_call
    item.runtest()
  File "/Users/jayant.dhingra/Desktop/couchbase-lite-tests/.venv/lib/python3.13/site-packages/pytest_asyncio/plugin.py", line 469, in runtest
    super().runtest()
  File "/Users/jayant.dhingra/Desktop/couchbase-lite-tests/.venv/lib/python3.13/site-packages/_pytest/python.py", line 1720, in runtest
    self.ihook.pytest_pyfunc_call(pyfuncitem=self)
  File "/Users/jayant.dhingra/Desktop/couchbase-lite-tests/.venv/lib/python3.13/site-packages/pluggy/_hooks.py", line 513, in __call__
    return self._hookexec(self.name, self._hookimpls.copy(), kwargs, firstresult)
  File "/Users/jayant.dhingra/Desktop/couchbase-lite-tests/.venv/lib/python3.13/site-packages/pluggy/_manager.py", line 120, in _hookexec
    return self._inner_hookexec(hook_name, methods, kwargs, firstresult)
  File "/Users/jayant.dhingra/Desktop/couchbase-lite-tests/.venv/lib/python3.13/site-packages/pluggy/_callers.py", line 103, in _multicall
    res = hook_impl.function(*args)
  File "/Users/jayant.dhingra/Desktop/couchbase-lite-tests/.venv/lib/python3.13/site-packages/_pytest/python.py", line 166, in pytest_pyfunc_call
    result = testfunction(**testargs)
  File "/Users/jayant.dhingra/Desktop/couchbase-lite-tests/.venv/lib/python3.13/site-packages/pytest_asyncio/plugin.py", line 716, in inner
    runner.run(coro, context=context)
  File "/opt/homebrew/Cellar/python@3.13/3.13.7/Frameworks/Python.framework/Versions/3.13/lib/python3.13/asyncio/runners.py", line 118, in run
    return self._loop.run_until_complete(task)
  File "/opt/homebrew/Cellar/python@3.13/3.13.7/Frameworks/Python.framework/Versions/3.13/lib/python3.13/asyncio/base_events.py", line 712, in run_until_complete
    self.run_forever()
  File "/opt/homebrew/Cellar/python@3.13/3.13.7/Frameworks/Python.framework/Versions/3.13/lib/python3.13/asyncio/base_events.py", line 683, in run_forever
    self._run_once()
  File "/opt/homebrew/Cellar/python@3.13/3.13.7/Frameworks/Python.framework/Versions/3.13/lib/python3.13/asyncio/base_events.py", line 2050, in _run_once
    handle._run()
  File "/opt/homebrew/Cellar/python@3.13/3.13.7/Frameworks/Python.framework/Versions/3.13/lib/python3.13/asyncio/events.py", line 89, in _run
    self._context.run(self._callback, *self._args)
  File "/Users/jayant.dhingra/Desktop/couchbase-lite-tests/tests/dev_e2e/test_basic_replication.py", line 359, in test_continuous_pull
    dbs = await cblpytest.test_servers[0].create_and_reset_db(["db1"], dataset="travel")
  File "/Users/jayant.dhingra/Desktop/couchbase-lite-tests/client/src/cbltest/api/testserver.py", line 92, in create_and_reset_db
    await self.__request_factory.send_request(self.__index, request)
FAILED
tests/dev_e2e/test_basic_replication.py::TestBasicReplication::test_continuous_push_and_pull 2026-08-27 14:16:03,792 [INFO]: 🧹 Couchbase Server and Sync Gateway cleanup started
2026-08-27 14:16:03,795 [DEBUG]: 🧹 SGW <cbltest.api.syncgateway.SyncGateway object at 0x11378b230>: found databases ['travel'], deleting...
2026-08-27 14:16:03,855 [DEBUG]: 🧹 CBS <cbltest.api.couchbaseserver.CouchbaseServer object at 0x11378b620>: found buckets ['travel'], deleting...
2026-08-27 14:16:04,807 [DEBUG]: 🧹 CBS <cbltest.api.couchbaseserver.CouchbaseServer object at 0x11378b620>: waiting for all buckets to be deleted...
2026-08-27 14:16:04,809 [INFO]: 🧹 Couchbase Server and Sync Gateway cleanup finished
2026-08-27 14:16:04,810 [INFO]: Starting test: test_continuous_push_and_pull
2026-08-27 14:16:04,810 [INFO]: Moving to step 1:
2026-08-27 14:16:04,810 [INFO]: 	Reset SG and load `travel` dataset.
2026-08-27 14:16:51,752 [INFO]: Moving to step 2:
2026-08-27 14:16:51,752 [INFO]: 	Reset local database, and load `travel` dataset.
2026-08-27 14:16:51,752 [DEBUG]: Sending (test_continuous_push_and_pull) -> 3917af92-025e-4519-be8e-49ffccb813ad v1 POST /reset to http://localhost:5173
2026-08-27 14:16:51,753 [ERROR]: Failed to send (test_continuous_push_and_pull) -> 3917af92-025e-4519-be8e-49ffccb813ad v1 POST /reset to http://localhost:5173 (Cannot write to closing transport)
Stack (most recent call last):
  File "/Users/jayant.dhingra/Desktop/couchbase-lite-tests/.venv/bin/pytest", line 10, in <module>
    sys.exit(console_main())
  File "/Users/jayant.dhingra/Desktop/couchbase-lite-tests/.venv/lib/python3.13/site-packages/_pytest/config/__init__.py", line 223, in console_main
    code = main()
  File "/Users/jayant.dhingra/Desktop/couchbase-lite-tests/.venv/lib/python3.13/site-packages/_pytest/config/__init__.py", line 199, in main
    ret: ExitCode | int = config.hook.pytest_cmdline_main(config=config)
  File "/Users/jayant.dhingra/Desktop/couchbase-lite-tests/.venv/lib/python3.13/site-packages/pluggy/_hooks.py", line 513, in __call__
    return self._hookexec(self.name, self._hookimpls.copy(), kwargs, firstresult)
  File "/Users/jayant.dhingra/Desktop/couchbase-lite-tests/.venv/lib/python3.13/site-packages/pluggy/_manager.py", line 120, in _hookexec
    return self._inner_hookexec(hook_name, methods, kwargs, firstresult)
  File "/Users/jayant.dhingra/Desktop/couchbase-lite-tests/.venv/lib/python3.13/site-packages/pluggy/_callers.py", line 103, in _multicall
    res = hook_impl.function(*args)
  File "/Users/jayant.dhingra/Desktop/couchbase-lite-tests/.venv/lib/python3.13/site-packages/_pytest/main.py", line 365, in pytest_cmdline_main
    return wrap_session(config, _main)
  File "/Users/jayant.dhingra/Desktop/couchbase-lite-tests/.venv/lib/python3.13/site-packages/_pytest/main.py", line 318, in wrap_session
    session.exitstatus = doit(config, session) or 0
  File "/Users/jayant.dhingra/Desktop/couchbase-lite-tests/.venv/lib/python3.13/site-packages/_pytest/main.py", line 372, in _main
    config.hook.pytest_runtestloop(session=session)
  File "/Users/jayant.dhingra/Desktop/couchbase-lite-tests/.venv/lib/python3.13/site-packages/pluggy/_hooks.py", line 513, in __call__
    return self._hookexec(self.name, self._hookimpls.copy(), kwargs, firstresult)
  File "/Users/jayant.dhingra/Desktop/couchbase-lite-tests/.venv/lib/python3.13/site-packages/pluggy/_manager.py", line 120, in _hookexec
    return self._inner_hookexec(hook_name, methods, kwargs, firstresult)
  File "/Users/jayant.dhingra/Desktop/couchbase-lite-tests/.venv/lib/python3.13/site-packages/pluggy/_callers.py", line 103, in _multicall
    res = hook_impl.function(*args)
  File "/Users/jayant.dhingra/Desktop/couchbase-lite-tests/.venv/lib/python3.13/site-packages/_pytest/main.py", line 396, in pytest_runtestloop
    item.config.hook.pytest_runtest_protocol(item=item, nextitem=nextitem)
  File "/Users/jayant.dhingra/Desktop/couchbase-lite-tests/.venv/lib/python3.13/site-packages/pluggy/_hooks.py", line 513, in __call__
    return self._hookexec(self.name, self._hookimpls.copy(), kwargs, firstresult)
  File "/Users/jayant.dhingra/Desktop/couchbase-lite-tests/.venv/lib/python3.13/site-packages/pluggy/_manager.py", line 120, in _hookexec
    return self._inner_hookexec(hook_name, methods, kwargs, firstresult)
  File "/Users/jayant.dhingra/Desktop/couchbase-lite-tests/.venv/lib/python3.13/site-packages/pluggy/_callers.py", line 103, in _multicall
    res = hook_impl.function(*args)
  File "/Users/jayant.dhingra/Desktop/couchbase-lite-tests/.venv/lib/python3.13/site-packages/_pytest/runner.py", line 118, in pytest_runtest_protocol
    runtestprotocol(item, nextitem=nextitem)
  File "/Users/jayant.dhingra/Desktop/couchbase-lite-tests/.venv/lib/python3.13/site-packages/_pytest/runner.py", line 137, in runtestprotocol
    reports.append(call_and_report(item, "call", log))
  File "/Users/jayant.dhingra/Desktop/couchbase-lite-tests/.venv/lib/python3.13/site-packages/_pytest/runner.py", line 244, in call_and_report
    call = CallInfo.from_call(
  File "/Users/jayant.dhingra/Desktop/couchbase-lite-tests/.venv/lib/python3.13/site-packages/_pytest/runner.py", line 353, in from_call
    result: TResult | None = func()
  File "/Users/jayant.dhingra/Desktop/couchbase-lite-tests/.venv/lib/python3.13/site-packages/_pytest/runner.py", line 245, in <lambda>
    lambda: runtest_hook(item=item, **kwds),
  File "/Users/jayant.dhingra/Desktop/couchbase-lite-tests/.venv/lib/python3.13/site-packages/pluggy/_hooks.py", line 513, in __call__
    return self._hookexec(self.name, self._hookimpls.copy(), kwargs, firstresult)
  File "/Users/jayant.dhingra/Desktop/couchbase-lite-tests/.venv/lib/python3.13/site-packages/pluggy/_manager.py", line 120, in _hookexec
    return self._inner_hookexec(hook_name, methods, kwargs, firstresult)
  File "/Users/jayant.dhingra/Desktop/couchbase-lite-tests/.venv/lib/python3.13/site-packages/pluggy/_callers.py", line 103, in _multicall
    res = hook_impl.function(*args)
  File "/Users/jayant.dhingra/Desktop/couchbase-lite-tests/.venv/lib/python3.13/site-packages/_pytest/runner.py", line 179, in pytest_runtest_call
    item.runtest()
  File "/Users/jayant.dhingra/Desktop/couchbase-lite-tests/.venv/lib/python3.13/site-packages/pytest_asyncio/plugin.py", line 469, in runtest
    super().runtest()
  File "/Users/jayant.dhingra/Desktop/couchbase-lite-tests/.venv/lib/python3.13/site-packages/_pytest/python.py", line 1720, in runtest
    self.ihook.pytest_pyfunc_call(pyfuncitem=self)
  File "/Users/jayant.dhingra/Desktop/couchbase-lite-tests/.venv/lib/python3.13/site-packages/pluggy/_hooks.py", line 513, in __call__
    return self._hookexec(self.name, self._hookimpls.copy(), kwargs, firstresult)
  File "/Users/jayant.dhingra/Desktop/couchbase-lite-tests/.venv/lib/python3.13/site-packages/pluggy/_manager.py", line 120, in _hookexec
    return self._inner_hookexec(hook_name, methods, kwargs, firstresult)
  File "/Users/jayant.dhingra/Desktop/couchbase-lite-tests/.venv/lib/python3.13/site-packages/pluggy/_callers.py", line 103, in _multicall
    res = hook_impl.function(*args)
  File "/Users/jayant.dhingra/Desktop/couchbase-lite-tests/.venv/lib/python3.13/site-packages/_pytest/python.py", line 166, in pytest_pyfunc_call
    result = testfunction(**testargs)
  File "/Users/jayant.dhingra/Desktop/couchbase-lite-tests/.venv/lib/python3.13/site-packages/pytest_asyncio/plugin.py", line 716, in inner
    runner.run(coro, context=context)
  File "/opt/homebrew/Cellar/python@3.13/3.13.7/Frameworks/Python.framework/Versions/3.13/lib/python3.13/asyncio/runners.py", line 118, in run
    return self._loop.run_until_complete(task)
  File "/opt/homebrew/Cellar/python@3.13/3.13.7/Frameworks/Python.framework/Versions/3.13/lib/python3.13/asyncio/base_events.py", line 712, in run_until_complete
    self.run_forever()
  File "/opt/homebrew/Cellar/python@3.13/3.13.7/Frameworks/Python.framework/Versions/3.13/lib/python3.13/asyncio/base_events.py", line 683, in run_forever
    self._run_once()
  File "/opt/homebrew/Cellar/python@3.13/3.13.7/Frameworks/Python.framework/Versions/3.13/lib/python3.13/asyncio/base_events.py", line 2050, in _run_once
    handle._run()
  File "/opt/homebrew/Cellar/python@3.13/3.13.7/Frameworks/Python.framework/Versions/3.13/lib/python3.13/asyncio/events.py", line 89, in _run
    self._context.run(self._callback, *self._args)
  File "/Users/jayant.dhingra/Desktop/couchbase-lite-tests/tests/dev_e2e/test_basic_replication.py", line 538, in test_continuous_push_and_pull
    dbs = await cblpytest.test_servers[0].create_and_reset_db(["db1"], dataset="travel")
  File "/Users/jayant.dhingra/Desktop/couchbase-lite-tests/client/src/cbltest/api/testserver.py", line 92, in create_and_reset_db
    await self.__request_factory.send_request(self.__index, request)
FAILED
tests/dev_e2e/test_basic_replication.py::TestBasicReplication::test_default_collection_push 2026-08-27 14:16:51,771 [INFO]: 🧹 Couchbase Server and Sync Gateway cleanup started
2026-08-27 14:16:51,774 [DEBUG]: 🧹 SGW <cbltest.api.syncgateway.SyncGateway object at 0x11378b230>: found databases ['travel'], deleting...
2026-08-27 14:16:51,835 [DEBUG]: 🧹 CBS <cbltest.api.couchbaseserver.CouchbaseServer object at 0x11378b620>: found buckets ['travel'], deleting...
2026-08-27 14:16:52,508 [DEBUG]: 🧹 CBS <cbltest.api.couchbaseserver.CouchbaseServer object at 0x11378b620>: waiting for all buckets to be deleted...
2026-08-27 14:16:52,511 [INFO]: 🧹 Couchbase Server and Sync Gateway cleanup finished
2026-08-27 14:16:52,511 [INFO]: Starting test: test_default_collection_push
2026-08-27 14:16:52,511 [INFO]: Moving to step 1:
2026-08-27 14:16:52,511 [INFO]: 	Reset SG and load `names` dataset.
2026-08-27 14:16:59,700 [INFO]: Moving to step 2:
2026-08-27 14:16:59,700 [INFO]: 	Reset local database, and load `names` dataset.
2026-08-27 14:16:59,701 [DEBUG]: Sending (test_default_collection_push) -> 3917af92-025e-4519-be8e-49ffccb813ad v1 POST /reset to http://localhost:5173
2026-08-27 14:16:59,701 [ERROR]: Failed to send (test_default_collection_push) -> 3917af92-025e-4519-be8e-49ffccb813ad v1 POST /reset to http://localhost:5173 (Cannot write to closing transport)
Stack (most recent call last):
  File "/Users/jayant.dhingra/Desktop/couchbase-lite-tests/.venv/bin/pytest", line 10, in <module>
    sys.exit(console_main())
  File "/Users/jayant.dhingra/Desktop/couchbase-lite-tests/.venv/lib/python3.13/site-packages/_pytest/config/__init__.py", line 223, in console_main
    code = main()
  File "/Users/jayant.dhingra/Desktop/couchbase-lite-tests/.venv/lib/python3.13/site-packages/_pytest/config/__init__.py", line 199, in main
    ret: ExitCode | int = config.hook.pytest_cmdline_main(config=config)
  File "/Users/jayant.dhingra/Desktop/couchbase-lite-tests/.venv/lib/python3.13/site-packages/pluggy/_hooks.py", line 513, in __call__
    return self._hookexec(self.name, self._hookimpls.copy(), kwargs, firstresult)
  File "/Users/jayant.dhingra/Desktop/couchbase-lite-tests/.venv/lib/python3.13/site-packages/pluggy/_manager.py", line 120, in _hookexec
    return self._inner_hookexec(hook_name, methods, kwargs, firstresult)
  File "/Users/jayant.dhingra/Desktop/couchbase-lite-tests/.venv/lib/python3.13/site-packages/pluggy/_callers.py", line 103, in _multicall
    res = hook_impl.function(*args)
  File "/Users/jayant.dhingra/Desktop/couchbase-lite-tests/.venv/lib/python3.13/site-packages/_pytest/main.py", line 365, in pytest_cmdline_main
    return wrap_session(config, _main)
  File "/Users/jayant.dhingra/Desktop/couchbase-lite-tests/.venv/lib/python3.13/site-packages/_pytest/main.py", line 318, in wrap_session
    session.exitstatus = doit(config, session) or 0
  File "/Users/jayant.dhingra/Desktop/couchbase-lite-tests/.venv/lib/python3.13/site-packages/_pytest/main.py", line 372, in _main
    config.hook.pytest_runtestloop(session=session)
  File "/Users/jayant.dhingra/Desktop/couchbase-lite-tests/.venv/lib/python3.13/site-packages/pluggy/_hooks.py", line 513, in __call__
    return self._hookexec(self.name, self._hookimpls.copy(), kwargs, firstresult)
  File "/Users/jayant.dhingra/Desktop/couchbase-lite-tests/.venv/lib/python3.13/site-packages/pluggy/_manager.py", line 120, in _hookexec
    return self._inner_hookexec(hook_name, methods, kwargs, firstresult)
  File "/Users/jayant.dhingra/Desktop/couchbase-lite-tests/.venv/lib/python3.13/site-packages/pluggy/_callers.py", line 103, in _multicall
    res = hook_impl.function(*args)
  File "/Users/jayant.dhingra/Desktop/couchbase-lite-tests/.venv/lib/python3.13/site-packages/_pytest/main.py", line 396, in pytest_runtestloop
    item.config.hook.pytest_runtest_protocol(item=item, nextitem=nextitem)
  File "/Users/jayant.dhingra/Desktop/couchbase-lite-tests/.venv/lib/python3.13/site-packages/pluggy/_hooks.py", line 513, in __call__
    return self._hookexec(self.name, self._hookimpls.copy(), kwargs, firstresult)
  File "/Users/jayant.dhingra/Desktop/couchbase-lite-tests/.venv/lib/python3.13/site-packages/pluggy/_manager.py", line 120, in _hookexec
    return self._inner_hookexec(hook_name, methods, kwargs, firstresult)
  File "/Users/jayant.dhingra/Desktop/couchbase-lite-tests/.venv/lib/python3.13/site-packages/pluggy/_callers.py", line 103, in _multicall
    res = hook_impl.function(*args)
  File "/Users/jayant.dhingra/Desktop/couchbase-lite-tests/.venv/lib/python3.13/site-packages/_pytest/runner.py", line 118, in pytest_runtest_protocol
    runtestprotocol(item, nextitem=nextitem)
  File "/Users/jayant.dhingra/Desktop/couchbase-lite-tests/.venv/lib/python3.13/site-packages/_pytest/runner.py", line 137, in runtestprotocol
    reports.append(call_and_report(item, "call", log))
  File "/Users/jayant.dhingra/Desktop/couchbase-lite-tests/.venv/lib/python3.13/site-packages/_pytest/runner.py", line 244, in call_and_report
    call = CallInfo.from_call(
  File "/Users/jayant.dhingra/Desktop/couchbase-lite-tests/.venv/lib/python3.13/site-packages/_pytest/runner.py", line 353, in from_call
    result: TResult | None = func()
  File "/Users/jayant.dhingra/Desktop/couchbase-lite-tests/.venv/lib/python3.13/site-packages/_pytest/runner.py", line 245, in <lambda>
    lambda: runtest_hook(item=item, **kwds),
  File "/Users/jayant.dhingra/Desktop/couchbase-lite-tests/.venv/lib/python3.13/site-packages/pluggy/_hooks.py", line 513, in __call__
    return self._hookexec(self.name, self._hookimpls.copy(), kwargs, firstresult)
  File "/Users/jayant.dhingra/Desktop/couchbase-lite-tests/.venv/lib/python3.13/site-packages/pluggy/_manager.py", line 120, in _hookexec
    return self._inner_hookexec(hook_name, methods, kwargs, firstresult)
  File "/Users/jayant.dhingra/Desktop/couchbase-lite-tests/.venv/lib/python3.13/site-packages/pluggy/_callers.py", line 103, in _multicall
    res = hook_impl.function(*args)
  File "/Users/jayant.dhingra/Desktop/couchbase-lite-tests/.venv/lib/python3.13/site-packages/_pytest/runner.py", line 179, in pytest_runtest_call
    item.runtest()
  File "/Users/jayant.dhingra/Desktop/couchbase-lite-tests/.venv/lib/python3.13/site-packages/pytest_asyncio/plugin.py", line 469, in runtest
    super().runtest()
  File "/Users/jayant.dhingra/Desktop/couchbase-lite-tests/.venv/lib/python3.13/site-packages/_pytest/python.py", line 1720, in runtest
    self.ihook.pytest_pyfunc_call(pyfuncitem=self)
  File "/Users/jayant.dhingra/Desktop/couchbase-lite-tests/.venv/lib/python3.13/site-packages/pluggy/_hooks.py", line 513, in __call__
    return self._hookexec(self.name, self._hookimpls.copy(), kwargs, firstresult)
  File "/Users/jayant.dhingra/Desktop/couchbase-lite-tests/.venv/lib/python3.13/site-packages/pluggy/_manager.py", line 120, in _hookexec
    return self._inner_hookexec(hook_name, methods, kwargs, firstresult)
  File "/Users/jayant.dhingra/Desktop/couchbase-lite-tests/.venv/lib/python3.13/site-packages/pluggy/_callers.py", line 103, in _multicall
    res = hook_impl.function(*args)
  File "/Users/jayant.dhingra/Desktop/couchbase-lite-tests/.venv/lib/python3.13/site-packages/_pytest/python.py", line 166, in pytest_pyfunc_call
    result = testfunction(**testargs)
  File "/Users/jayant.dhingra/Desktop/couchbase-lite-tests/.venv/lib/python3.13/site-packages/pytest_asyncio/plugin.py", line 716, in inner
    runner.run(coro, context=context)
  File "/opt/homebrew/Cellar/python@3.13/3.13.7/Frameworks/Python.framework/Versions/3.13/lib/python3.13/asyncio/runners.py", line 118, in run
    return self._loop.run_until_complete(task)
  File "/opt/homebrew/Cellar/python@3.13/3.13.7/Frameworks/Python.framework/Versions/3.13/lib/python3.13/asyncio/base_events.py", line 712, in run_until_complete
    self.run_forever()
  File "/opt/homebrew/Cellar/python@3.13/3.13.7/Frameworks/Python.framework/Versions/3.13/lib/python3.13/asyncio/base_events.py", line 683, in run_forever
    self._run_once()
  File "/opt/homebrew/Cellar/python@3.13/3.13.7/Frameworks/Python.framework/Versions/3.13/lib/python3.13/asyncio/base_events.py", line 2050, in _run_once
    handle._run()
  File "/opt/homebrew/Cellar/python@3.13/3.13.7/Frameworks/Python.framework/Versions/3.13/lib/python3.13/asyncio/events.py", line 89, in _run
    self._context.run(self._callback, *self._args)
  File "/Users/jayant.dhingra/Desktop/couchbase-lite-tests/tests/dev_e2e/test_basic_replication.py", line 902, in test_default_collection_push
    dbs = await cblpytest.test_servers[0].create_and_reset_db(["db1"], dataset="names")
  File "/Users/jayant.dhingra/Desktop/couchbase-lite-tests/client/src/cbltest/api/testserver.py", line 92, in create_and_reset_db
    await self.__request_factory.send_request(self.__index, request)
FAILED
tests/dev_e2e/test_basic_replication.py::TestBasicReplication::test_default_collection_pull 2026-08-27 14:16:59,751 [INFO]: 🧹 Couchbase Server and Sync Gateway cleanup started
2026-08-27 14:16:59,754 [DEBUG]: 🧹 SGW <cbltest.api.syncgateway.SyncGateway object at 0x11378b230>: found databases ['names'], deleting...
2026-08-27 14:16:59,799 [DEBUG]: 🧹 CBS <cbltest.api.couchbaseserver.CouchbaseServer object at 0x11378b620>: found buckets ['names'], deleting...
2026-08-27 14:17:00,159 [DEBUG]: 🧹 CBS <cbltest.api.couchbaseserver.CouchbaseServer object at 0x11378b620>: waiting for all buckets to be deleted...
2026-08-27 14:17:00,162 [INFO]: 🧹 Couchbase Server and Sync Gateway cleanup finished
2026-08-27 14:17:00,162 [INFO]: Starting test: test_default_collection_pull
2026-08-27 14:17:00,162 [INFO]: Moving to step 1:
2026-08-27 14:17:00,162 [INFO]: 	Reset SG and load `names` dataset.
2026-08-27 14:17:28,673 [INFO]: Moving to step 2:
2026-08-27 14:17:28,673 [INFO]: 	Reset local database, and load `names` dataset.
2026-08-27 14:17:28,674 [DEBUG]: Sending (test_default_collection_pull) -> 3917af92-025e-4519-be8e-49ffccb813ad v1 POST /reset to http://localhost:5173
2026-08-27 14:17:28,674 [ERROR]: Failed to send (test_default_collection_pull) -> 3917af92-025e-4519-be8e-49ffccb813ad v1 POST /reset to http://localhost:5173 (Cannot write to closing transport)
Stack (most recent call last):
  File "/Users/jayant.dhingra/Desktop/couchbase-lite-tests/.venv/bin/pytest", line 10, in <module>
    sys.exit(console_main())
  File "/Users/jayant.dhingra/Desktop/couchbase-lite-tests/.venv/lib/python3.13/site-packages/_pytest/config/__init__.py", line 223, in console_main
    code = main()
  File "/Users/jayant.dhingra/Desktop/couchbase-lite-tests/.venv/lib/python3.13/site-packages/_pytest/config/__init__.py", line 199, in main
    ret: ExitCode | int = config.hook.pytest_cmdline_main(config=config)
  File "/Users/jayant.dhingra/Desktop/couchbase-lite-tests/.venv/lib/python3.13/site-packages/pluggy/_hooks.py", line 513, in __call__
    return self._hookexec(self.name, self._hookimpls.copy(), kwargs, firstresult)
  File "/Users/jayant.dhingra/Desktop/couchbase-lite-tests/.venv/lib/python3.13/site-packages/pluggy/_manager.py", line 120, in _hookexec
    return self._inner_hookexec(hook_name, methods, kwargs, firstresult)
  File "/Users/jayant.dhingra/Desktop/couchbase-lite-tests/.venv/lib/python3.13/site-packages/pluggy/_callers.py", line 103, in _multicall
    res = hook_impl.function(*args)
  File "/Users/jayant.dhingra/Desktop/couchbase-lite-tests/.venv/lib/python3.13/site-packages/_pytest/main.py", line 365, in pytest_cmdline_main
    return wrap_session(config, _main)
  File "/Users/jayant.dhingra/Desktop/couchbase-lite-tests/.venv/lib/python3.13/site-packages/_pytest/main.py", line 318, in wrap_session
    session.exitstatus = doit(config, session) or 0
  File "/Users/jayant.dhingra/Desktop/couchbase-lite-tests/.venv/lib/python3.13/site-packages/_pytest/main.py", line 372, in _main
    config.hook.pytest_runtestloop(session=session)
  File "/Users/jayant.dhingra/Desktop/couchbase-lite-tests/.venv/lib/python3.13/site-packages/pluggy/_hooks.py", line 513, in __call__
    return self._hookexec(self.name, self._hookimpls.copy(), kwargs, firstresult)
  File "/Users/jayant.dhingra/Desktop/couchbase-lite-tests/.venv/lib/python3.13/site-packages/pluggy/_manager.py", line 120, in _hookexec
    return self._inner_hookexec(hook_name, methods, kwargs, firstresult)
  File "/Users/jayant.dhingra/Desktop/couchbase-lite-tests/.venv/lib/python3.13/site-packages/pluggy/_callers.py", line 103, in _multicall
    res = hook_impl.function(*args)
  File "/Users/jayant.dhingra/Desktop/couchbase-lite-tests/.venv/lib/python3.13/site-packages/_pytest/main.py", line 396, in pytest_runtestloop
    item.config.hook.pytest_runtest_protocol(item=item, nextitem=nextitem)
  File "/Users/jayant.dhingra/Desktop/couchbase-lite-tests/.venv/lib/python3.13/site-packages/pluggy/_hooks.py", line 513, in __call__
    return self._hookexec(self.name, self._hookimpls.copy(), kwargs, firstresult)
  File "/Users/jayant.dhingra/Desktop/couchbase-lite-tests/.venv/lib/python3.13/site-packages/pluggy/_manager.py", line 120, in _hookexec
    return self._inner_hookexec(hook_name, methods, kwargs, firstresult)
  File "/Users/jayant.dhingra/Desktop/couchbase-lite-tests/.venv/lib/python3.13/site-packages/pluggy/_callers.py", line 103, in _multicall
    res = hook_impl.function(*args)
  File "/Users/jayant.dhingra/Desktop/couchbase-lite-tests/.venv/lib/python3.13/site-packages/_pytest/runner.py", line 118, in pytest_runtest_protocol
    runtestprotocol(item, nextitem=nextitem)
  File "/Users/jayant.dhingra/Desktop/couchbase-lite-tests/.venv/lib/python3.13/site-packages/_pytest/runner.py", line 137, in runtestprotocol
    reports.append(call_and_report(item, "call", log))
  File "/Users/jayant.dhingra/Desktop/couchbase-lite-tests/.venv/lib/python3.13/site-packages/_pytest/runner.py", line 244, in call_and_report
    call = CallInfo.from_call(
  File "/Users/jayant.dhingra/Desktop/couchbase-lite-tests/.venv/lib/python3.13/site-packages/_pytest/runner.py", line 353, in from_call
    result: TResult | None = func()
  File "/Users/jayant.dhingra/Desktop/couchbase-lite-tests/.venv/lib/python3.13/site-packages/_pytest/runner.py", line 245, in <lambda>
    lambda: runtest_hook(item=item, **kwds),
  File "/Users/jayant.dhingra/Desktop/couchbase-lite-tests/.venv/lib/python3.13/site-packages/pluggy/_hooks.py", line 513, in __call__
    return self._hookexec(self.name, self._hookimpls.copy(), kwargs, firstresult)
  File "/Users/jayant.dhingra/Desktop/couchbase-lite-tests/.venv/lib/python3.13/site-packages/pluggy/_manager.py", line 120, in _hookexec
    return self._inner_hookexec(hook_name, methods, kwargs, firstresult)
  File "/Users/jayant.dhingra/Desktop/couchbase-lite-tests/.venv/lib/python3.13/site-packages/pluggy/_callers.py", line 103, in _multicall
    res = hook_impl.function(*args)
  File "/Users/jayant.dhingra/Desktop/couchbase-lite-tests/.venv/lib/python3.13/site-packages/_pytest/runner.py", line 179, in pytest_runtest_call
    item.runtest()
  File "/Users/jayant.dhingra/Desktop/couchbase-lite-tests/.venv/lib/python3.13/site-packages/pytest_asyncio/plugin.py", line 469, in runtest
    super().runtest()
  File "/Users/jayant.dhingra/Desktop/couchbase-lite-tests/.venv/lib/python3.13/site-packages/_pytest/python.py", line 1720, in runtest
    self.ihook.pytest_pyfunc_call(pyfuncitem=self)
  File "/Users/jayant.dhingra/Desktop/couchbase-lite-tests/.venv/lib/python3.13/site-packages/pluggy/_hooks.py", line 513, in __call__
    return self._hookexec(self.name, self._hookimpls.copy(), kwargs, firstresult)
  File "/Users/jayant.dhingra/Desktop/couchbase-lite-tests/.venv/lib/python3.13/site-packages/pluggy/_manager.py", line 120, in _hookexec
    return self._inner_hookexec(hook_name, methods, kwargs, firstresult)
  File "/Users/jayant.dhingra/Desktop/couchbase-lite-tests/.venv/lib/python3.13/site-packages/pluggy/_callers.py", line 103, in _multicall
    res = hook_impl.function(*args)
  File "/Users/jayant.dhingra/Desktop/couchbase-lite-tests/.venv/lib/python3.13/site-packages/_pytest/python.py", line 166, in pytest_pyfunc_call
    result = testfunction(**testargs)
  File "/Users/jayant.dhingra/Desktop/couchbase-lite-tests/.venv/lib/python3.13/site-packages/pytest_asyncio/plugin.py", line 716, in inner
    runner.run(coro, context=context)
  File "/opt/homebrew/Cellar/python@3.13/3.13.7/Frameworks/Python.framework/Versions/3.13/lib/python3.13/asyncio/runners.py", line 118, in run
    return self._loop.run_until_complete(task)
  File "/opt/homebrew/Cellar/python@3.13/3.13.7/Frameworks/Python.framework/Versions/3.13/lib/python3.13/asyncio/base_events.py", line 712, in run_until_complete
    self.run_forever()
  File "/opt/homebrew/Cellar/python@3.13/3.13.7/Frameworks/Python.framework/Versions/3.13/lib/python3.13/asyncio/base_events.py", line 683, in run_forever
    self._run_once()
  File "/opt/homebrew/Cellar/python@3.13/3.13.7/Frameworks/Python.framework/Versions/3.13/lib/python3.13/asyncio/base_events.py", line 2050, in _run_once
    handle._run()
  File "/opt/homebrew/Cellar/python@3.13/3.13.7/Frameworks/Python.framework/Versions/3.13/lib/python3.13/asyncio/events.py", line 89, in _run
    self._context.run(self._callback, *self._args)
  File "/Users/jayant.dhingra/Desktop/couchbase-lite-tests/tests/dev_e2e/test_basic_replication.py", line 947, in test_default_collection_pull
    dbs = await cblpytest.test_servers[0].create_and_reset_db(["db1"], dataset="names")
  File "/Users/jayant.dhingra/Desktop/couchbase-lite-tests/client/src/cbltest/api/testserver.py", line 92, in create_and_reset_db
    await self.__request_factory.send_request(self.__index, request)
FAILED
tests/dev_e2e/test_basic_replication.py::TestBasicReplication::test_default_collection_push_and_pull 2026-08-27 14:17:28,690 [INFO]: 🧹 Couchbase Server and Sync Gateway cleanup started
2026-08-27 14:17:28,692 [DEBUG]: 🧹 SGW <cbltest.api.syncgateway.SyncGateway object at 0x11378b230>: found databases ['names'], deleting...
2026-08-27 14:17:28,736 [DEBUG]: 🧹 CBS <cbltest.api.couchbaseserver.CouchbaseServer object at 0x11378b620>: found buckets ['names'], deleting...
2026-08-27 14:17:29,254 [DEBUG]: 🧹 CBS <cbltest.api.couchbaseserver.CouchbaseServer object at 0x11378b620>: waiting for all buckets to be deleted...
2026-08-27 14:17:29,257 [INFO]: 🧹 Couchbase Server and Sync Gateway cleanup finished
2026-08-27 14:17:29,258 [INFO]: Starting test: test_default_collection_push_and_pull
2026-08-27 14:17:29,258 [INFO]: Moving to step 1:
2026-08-27 14:17:29,258 [INFO]: 	Reset SG and load `names` dataset.
2026-08-27 14:17:38,869 [INFO]: Moving to step 2:
2026-08-27 14:17:38,869 [INFO]: 	Reset local database, and load `names` dataset.
2026-08-27 14:17:38,870 [DEBUG]: Sending (test_default_collection_push_and_pull) -> 3917af92-025e-4519-be8e-49ffccb813ad v1 POST /reset to http://localhost:5173
2026-08-27 14:17:38,870 [ERROR]: Failed to send (test_default_collection_push_and_pull) -> 3917af92-025e-4519-be8e-49ffccb813ad v1 POST /reset to http://localhost:5173 (Cannot write to closing transport)
Stack (most recent call last):
  File "/Users/jayant.dhingra/Desktop/couchbase-lite-tests/.venv/bin/pytest", line 10, in <module>
    sys.exit(console_main())
  File "/Users/jayant.dhingra/Desktop/couchbase-lite-tests/.venv/lib/python3.13/site-packages/_pytest/config/__init__.py", line 223, in console_main
    code = main()
  File "/Users/jayant.dhingra/Desktop/couchbase-lite-tests/.venv/lib/python3.13/site-packages/_pytest/config/__init__.py", line 199, in main
    ret: ExitCode | int = config.hook.pytest_cmdline_main(config=config)
  File "/Users/jayant.dhingra/Desktop/couchbase-lite-tests/.venv/lib/python3.13/site-packages/pluggy/_hooks.py", line 513, in __call__
    return self._hookexec(self.name, self._hookimpls.copy(), kwargs, firstresult)
  File "/Users/jayant.dhingra/Desktop/couchbase-lite-tests/.venv/lib/python3.13/site-packages/pluggy/_manager.py", line 120, in _hookexec
    return self._inner_hookexec(hook_name, methods, kwargs, firstresult)
  File "/Users/jayant.dhingra/Desktop/couchbase-lite-tests/.venv/lib/python3.13/site-packages/pluggy/_callers.py", line 103, in _multicall
    res = hook_impl.function(*args)
  File "/Users/jayant.dhingra/Desktop/couchbase-lite-tests/.venv/lib/python3.13/site-packages/_pytest/main.py", line 365, in pytest_cmdline_main
    return wrap_session(config, _main)
  File "/Users/jayant.dhingra/Desktop/couchbase-lite-tests/.venv/lib/python3.13/site-packages/_pytest/main.py", line 318, in wrap_session
    session.exitstatus = doit(config, session) or 0
  File "/Users/jayant.dhingra/Desktop/couchbase-lite-tests/.venv/lib/python3.13/site-packages/_pytest/main.py", line 372, in _main
    config.hook.pytest_runtestloop(session=session)
  File "/Users/jayant.dhingra/Desktop/couchbase-lite-tests/.venv/lib/python3.13/site-packages/pluggy/_hooks.py", line 513, in __call__
    return self._hookexec(self.name, self._hookimpls.copy(), kwargs, firstresult)
  File "/Users/jayant.dhingra/Desktop/couchbase-lite-tests/.venv/lib/python3.13/site-packages/pluggy/_manager.py", line 120, in _hookexec
    return self._inner_hookexec(hook_name, methods, kwargs, firstresult)
  File "/Users/jayant.dhingra/Desktop/couchbase-lite-tests/.venv/lib/python3.13/site-packages/pluggy/_callers.py", line 103, in _multicall
    res = hook_impl.function(*args)
  File "/Users/jayant.dhingra/Desktop/couchbase-lite-tests/.venv/lib/python3.13/site-packages/_pytest/main.py", line 396, in pytest_runtestloop
    item.config.hook.pytest_runtest_protocol(item=item, nextitem=nextitem)
  File "/Users/jayant.dhingra/Desktop/couchbase-lite-tests/.venv/lib/python3.13/site-packages/pluggy/_hooks.py", line 513, in __call__
    return self._hookexec(self.name, self._hookimpls.copy(), kwargs, firstresult)
  File "/Users/jayant.dhingra/Desktop/couchbase-lite-tests/.venv/lib/python3.13/site-packages/pluggy/_manager.py", line 120, in _hookexec
    return self._inner_hookexec(hook_name, methods, kwargs, firstresult)
  File "/Users/jayant.dhingra/Desktop/couchbase-lite-tests/.venv/lib/python3.13/site-packages/pluggy/_callers.py", line 103, in _multicall
    res = hook_impl.function(*args)
  File "/Users/jayant.dhingra/Desktop/couchbase-lite-tests/.venv/lib/python3.13/site-packages/_pytest/runner.py", line 118, in pytest_runtest_protocol
    runtestprotocol(item, nextitem=nextitem)
  File "/Users/jayant.dhingra/Desktop/couchbase-lite-tests/.venv/lib/python3.13/site-packages/_pytest/runner.py", line 137, in runtestprotocol
    reports.append(call_and_report(item, "call", log))
  File "/Users/jayant.dhingra/Desktop/couchbase-lite-tests/.venv/lib/python3.13/site-packages/_pytest/runner.py", line 244, in call_and_report
    call = CallInfo.from_call(
  File "/Users/jayant.dhingra/Desktop/couchbase-lite-tests/.venv/lib/python3.13/site-packages/_pytest/runner.py", line 353, in from_call
    result: TResult | None = func()
  File "/Users/jayant.dhingra/Desktop/couchbase-lite-tests/.venv/lib/python3.13/site-packages/_pytest/runner.py", line 245, in <lambda>
    lambda: runtest_hook(item=item, **kwds),
  File "/Users/jayant.dhingra/Desktop/couchbase-lite-tests/.venv/lib/python3.13/site-packages/pluggy/_hooks.py", line 513, in __call__
    return self._hookexec(self.name, self._hookimpls.copy(), kwargs, firstresult)
  File "/Users/jayant.dhingra/Desktop/couchbase-lite-tests/.venv/lib/python3.13/site-packages/pluggy/_manager.py", line 120, in _hookexec
    return self._inner_hookexec(hook_name, methods, kwargs, firstresult)
  File "/Users/jayant.dhingra/Desktop/couchbase-lite-tests/.venv/lib/python3.13/site-packages/pluggy/_callers.py", line 103, in _multicall
    res = hook_impl.function(*args)
  File "/Users/jayant.dhingra/Desktop/couchbase-lite-tests/.venv/lib/python3.13/site-packages/_pytest/runner.py", line 179, in pytest_runtest_call
    item.runtest()
  File "/Users/jayant.dhingra/Desktop/couchbase-lite-tests/.venv/lib/python3.13/site-packages/pytest_asyncio/plugin.py", line 469, in runtest
    super().runtest()
  File "/Users/jayant.dhingra/Desktop/couchbase-lite-tests/.venv/lib/python3.13/site-packages/_pytest/python.py", line 1720, in runtest
    self.ihook.pytest_pyfunc_call(pyfuncitem=self)
  File "/Users/jayant.dhingra/Desktop/couchbase-lite-tests/.venv/lib/python3.13/site-packages/pluggy/_hooks.py", line 513, in __call__
    return self._hookexec(self.name, self._hookimpls.copy(), kwargs, firstresult)
  File "/Users/jayant.dhingra/Desktop/couchbase-lite-tests/.venv/lib/python3.13/site-packages/pluggy/_manager.py", line 120, in _hookexec
    return self._inner_hookexec(hook_name, methods, kwargs, firstresult)
  File "/Users/jayant.dhingra/Desktop/couchbase-lite-tests/.venv/lib/python3.13/site-packages/pluggy/_callers.py", line 103, in _multicall
    res = hook_impl.function(*args)
  File "/Users/jayant.dhingra/Desktop/couchbase-lite-tests/.venv/lib/python3.13/site-packages/_pytest/python.py", line 166, in pytest_pyfunc_call
    result = testfunction(**testargs)
  File "/Users/jayant.dhingra/Desktop/couchbase-lite-tests/.venv/lib/python3.13/site-packages/pytest_asyncio/plugin.py", line 716, in inner
    runner.run(coro, context=context)
  File "/opt/homebrew/Cellar/python@3.13/3.13.7/Frameworks/Python.framework/Versions/3.13/lib/python3.13/asyncio/runners.py", line 118, in run
    return self._loop.run_until_complete(task)
  File "/opt/homebrew/Cellar/python@3.13/3.13.7/Frameworks/Python.framework/Versions/3.13/lib/python3.13/asyncio/base_events.py", line 712, in run_until_complete
    self.run_forever()
  File "/opt/homebrew/Cellar/python@3.13/3.13.7/Frameworks/Python.framework/Versions/3.13/lib/python3.13/asyncio/base_events.py", line 683, in run_forever
    self._run_once()
  File "/opt/homebrew/Cellar/python@3.13/3.13.7/Frameworks/Python.framework/Versions/3.13/lib/python3.13/asyncio/base_events.py", line 2050, in _run_once
    handle._run()
  File "/opt/homebrew/Cellar/python@3.13/3.13.7/Frameworks/Python.framework/Versions/3.13/lib/python3.13/asyncio/events.py", line 89, in _run
    self._context.run(self._callback, *self._args)
  File "/Users/jayant.dhingra/Desktop/couchbase-lite-tests/tests/dev_e2e/test_basic_replication.py", line 992, in test_default_collection_push_and_pull
    dbs = await cblpytest.test_servers[0].create_and_reset_db(["db1"], dataset="names")
  File "/Users/jayant.dhingra/Desktop/couchbase-lite-tests/client/src/cbltest/api/testserver.py", line 92, in create_and_reset_db
    await self.__request_factory.send_request(self.__index, request)
FAILED
tests/dev_e2e/test_basic_replication.py::TestBasicReplication::test_reset_checkpoint_push 2026-08-27 14:17:38,888 [INFO]: 🧹 Couchbase Server and Sync Gateway cleanup started
2026-08-27 14:17:38,891 [DEBUG]: 🧹 SGW <cbltest.api.syncgateway.SyncGateway object at 0x11378b230>: found databases ['names'], deleting...
2026-08-27 14:17:38,936 [DEBUG]: 🧹 CBS <cbltest.api.couchbaseserver.CouchbaseServer object at 0x11378b620>: found buckets ['names'], deleting...
2026-08-27 14:17:39,978 [DEBUG]: 🧹 CBS <cbltest.api.couchbaseserver.CouchbaseServer object at 0x11378b620>: waiting for all buckets to be deleted...
2026-08-27 14:17:39,983 [INFO]: 🧹 Couchbase Server and Sync Gateway cleanup finished
2026-08-27 14:17:39,983 [INFO]: Starting test: test_reset_checkpoint_push
2026-08-27 14:17:39,984 [INFO]: Moving to step 1:
2026-08-27 14:17:39,984 [INFO]: 	Reset SG and load `travel` dataset.
2026-08-27 14:18:26,981 [INFO]: Moving to step 2:
2026-08-27 14:18:26,981 [INFO]: 	Reset local database, and load `travel` dataset.
2026-08-27 14:18:26,982 [DEBUG]: Sending (test_reset_checkpoint_push) -> 3917af92-025e-4519-be8e-49ffccb813ad v1 POST /reset to http://localhost:5173
2026-08-27 14:18:26,982 [ERROR]: Failed to send (test_reset_checkpoint_push) -> 3917af92-025e-4519-be8e-49ffccb813ad v1 POST /reset to http://localhost:5173 (Cannot write to closing transport)
Stack (most recent call last):
  File "/Users/jayant.dhingra/Desktop/couchbase-lite-tests/.venv/bin/pytest", line 10, in <module>
    sys.exit(console_main())
  File "/Users/jayant.dhingra/Desktop/couchbase-lite-tests/.venv/lib/python3.13/site-packages/_pytest/config/__init__.py", line 223, in console_main
    code = main()
  File "/Users/jayant.dhingra/Desktop/couchbase-lite-tests/.venv/lib/python3.13/site-packages/_pytest/config/__init__.py", line 199, in main
    ret: ExitCode | int = config.hook.pytest_cmdline_main(config=config)
  File "/Users/jayant.dhingra/Desktop/couchbase-lite-tests/.venv/lib/python3.13/site-packages/pluggy/_hooks.py", line 513, in __call__
    return self._hookexec(self.name, self._hookimpls.copy(), kwargs, firstresult)
  File "/Users/jayant.dhingra/Desktop/couchbase-lite-tests/.venv/lib/python3.13/site-packages/pluggy/_manager.py", line 120, in _hookexec
    return self._inner_hookexec(hook_name, methods, kwargs, firstresult)
  File "/Users/jayant.dhingra/Desktop/couchbase-lite-tests/.venv/lib/python3.13/site-packages/pluggy/_callers.py", line 103, in _multicall
    res = hook_impl.function(*args)
  File "/Users/jayant.dhingra/Desktop/couchbase-lite-tests/.venv/lib/python3.13/site-packages/_pytest/main.py", line 365, in pytest_cmdline_main
    return wrap_session(config, _main)
  File "/Users/jayant.dhingra/Desktop/couchbase-lite-tests/.venv/lib/python3.13/site-packages/_pytest/main.py", line 318, in wrap_session
    session.exitstatus = doit(config, session) or 0
  File "/Users/jayant.dhingra/Desktop/couchbase-lite-tests/.venv/lib/python3.13/site-packages/_pytest/main.py", line 372, in _main
    config.hook.pytest_runtestloop(session=session)
  File "/Users/jayant.dhingra/Desktop/couchbase-lite-tests/.venv/lib/python3.13/site-packages/pluggy/_hooks.py", line 513, in __call__
    return self._hookexec(self.name, self._hookimpls.copy(), kwargs, firstresult)
  File "/Users/jayant.dhingra/Desktop/couchbase-lite-tests/.venv/lib/python3.13/site-packages/pluggy/_manager.py", line 120, in _hookexec
    return self._inner_hookexec(hook_name, methods, kwargs, firstresult)
  File "/Users/jayant.dhingra/Desktop/couchbase-lite-tests/.venv/lib/python3.13/site-packages/pluggy/_callers.py", line 103, in _multicall
    res = hook_impl.function(*args)
  File "/Users/jayant.dhingra/Desktop/couchbase-lite-tests/.venv/lib/python3.13/site-packages/_pytest/main.py", line 396, in pytest_runtestloop
    item.config.hook.pytest_runtest_protocol(item=item, nextitem=nextitem)
  File "/Users/jayant.dhingra/Desktop/couchbase-lite-tests/.venv/lib/python3.13/site-packages/pluggy/_hooks.py", line 513, in __call__
    return self._hookexec(self.name, self._hookimpls.copy(), kwargs, firstresult)
  File "/Users/jayant.dhingra/Desktop/couchbase-lite-tests/.venv/lib/python3.13/site-packages/pluggy/_manager.py", line 120, in _hookexec
    return self._inner_hookexec(hook_name, methods, kwargs, firstresult)
  File "/Users/jayant.dhingra/Desktop/couchbase-lite-tests/.venv/lib/python3.13/site-packages/pluggy/_callers.py", line 103, in _multicall
    res = hook_impl.function(*args)
  File "/Users/jayant.dhingra/Desktop/couchbase-lite-tests/.venv/lib/python3.13/site-packages/_pytest/runner.py", line 118, in pytest_runtest_protocol
    runtestprotocol(item, nextitem=nextitem)
  File "/Users/jayant.dhingra/Desktop/couchbase-lite-tests/.venv/lib/python3.13/site-packages/_pytest/runner.py", line 137, in runtestprotocol
    reports.append(call_and_report(item, "call", log))
  File "/Users/jayant.dhingra/Desktop/couchbase-lite-tests/.venv/lib/python3.13/site-packages/_pytest/runner.py", line 244, in call_and_report
    call = CallInfo.from_call(
  File "/Users/jayant.dhingra/Desktop/couchbase-lite-tests/.venv/lib/python3.13/site-packages/_pytest/runner.py", line 353, in from_call
    result: TResult | None = func()
  File "/Users/jayant.dhingra/Desktop/couchbase-lite-tests/.venv/lib/python3.13/site-packages/_pytest/runner.py", line 245, in <lambda>
    lambda: runtest_hook(item=item, **kwds),
  File "/Users/jayant.dhingra/Desktop/couchbase-lite-tests/.venv/lib/python3.13/site-packages/pluggy/_hooks.py", line 513, in __call__
    return self._hookexec(self.name, self._hookimpls.copy(), kwargs, firstresult)
  File "/Users/jayant.dhingra/Desktop/couchbase-lite-tests/.venv/lib/python3.13/site-packages/pluggy/_manager.py", line 120, in _hookexec
    return self._inner_hookexec(hook_name, methods, kwargs, firstresult)
  File "/Users/jayant.dhingra/Desktop/couchbase-lite-tests/.venv/lib/python3.13/site-packages/pluggy/_callers.py", line 103, in _multicall
    res = hook_impl.function(*args)
  File "/Users/jayant.dhingra/Desktop/couchbase-lite-tests/.venv/lib/python3.13/site-packages/_pytest/runner.py", line 179, in pytest_runtest_call
    item.runtest()
  File "/Users/jayant.dhingra/Desktop/couchbase-lite-tests/.venv/lib/python3.13/site-packages/pytest_asyncio/plugin.py", line 469, in runtest
    super().runtest()
  File "/Users/jayant.dhingra/Desktop/couchbase-lite-tests/.venv/lib/python3.13/site-packages/_pytest/python.py", line 1720, in runtest
    self.ihook.pytest_pyfunc_call(pyfuncitem=self)
  File "/Users/jayant.dhingra/Desktop/couchbase-lite-tests/.venv/lib/python3.13/site-packages/pluggy/_hooks.py", line 513, in __call__
    return self._hookexec(self.name, self._hookimpls.copy(), kwargs, firstresult)
  File "/Users/jayant.dhingra/Desktop/couchbase-lite-tests/.venv/lib/python3.13/site-packages/pluggy/_manager.py", line 120, in _hookexec
    return self._inner_hookexec(hook_name, methods, kwargs, firstresult)
  File "/Users/jayant.dhingra/Desktop/couchbase-lite-tests/.venv/lib/python3.13/site-packages/pluggy/_callers.py", line 103, in _multicall
    res = hook_impl.function(*args)
  File "/Users/jayant.dhingra/Desktop/couchbase-lite-tests/.venv/lib/python3.13/site-packages/_pytest/python.py", line 166, in pytest_pyfunc_call
    result = testfunction(**testargs)
  File "/Users/jayant.dhingra/Desktop/couchbase-lite-tests/.venv/lib/python3.13/site-packages/pytest_asyncio/plugin.py", line 716, in inner
    runner.run(coro, context=context)
  File "/opt/homebrew/Cellar/python@3.13/3.13.7/Frameworks/Python.framework/Versions/3.13/lib/python3.13/asyncio/runners.py", line 118, in run
    return self._loop.run_until_complete(task)
  File "/opt/homebrew/Cellar/python@3.13/3.13.7/Frameworks/Python.framework/Versions/3.13/lib/python3.13/asyncio/base_events.py", line 712, in run_until_complete
    self.run_forever()
  File "/opt/homebrew/Cellar/python@3.13/3.13.7/Frameworks/Python.framework/Versions/3.13/lib/python3.13/asyncio/base_events.py", line 683, in run_forever
    self._run_once()
  File "/opt/homebrew/Cellar/python@3.13/3.13.7/Frameworks/Python.framework/Versions/3.13/lib/python3.13/asyncio/base_events.py", line 2050, in _run_once
    handle._run()
  File "/opt/homebrew/Cellar/python@3.13/3.13.7/Frameworks/Python.framework/Versions/3.13/lib/python3.13/asyncio/events.py", line 89, in _run
    self._context.run(self._callback, *self._args)
  File "/Users/jayant.dhingra/Desktop/couchbase-lite-tests/tests/dev_e2e/test_basic_replication.py", line 1037, in test_reset_checkpoint_push
    dbs = await cblpytest.test_servers[0].create_and_reset_db(["db1"], dataset="travel")
  File "/Users/jayant.dhingra/Desktop/couchbase-lite-tests/client/src/cbltest/api/testserver.py", line 92, in create_and_reset_db
    await self.__request_factory.send_request(self.__index, request)
FAILED
tests/dev_e2e/test_basic_replication.py::TestBasicReplication::test_reset_checkpoint_pull 2026-08-27 14:18:26,997 [INFO]: 🧹 Couchbase Server and Sync Gateway cleanup started
2026-08-27 14:18:26,999 [DEBUG]: 🧹 SGW <cbltest.api.syncgateway.SyncGateway object at 0x11378b230>: found databases ['travel'], deleting...
2026-08-27 14:18:27,062 [DEBUG]: 🧹 CBS <cbltest.api.couchbaseserver.CouchbaseServer object at 0x11378b620>: found buckets ['travel'], deleting...
2026-08-27 14:18:28,327 [DEBUG]: 🧹 CBS <cbltest.api.couchbaseserver.CouchbaseServer object at 0x11378b620>: waiting for all buckets to be deleted...
2026-08-27 14:18:28,330 [INFO]: 🧹 Couchbase Server and Sync Gateway cleanup finished
2026-08-27 14:18:28,330 [INFO]: Starting test: test_reset_checkpoint_pull
2026-08-27 14:18:28,330 [INFO]: Moving to step 1:
2026-08-27 14:18:28,330 [INFO]: 	Reset SG and load `travel` dataset.
2026-08-27 14:19:15,261 [INFO]: Moving to step 2:
2026-08-27 14:19:15,261 [INFO]: 	Reset local database, and load `travel` dataset.
2026-08-27 14:19:15,261 [DEBUG]: Sending (test_reset_checkpoint_pull) -> 3917af92-025e-4519-be8e-49ffccb813ad v1 POST /reset to http://localhost:5173
2026-08-27 14:19:15,262 [ERROR]: Failed to send (test_reset_checkpoint_pull) -> 3917af92-025e-4519-be8e-49ffccb813ad v1 POST /reset to http://localhost:5173 (Cannot write to closing transport)
Stack (most recent call last):
  File "/Users/jayant.dhingra/Desktop/couchbase-lite-tests/.venv/bin/pytest", line 10, in <module>
    sys.exit(console_main())
  File "/Users/jayant.dhingra/Desktop/couchbase-lite-tests/.venv/lib/python3.13/site-packages/_pytest/config/__init__.py", line 223, in console_main
    code = main()
  File "/Users/jayant.dhingra/Desktop/couchbase-lite-tests/.venv/lib/python3.13/site-packages/_pytest/config/__init__.py", line 199, in main
    ret: ExitCode | int = config.hook.pytest_cmdline_main(config=config)
  File "/Users/jayant.dhingra/Desktop/couchbase-lite-tests/.venv/lib/python3.13/site-packages/pluggy/_hooks.py", line 513, in __call__
    return self._hookexec(self.name, self._hookimpls.copy(), kwargs, firstresult)
  File "/Users/jayant.dhingra/Desktop/couchbase-lite-tests/.venv/lib/python3.13/site-packages/pluggy/_manager.py", line 120, in _hookexec
    return self._inner_hookexec(hook_name, methods, kwargs, firstresult)
  File "/Users/jayant.dhingra/Desktop/couchbase-lite-tests/.venv/lib/python3.13/site-packages/pluggy/_callers.py", line 103, in _multicall
    res = hook_impl.function(*args)
  File "/Users/jayant.dhingra/Desktop/couchbase-lite-tests/.venv/lib/python3.13/site-packages/_pytest/main.py", line 365, in pytest_cmdline_main
    return wrap_session(config, _main)
  File "/Users/jayant.dhingra/Desktop/couchbase-lite-tests/.venv/lib/python3.13/site-packages/_pytest/main.py", line 318, in wrap_session
    session.exitstatus = doit(config, session) or 0
  File "/Users/jayant.dhingra/Desktop/couchbase-lite-tests/.venv/lib/python3.13/site-packages/_pytest/main.py", line 372, in _main
    config.hook.pytest_runtestloop(session=session)
  File "/Users/jayant.dhingra/Desktop/couchbase-lite-tests/.venv/lib/python3.13/site-packages/pluggy/_hooks.py", line 513, in __call__
    return self._hookexec(self.name, self._hookimpls.copy(), kwargs, firstresult)
  File "/Users/jayant.dhingra/Desktop/couchbase-lite-tests/.venv/lib/python3.13/site-packages/pluggy/_manager.py", line 120, in _hookexec
    return self._inner_hookexec(hook_name, methods, kwargs, firstresult)
  File "/Users/jayant.dhingra/Desktop/couchbase-lite-tests/.venv/lib/python3.13/site-packages/pluggy/_callers.py", line 103, in _multicall
    res = hook_impl.function(*args)
  File "/Users/jayant.dhingra/Desktop/couchbase-lite-tests/.venv/lib/python3.13/site-packages/_pytest/main.py", line 396, in pytest_runtestloop
    item.config.hook.pytest_runtest_protocol(item=item, nextitem=nextitem)
  File "/Users/jayant.dhingra/Desktop/couchbase-lite-tests/.venv/lib/python3.13/site-packages/pluggy/_hooks.py", line 513, in __call__
    return self._hookexec(self.name, self._hookimpls.copy(), kwargs, firstresult)
  File "/Users/jayant.dhingra/Desktop/couchbase-lite-tests/.venv/lib/python3.13/site-packages/pluggy/_manager.py", line 120, in _hookexec
    return self._inner_hookexec(hook_name, methods, kwargs, firstresult)
  File "/Users/jayant.dhingra/Desktop/couchbase-lite-tests/.venv/lib/python3.13/site-packages/pluggy/_callers.py", line 103, in _multicall
    res = hook_impl.function(*args)
  File "/Users/jayant.dhingra/Desktop/couchbase-lite-tests/.venv/lib/python3.13/site-packages/_pytest/runner.py", line 118, in pytest_runtest_protocol
    runtestprotocol(item, nextitem=nextitem)
  File "/Users/jayant.dhingra/Desktop/couchbase-lite-tests/.venv/lib/python3.13/site-packages/_pytest/runner.py", line 137, in runtestprotocol
    reports.append(call_and_report(item, "call", log))
  File "/Users/jayant.dhingra/Desktop/couchbase-lite-tests/.venv/lib/python3.13/site-packages/_pytest/runner.py", line 244, in call_and_report
    call = CallInfo.from_call(
  File "/Users/jayant.dhingra/Desktop/couchbase-lite-tests/.venv/lib/python3.13/site-packages/_pytest/runner.py", line 353, in from_call
    result: TResult | None = func()
  File "/Users/jayant.dhingra/Desktop/couchbase-lite-tests/.venv/lib/python3.13/site-packages/_pytest/runner.py", line 245, in <lambda>
    lambda: runtest_hook(item=item, **kwds),
  File "/Users/jayant.dhingra/Desktop/couchbase-lite-tests/.venv/lib/python3.13/site-packages/pluggy/_hooks.py", line 513, in __call__
    return self._hookexec(self.name, self._hookimpls.copy(), kwargs, firstresult)
  File "/Users/jayant.dhingra/Desktop/couchbase-lite-tests/.venv/lib/python3.13/site-packages/pluggy/_manager.py", line 120, in _hookexec
    return self._inner_hookexec(hook_name, methods, kwargs, firstresult)
  File "/Users/jayant.dhingra/Desktop/couchbase-lite-tests/.venv/lib/python3.13/site-packages/pluggy/_callers.py", line 103, in _multicall
    res = hook_impl.function(*args)
  File "/Users/jayant.dhingra/Desktop/couchbase-lite-tests/.venv/lib/python3.13/site-packages/_pytest/runner.py", line 179, in pytest_runtest_call
    item.runtest()
  File "/Users/jayant.dhingra/Desktop/couchbase-lite-tests/.venv/lib/python3.13/site-packages/pytest_asyncio/plugin.py", line 469, in runtest
    super().runtest()
  File "/Users/jayant.dhingra/Desktop/couchbase-lite-tests/.venv/lib/python3.13/site-packages/_pytest/python.py", line 1720, in runtest
    self.ihook.pytest_pyfunc_call(pyfuncitem=self)
  File "/Users/jayant.dhingra/Desktop/couchbase-lite-tests/.venv/lib/python3.13/site-packages/pluggy/_hooks.py", line 513, in __call__
    return self._hookexec(self.name, self._hookimpls.copy(), kwargs, firstresult)
  File "/Users/jayant.dhingra/Desktop/couchbase-lite-tests/.venv/lib/python3.13/site-packages/pluggy/_manager.py", line 120, in _hookexec
    return self._inner_hookexec(hook_name, methods, kwargs, firstresult)
  File "/Users/jayant.dhingra/Desktop/couchbase-lite-tests/.venv/lib/python3.13/site-packages/pluggy/_callers.py", line 103, in _multicall
    res = hook_impl.function(*args)
  File "/Users/jayant.dhingra/Desktop/couchbase-lite-tests/.venv/lib/python3.13/site-packages/_pytest/python.py", line 166, in pytest_pyfunc_call
    result = testfunction(**testargs)
  File "/Users/jayant.dhingra/Desktop/couchbase-lite-tests/.venv/lib/python3.13/site-packages/pytest_asyncio/plugin.py", line 716, in inner
    runner.run(coro, context=context)
  File "/opt/homebrew/Cellar/python@3.13/3.13.7/Frameworks/Python.framework/Versions/3.13/lib/python3.13/asyncio/runners.py", line 118, in run
    return self._loop.run_until_complete(task)
  File "/opt/homebrew/Cellar/python@3.13/3.13.7/Frameworks/Python.framework/Versions/3.13/lib/python3.13/asyncio/base_events.py", line 712, in run_until_complete
    self.run_forever()
  File "/opt/homebrew/Cellar/python@3.13/3.13.7/Frameworks/Python.framework/Versions/3.13/lib/python3.13/asyncio/base_events.py", line 683, in run_forever
    self._run_once()
  File "/opt/homebrew/Cellar/python@3.13/3.13.7/Frameworks/Python.framework/Versions/3.13/lib/python3.13/asyncio/base_events.py", line 2050, in _run_once
    handle._run()
  File "/opt/homebrew/Cellar/python@3.13/3.13.7/Frameworks/Python.framework/Versions/3.13/lib/python3.13/asyncio/events.py", line 89, in _run
    self._context.run(self._callback, *self._args)
  File "/Users/jayant.dhingra/Desktop/couchbase-lite-tests/tests/dev_e2e/test_basic_replication.py", line 1131, in test_reset_checkpoint_pull
    dbs = await cblpytest.test_servers[0].create_and_reset_db(["db1"], dataset="travel")
  File "/Users/jayant.dhingra/Desktop/couchbase-lite-tests/client/src/cbltest/api/testserver.py", line 92, in create_and_reset_db
    await self.__request_factory.send_request(self.__index, request)
FAILED
tests/dev_e2e/test_custom_conflict.py::TestCustomConflict::test_push_pull_resolved_doc 2026-08-27 14:19:15,279 [INFO]: 🧹 Couchbase Server and Sync Gateway cleanup started
2026-08-27 14:19:15,281 [DEBUG]: 🧹 SGW <cbltest.api.syncgateway.SyncGateway object at 0x11378b230>: found databases ['travel'], deleting...
2026-08-27 14:19:15,343 [DEBUG]: 🧹 CBS <cbltest.api.couchbaseserver.CouchbaseServer object at 0x11378b620>: found buckets ['travel'], deleting...
2026-08-27 14:19:15,824 [DEBUG]: 🧹 CBS <cbltest.api.couchbaseserver.CouchbaseServer object at 0x11378b620>: waiting for all buckets to be deleted...
2026-08-27 14:19:15,829 [INFO]: 🧹 Couchbase Server and Sync Gateway cleanup finished
2026-08-27 14:19:15,829 [INFO]: Starting test: test_push_pull_resolved_doc
2026-08-27 14:19:15,830 [INFO]: Moving to step 1:
2026-08-27 14:19:15,830 [INFO]: 	Reset SG and load `names` dataset
2026-08-27 14:19:23,091 [INFO]: Moving to step 2:
2026-08-27 14:19:23,091 [INFO]: 	Reset empty local database
2026-08-27 14:19:23,092 [DEBUG]: Sending (test_push_pull_resolved_doc) -> 3917af92-025e-4519-be8e-49ffccb813ad v1 POST /reset to http://localhost:5173
2026-08-27 14:19:23,092 [ERROR]: Failed to send (test_push_pull_resolved_doc) -> 3917af92-025e-4519-be8e-49ffccb813ad v1 POST /reset to http://localhost:5173 (Cannot write to closing transport)
Stack (most recent call last):
  File "/Users/jayant.dhingra/Desktop/couchbase-lite-tests/.venv/bin/pytest", line 10, in <module>
    sys.exit(console_main())
  File "/Users/jayant.dhingra/Desktop/couchbase-lite-tests/.venv/lib/python3.13/site-packages/_pytest/config/__init__.py", line 223, in console_main
    code = main()
  File "/Users/jayant.dhingra/Desktop/couchbase-lite-tests/.venv/lib/python3.13/site-packages/_pytest/config/__init__.py", line 199, in main
    ret: ExitCode | int = config.hook.pytest_cmdline_main(config=config)
  File "/Users/jayant.dhingra/Desktop/couchbase-lite-tests/.venv/lib/python3.13/site-packages/pluggy/_hooks.py", line 513, in __call__
    return self._hookexec(self.name, self._hookimpls.copy(), kwargs, firstresult)
  File "/Users/jayant.dhingra/Desktop/couchbase-lite-tests/.venv/lib/python3.13/site-packages/pluggy/_manager.py", line 120, in _hookexec
    return self._inner_hookexec(hook_name, methods, kwargs, firstresult)
  File "/Users/jayant.dhingra/Desktop/couchbase-lite-tests/.venv/lib/python3.13/site-packages/pluggy/_callers.py", line 103, in _multicall
    res = hook_impl.function(*args)
  File "/Users/jayant.dhingra/Desktop/couchbase-lite-tests/.venv/lib/python3.13/site-packages/_pytest/main.py", line 365, in pytest_cmdline_main
    return wrap_session(config, _main)
  File "/Users/jayant.dhingra/Desktop/couchbase-lite-tests/.venv/lib/python3.13/site-packages/_pytest/main.py", line 318, in wrap_session
    session.exitstatus = doit(config, session) or 0
  File "/Users/jayant.dhingra/Desktop/couchbase-lite-tests/.venv/lib/python3.13/site-packages/_pytest/main.py", line 372, in _main
    config.hook.pytest_runtestloop(session=session)
  File "/Users/jayant.dhingra/Desktop/couchbase-lite-tests/.venv/lib/python3.13/site-packages/pluggy/_hooks.py", line 513, in __call__
    return self._hookexec(self.name, self._hookimpls.copy(), kwargs, firstresult)
  File "/Users/jayant.dhingra/Desktop/couchbase-lite-tests/.venv/lib/python3.13/site-packages/pluggy/_manager.py", line 120, in _hookexec
    return self._inner_hookexec(hook_name, methods, kwargs, firstresult)
  File "/Users/jayant.dhingra/Desktop/couchbase-lite-tests/.venv/lib/python3.13/site-packages/pluggy/_callers.py", line 103, in _multicall
    res = hook_impl.function(*args)
  File "/Users/jayant.dhingra/Desktop/couchbase-lite-tests/.venv/lib/python3.13/site-packages/_pytest/main.py", line 396, in pytest_runtestloop
    item.config.hook.pytest_runtest_protocol(item=item, nextitem=nextitem)
  File "/Users/jayant.dhingra/Desktop/couchbase-lite-tests/.venv/lib/python3.13/site-packages/pluggy/_hooks.py", line 513, in __call__
    return self._hookexec(self.name, self._hookimpls.copy(), kwargs, firstresult)
  File "/Users/jayant.dhingra/Desktop/couchbase-lite-tests/.venv/lib/python3.13/site-packages/pluggy/_manager.py", line 120, in _hookexec
    return self._inner_hookexec(hook_name, methods, kwargs, firstresult)
  File "/Users/jayant.dhingra/Desktop/couchbase-lite-tests/.venv/lib/python3.13/site-packages/pluggy/_callers.py", line 103, in _multicall
    res = hook_impl.function(*args)
  File "/Users/jayant.dhingra/Desktop/couchbase-lite-tests/.venv/lib/python3.13/site-packages/_pytest/runner.py", line 118, in pytest_runtest_protocol
    runtestprotocol(item, nextitem=nextitem)
  File "/Users/jayant.dhingra/Desktop/couchbase-lite-tests/.venv/lib/python3.13/site-packages/_pytest/runner.py", line 137, in runtestprotocol
    reports.append(call_and_report(item, "call", log))
  File "/Users/jayant.dhingra/Desktop/couchbase-lite-tests/.venv/lib/python3.13/site-packages/_pytest/runner.py", line 244, in call_and_report
    call = CallInfo.from_call(
  File "/Users/jayant.dhingra/Desktop/couchbase-lite-tests/.venv/lib/python3.13/site-packages/_pytest/runner.py", line 353, in from_call
    result: TResult | None = func()
  File "/Users/jayant.dhingra/Desktop/couchbase-lite-tests/.venv/lib/python3.13/site-packages/_pytest/runner.py", line 245, in <lambda>
    lambda: runtest_hook(item=item, **kwds),
  File "/Users/jayant.dhingra/Desktop/couchbase-lite-tests/.venv/lib/python3.13/site-packages/pluggy/_hooks.py", line 513, in __call__
    return self._hookexec(self.name, self._hookimpls.copy(), kwargs, firstresult)
  File "/Users/jayant.dhingra/Desktop/couchbase-lite-tests/.venv/lib/python3.13/site-packages/pluggy/_manager.py", line 120, in _hookexec
    return self._inner_hookexec(hook_name, methods, kwargs, firstresult)
  File "/Users/jayant.dhingra/Desktop/couchbase-lite-tests/.venv/lib/python3.13/site-packages/pluggy/_callers.py", line 103, in _multicall
    res = hook_impl.function(*args)
  File "/Users/jayant.dhingra/Desktop/couchbase-lite-tests/.venv/lib/python3.13/site-packages/_pytest/runner.py", line 179, in pytest_runtest_call
    item.runtest()
  File "/Users/jayant.dhingra/Desktop/couchbase-lite-tests/.venv/lib/python3.13/site-packages/pytest_asyncio/plugin.py", line 469, in runtest
    super().runtest()
  File "/Users/jayant.dhingra/Desktop/couchbase-lite-tests/.venv/lib/python3.13/site-packages/_pytest/python.py", line 1720, in runtest
    self.ihook.pytest_pyfunc_call(pyfuncitem=self)
  File "/Users/jayant.dhingra/Desktop/couchbase-lite-tests/.venv/lib/python3.13/site-packages/pluggy/_hooks.py", line 513, in __call__
    return self._hookexec(self.name, self._hookimpls.copy(), kwargs, firstresult)
  File "/Users/jayant.dhingra/Desktop/couchbase-lite-tests/.venv/lib/python3.13/site-packages/pluggy/_manager.py", line 120, in _hookexec
    return self._inner_hookexec(hook_name, methods, kwargs, firstresult)
  File "/Users/jayant.dhingra/Desktop/couchbase-lite-tests/.venv/lib/python3.13/site-packages/pluggy/_callers.py", line 103, in _multicall
    res = hook_impl.function(*args)
  File "/Users/jayant.dhingra/Desktop/couchbase-lite-tests/.venv/lib/python3.13/site-packages/_pytest/python.py", line 166, in pytest_pyfunc_call
    result = testfunction(**testargs)
  File "/Users/jayant.dhingra/Desktop/couchbase-lite-tests/.venv/lib/python3.13/site-packages/pytest_asyncio/plugin.py", line 716, in inner
    runner.run(coro, context=context)
  File "/opt/homebrew/Cellar/python@3.13/3.13.7/Frameworks/Python.framework/Versions/3.13/lib/python3.13/asyncio/runners.py", line 118, in run
    return self._loop.run_until_complete(task)
  File "/opt/homebrew/Cellar/python@3.13/3.13.7/Frameworks/Python.framework/Versions/3.13/lib/python3.13/asyncio/base_events.py", line 712, in run_until_complete
    self.run_forever()
  File "/opt/homebrew/Cellar/python@3.13/3.13.7/Frameworks/Python.framework/Versions/3.13/lib/python3.13/asyncio/base_events.py", line 683, in run_forever
    self._run_once()
  File "/opt/homebrew/Cellar/python@3.13/3.13.7/Frameworks/Python.framework/Versions/3.13/lib/python3.13/asyncio/base_events.py", line 2050, in _run_once
    handle._run()
  File "/opt/homebrew/Cellar/python@3.13/3.13.7/Frameworks/Python.framework/Versions/3.13/lib/python3.13/asyncio/events.py", line 89, in _run
    self._context.run(self._callback, *self._args)
  File "/Users/jayant.dhingra/Desktop/couchbase-lite-tests/tests/dev_e2e/test_custom_conflict.py", line 128, in test_push_pull_resolved_doc
    dbs = await cblpytest.test_servers[0].create_and_reset_db(["db1"])
  File "/Users/jayant.dhingra/Desktop/couchbase-lite-tests/client/src/cbltest/api/testserver.py", line 92, in create_and_reset_db
    await self.__request_factory.send_request(self.__index, request)
FAILED
tests/dev_e2e/test_custom_conflict.py::TestCustomConflict::test_custom_conflict_remote_wins 2026-08-27 14:19:23,104 [INFO]: 🧹 Couchbase Server and Sync Gateway cleanup started
2026-08-27 14:19:23,106 [DEBUG]: 🧹 SGW <cbltest.api.syncgateway.SyncGateway object at 0x11378b230>: found databases ['names'], deleting...
2026-08-27 14:19:23,175 [DEBUG]: 🧹 CBS <cbltest.api.couchbaseserver.CouchbaseServer object at 0x11378b620>: found buckets ['names'], deleting...
2026-08-27 14:19:24,510 [DEBUG]: 🧹 CBS <cbltest.api.couchbaseserver.CouchbaseServer object at 0x11378b620>: waiting for all buckets to be deleted...
2026-08-27 14:19:24,513 [INFO]: 🧹 Couchbase Server and Sync Gateway cleanup finished
2026-08-27 14:19:24,513 [INFO]: Starting test: test_custom_conflict_remote_wins
2026-08-27 14:19:24,514 [INFO]: Moving to step 1:
2026-08-27 14:19:24,514 [INFO]: 	Reset SG and load `names` dataset
2026-08-27 14:19:51,965 [INFO]: Moving to step 2:
2026-08-27 14:19:51,965 [INFO]: 	Reset empty local database
2026-08-27 14:19:51,965 [DEBUG]: Sending (test_custom_conflict_remote_wins) -> 3917af92-025e-4519-be8e-49ffccb813ad v1 POST /reset to http://localhost:5173
2026-08-27 14:19:51,966 [ERROR]: Failed to send (test_custom_conflict_remote_wins) -> 3917af92-025e-4519-be8e-49ffccb813ad v1 POST /reset to http://localhost:5173 (Cannot write to closing transport)
Stack (most recent call last):
  File "/Users/jayant.dhingra/Desktop/couchbase-lite-tests/.venv/bin/pytest", line 10, in <module>
    sys.exit(console_main())
  File "/Users/jayant.dhingra/Desktop/couchbase-lite-tests/.venv/lib/python3.13/site-packages/_pytest/config/__init__.py", line 223, in console_main
    code = main()
  File "/Users/jayant.dhingra/Desktop/couchbase-lite-tests/.venv/lib/python3.13/site-packages/_pytest/config/__init__.py", line 199, in main
    ret: ExitCode | int = config.hook.pytest_cmdline_main(config=config)
  File "/Users/jayant.dhingra/Desktop/couchbase-lite-tests/.venv/lib/python3.13/site-packages/pluggy/_hooks.py", line 513, in __call__
    return self._hookexec(self.name, self._hookimpls.copy(), kwargs, firstresult)
  File "/Users/jayant.dhingra/Desktop/couchbase-lite-tests/.venv/lib/python3.13/site-packages/pluggy/_manager.py", line 120, in _hookexec
    return self._inner_hookexec(hook_name, methods, kwargs, firstresult)
  File "/Users/jayant.dhingra/Desktop/couchbase-lite-tests/.venv/lib/python3.13/site-packages/pluggy/_callers.py", line 103, in _multicall
    res = hook_impl.function(*args)
  File "/Users/jayant.dhingra/Desktop/couchbase-lite-tests/.venv/lib/python3.13/site-packages/_pytest/main.py", line 365, in pytest_cmdline_main
    return wrap_session(config, _main)
  File "/Users/jayant.dhingra/Desktop/couchbase-lite-tests/.venv/lib/python3.13/site-packages/_pytest/main.py", line 318, in wrap_session
    session.exitstatus = doit(config, session) or 0
  File "/Users/jayant.dhingra/Desktop/couchbase-lite-tests/.venv/lib/python3.13/site-packages/_pytest/main.py", line 372, in _main
    config.hook.pytest_runtestloop(session=session)
  File "/Users/jayant.dhingra/Desktop/couchbase-lite-tests/.venv/lib/python3.13/site-packages/pluggy/_hooks.py", line 513, in __call__
    return self._hookexec(self.name, self._hookimpls.copy(), kwargs, firstresult)
  File "/Users/jayant.dhingra/Desktop/couchbase-lite-tests/.venv/lib/python3.13/site-packages/pluggy/_manager.py", line 120, in _hookexec
    return self._inner_hookexec(hook_name, methods, kwargs, firstresult)
  File "/Users/jayant.dhingra/Desktop/couchbase-lite-tests/.venv/lib/python3.13/site-packages/pluggy/_callers.py", line 103, in _multicall
    res = hook_impl.function(*args)
  File "/Users/jayant.dhingra/Desktop/couchbase-lite-tests/.venv/lib/python3.13/site-packages/_pytest/main.py", line 396, in pytest_runtestloop
    item.config.hook.pytest_runtest_protocol(item=item, nextitem=nextitem)
  File "/Users/jayant.dhingra/Desktop/couchbase-lite-tests/.venv/lib/python3.13/site-packages/pluggy/_hooks.py", line 513, in __call__
    return self._hookexec(self.name, self._hookimpls.copy(), kwargs, firstresult)
  File "/Users/jayant.dhingra/Desktop/couchbase-lite-tests/.venv/lib/python3.13/site-packages/pluggy/_manager.py", line 120, in _hookexec
    return self._inner_hookexec(hook_name, methods, kwargs, firstresult)
  File "/Users/jayant.dhingra/Desktop/couchbase-lite-tests/.venv/lib/python3.13/site-packages/pluggy/_callers.py", line 103, in _multicall
    res = hook_impl.function(*args)
  File "/Users/jayant.dhingra/Desktop/couchbase-lite-tests/.venv/lib/python3.13/site-packages/_pytest/runner.py", line 118, in pytest_runtest_protocol
    runtestprotocol(item, nextitem=nextitem)
  File "/Users/jayant.dhingra/Desktop/couchbase-lite-tests/.venv/lib/python3.13/site-packages/_pytest/runner.py", line 137, in runtestprotocol
    reports.append(call_and_report(item, "call", log))
  File "/Users/jayant.dhingra/Desktop/couchbase-lite-tests/.venv/lib/python3.13/site-packages/_pytest/runner.py", line 244, in call_and_report
    call = CallInfo.from_call(
  File "/Users/jayant.dhingra/Desktop/couchbase-lite-tests/.venv/lib/python3.13/site-packages/_pytest/runner.py", line 353, in from_call
    result: TResult | None = func()
  File "/Users/jayant.dhingra/Desktop/couchbase-lite-tests/.venv/lib/python3.13/site-packages/_pytest/runner.py", line 245, in <lambda>
    lambda: runtest_hook(item=item, **kwds),
  File "/Users/jayant.dhingra/Desktop/couchbase-lite-tests/.venv/lib/python3.13/site-packages/pluggy/_hooks.py", line 513, in __call__
    return self._hookexec(self.name, self._hookimpls.copy(), kwargs, firstresult)
  File "/Users/jayant.dhingra/Desktop/couchbase-lite-tests/.venv/lib/python3.13/site-packages/pluggy/_manager.py", line 120, in _hookexec
    return self._inner_hookexec(hook_name, methods, kwargs, firstresult)
  File "/Users/jayant.dhingra/Desktop/couchbase-lite-tests/.venv/lib/python3.13/site-packages/pluggy/_callers.py", line 103, in _multicall
    res = hook_impl.function(*args)
  File "/Users/jayant.dhingra/Desktop/couchbase-lite-tests/.venv/lib/python3.13/site-packages/_pytest/runner.py", line 179, in pytest_runtest_call
    item.runtest()
  File "/Users/jayant.dhingra/Desktop/couchbase-lite-tests/.venv/lib/python3.13/site-packages/pytest_asyncio/plugin.py", line 469, in runtest
    super().runtest()
  File "/Users/jayant.dhingra/Desktop/couchbase-lite-tests/.venv/lib/python3.13/site-packages/_pytest/python.py", line 1720, in runtest
    self.ihook.pytest_pyfunc_call(pyfuncitem=self)
  File "/Users/jayant.dhingra/Desktop/couchbase-lite-tests/.venv/lib/python3.13/site-packages/pluggy/_hooks.py", line 513, in __call__
    return self._hookexec(self.name, self._hookimpls.copy(), kwargs, firstresult)
  File "/Users/jayant.dhingra/Desktop/couchbase-lite-tests/.venv/lib/python3.13/site-packages/pluggy/_manager.py", line 120, in _hookexec
    return self._inner_hookexec(hook_name, methods, kwargs, firstresult)
  File "/Users/jayant.dhingra/Desktop/couchbase-lite-tests/.venv/lib/python3.13/site-packages/pluggy/_callers.py", line 103, in _multicall
    res = hook_impl.function(*args)
  File "/Users/jayant.dhingra/Desktop/couchbase-lite-tests/.venv/lib/python3.13/site-packages/_pytest/python.py", line 166, in pytest_pyfunc_call
    result = testfunction(**testargs)
  File "/Users/jayant.dhingra/Desktop/couchbase-lite-tests/.venv/lib/python3.13/site-packages/pytest_asyncio/plugin.py", line 716, in inner
    runner.run(coro, context=context)
  File "/opt/homebrew/Cellar/python@3.13/3.13.7/Frameworks/Python.framework/Versions/3.13/lib/python3.13/asyncio/runners.py", line 118, in run
    return self._loop.run_until_complete(task)
  File "/opt/homebrew/Cellar/python@3.13/3.13.7/Frameworks/Python.framework/Versions/3.13/lib/python3.13/asyncio/base_events.py", line 712, in run_until_complete
    self.run_forever()
  File "/opt/homebrew/Cellar/python@3.13/3.13.7/Frameworks/Python.framework/Versions/3.13/lib/python3.13/asyncio/base_events.py", line 683, in run_forever
    self._run_once()
  File "/opt/homebrew/Cellar/python@3.13/3.13.7/Frameworks/Python.framework/Versions/3.13/lib/python3.13/asyncio/base_events.py", line 2050, in _run_once
    handle._run()
  File "/opt/homebrew/Cellar/python@3.13/3.13.7/Frameworks/Python.framework/Versions/3.13/lib/python3.13/asyncio/events.py", line 89, in _run
    self._context.run(self._callback, *self._args)
  File "/Users/jayant.dhingra/Desktop/couchbase-lite-tests/tests/dev_e2e/test_custom_conflict.py", line 329, in test_custom_conflict_remote_wins
    await self.do_custom_conflict_test(
  File "/Users/jayant.dhingra/Desktop/couchbase-lite-tests/tests/dev_e2e/test_custom_conflict.py", line 37, in do_custom_conflict_test
    dbs = await cblpytest.test_servers[0].create_and_reset_db(["db1"])
  File "/Users/jayant.dhingra/Desktop/couchbase-lite-tests/client/src/cbltest/api/testserver.py", line 92, in create_and_reset_db
    await self.__request_factory.send_request(self.__index, request)
FAILED
tests/dev_e2e/test_custom_conflict.py::TestCustomConflict::test_custom_conflict_delete 2026-08-27 14:19:51,979 [INFO]: 🧹 Couchbase Server and Sync Gateway cleanup started
2026-08-27 14:19:51,981 [DEBUG]: 🧹 SGW <cbltest.api.syncgateway.SyncGateway object at 0x11378b230>: found databases ['names'], deleting...
2026-08-27 14:19:52,025 [DEBUG]: 🧹 CBS <cbltest.api.couchbaseserver.CouchbaseServer object at 0x11378b620>: found buckets ['names'], deleting...
2026-08-27 14:19:52,905 [DEBUG]: 🧹 CBS <cbltest.api.couchbaseserver.CouchbaseServer object at 0x11378b620>: waiting for all buckets to be deleted...
2026-08-27 14:19:52,909 [INFO]: 🧹 Couchbase Server and Sync Gateway cleanup finished
2026-08-27 14:19:52,909 [INFO]: Starting test: test_custom_conflict_delete
2026-08-27 14:19:52,909 [INFO]: Moving to step 1:
2026-08-27 14:19:52,909 [INFO]: 	Reset SG and load `names` dataset
2026-08-27 14:20:02,158 [INFO]: Moving to step 2:
2026-08-27 14:20:02,158 [INFO]: 	Reset empty local database
2026-08-27 14:20:02,159 [DEBUG]: Sending (test_custom_conflict_delete) -> 3917af92-025e-4519-be8e-49ffccb813ad v1 POST /reset to http://localhost:5173
2026-08-27 14:20:02,160 [ERROR]: Failed to send (test_custom_conflict_delete) -> 3917af92-025e-4519-be8e-49ffccb813ad v1 POST /reset to http://localhost:5173 (Cannot write to closing transport)
Stack (most recent call last):
  File "/Users/jayant.dhingra/Desktop/couchbase-lite-tests/.venv/bin/pytest", line 10, in <module>
    sys.exit(console_main())
  File "/Users/jayant.dhingra/Desktop/couchbase-lite-tests/.venv/lib/python3.13/site-packages/_pytest/config/__init__.py", line 223, in console_main
    code = main()
  File "/Users/jayant.dhingra/Desktop/couchbase-lite-tests/.venv/lib/python3.13/site-packages/_pytest/config/__init__.py", line 199, in main
    ret: ExitCode | int = config.hook.pytest_cmdline_main(config=config)
  File "/Users/jayant.dhingra/Desktop/couchbase-lite-tests/.venv/lib/python3.13/site-packages/pluggy/_hooks.py", line 513, in __call__
    return self._hookexec(self.name, self._hookimpls.copy(), kwargs, firstresult)
  File "/Users/jayant.dhingra/Desktop/couchbase-lite-tests/.venv/lib/python3.13/site-packages/pluggy/_manager.py", line 120, in _hookexec
    return self._inner_hookexec(hook_name, methods, kwargs, firstresult)
  File "/Users/jayant.dhingra/Desktop/couchbase-lite-tests/.venv/lib/python3.13/site-packages/pluggy/_callers.py", line 103, in _multicall
    res = hook_impl.function(*args)
  File "/Users/jayant.dhingra/Desktop/couchbase-lite-tests/.venv/lib/python3.13/site-packages/_pytest/main.py", line 365, in pytest_cmdline_main
    return wrap_session(config, _main)
  File "/Users/jayant.dhingra/Desktop/couchbase-lite-tests/.venv/lib/python3.13/site-packages/_pytest/main.py", line 318, in wrap_session
    session.exitstatus = doit(config, session) or 0
  File "/Users/jayant.dhingra/Desktop/couchbase-lite-tests/.venv/lib/python3.13/site-packages/_pytest/main.py", line 372, in _main
    config.hook.pytest_runtestloop(session=session)
  File "/Users/jayant.dhingra/Desktop/couchbase-lite-tests/.venv/lib/python3.13/site-packages/pluggy/_hooks.py", line 513, in __call__
    return self._hookexec(self.name, self._hookimpls.copy(), kwargs, firstresult)
  File "/Users/jayant.dhingra/Desktop/couchbase-lite-tests/.venv/lib/python3.13/site-packages/pluggy/_manager.py", line 120, in _hookexec
    return self._inner_hookexec(hook_name, methods, kwargs, firstresult)
  File "/Users/jayant.dhingra/Desktop/couchbase-lite-tests/.venv/lib/python3.13/site-packages/pluggy/_callers.py", line 103, in _multicall
    res = hook_impl.function(*args)
  File "/Users/jayant.dhingra/Desktop/couchbase-lite-tests/.venv/lib/python3.13/site-packages/_pytest/main.py", line 396, in pytest_runtestloop
    item.config.hook.pytest_runtest_protocol(item=item, nextitem=nextitem)
  File "/Users/jayant.dhingra/Desktop/couchbase-lite-tests/.venv/lib/python3.13/site-packages/pluggy/_hooks.py", line 513, in __call__
    return self._hookexec(self.name, self._hookimpls.copy(), kwargs, firstresult)
  File "/Users/jayant.dhingra/Desktop/couchbase-lite-tests/.venv/lib/python3.13/site-packages/pluggy/_manager.py", line 120, in _hookexec
    return self._inner_hookexec(hook_name, methods, kwargs, firstresult)
  File "/Users/jayant.dhingra/Desktop/couchbase-lite-tests/.venv/lib/python3.13/site-packages/pluggy/_callers.py", line 103, in _multicall
    res = hook_impl.function(*args)
  File "/Users/jayant.dhingra/Desktop/couchbase-lite-tests/.venv/lib/python3.13/site-packages/_pytest/runner.py", line 118, in pytest_runtest_protocol
    runtestprotocol(item, nextitem=nextitem)
  File "/Users/jayant.dhingra/Desktop/couchbase-lite-tests/.venv/lib/python3.13/site-packages/_pytest/runner.py", line 137, in runtestprotocol
    reports.append(call_and_report(item, "call", log))
  File "/Users/jayant.dhingra/Desktop/couchbase-lite-tests/.venv/lib/python3.13/site-packages/_pytest/runner.py", line 244, in call_and_report
    call = CallInfo.from_call(
  File "/Users/jayant.dhingra/Desktop/couchbase-lite-tests/.venv/lib/python3.13/site-packages/_pytest/runner.py", line 353, in from_call
    result: TResult | None = func()
  File "/Users/jayant.dhingra/Desktop/couchbase-lite-tests/.venv/lib/python3.13/site-packages/_pytest/runner.py", line 245, in <lambda>
    lambda: runtest_hook(item=item, **kwds),
  File "/Users/jayant.dhingra/Desktop/couchbase-lite-tests/.venv/lib/python3.13/site-packages/pluggy/_hooks.py", line 513, in __call__
    return self._hookexec(self.name, self._hookimpls.copy(), kwargs, firstresult)
  File "/Users/jayant.dhingra/Desktop/couchbase-lite-tests/.venv/lib/python3.13/site-packages/pluggy/_manager.py", line 120, in _hookexec
    return self._inner_hookexec(hook_name, methods, kwargs, firstresult)
  File "/Users/jayant.dhingra/Desktop/couchbase-lite-tests/.venv/lib/python3.13/site-packages/pluggy/_callers.py", line 103, in _multicall
    res = hook_impl.function(*args)
  File "/Users/jayant.dhingra/Desktop/couchbase-lite-tests/.venv/lib/python3.13/site-packages/_pytest/runner.py", line 179, in pytest_runtest_call
    item.runtest()
  File "/Users/jayant.dhingra/Desktop/couchbase-lite-tests/.venv/lib/python3.13/site-packages/pytest_asyncio/plugin.py", line 469, in runtest
    super().runtest()
  File "/Users/jayant.dhingra/Desktop/couchbase-lite-tests/.venv/lib/python3.13/site-packages/_pytest/python.py", line 1720, in runtest
    self.ihook.pytest_pyfunc_call(pyfuncitem=self)
  File "/Users/jayant.dhingra/Desktop/couchbase-lite-tests/.venv/lib/python3.13/site-packages/pluggy/_hooks.py", line 513, in __call__
    return self._hookexec(self.name, self._hookimpls.copy(), kwargs, firstresult)
  File "/Users/jayant.dhingra/Desktop/couchbase-lite-tests/.venv/lib/python3.13/site-packages/pluggy/_manager.py", line 120, in _hookexec
    return self._inner_hookexec(hook_name, methods, kwargs, firstresult)
  File "/Users/jayant.dhingra/Desktop/couchbase-lite-tests/.venv/lib/python3.13/site-packages/pluggy/_callers.py", line 103, in _multicall
    res = hook_impl.function(*args)
  File "/Users/jayant.dhingra/Desktop/couchbase-lite-tests/.venv/lib/python3.13/site-packages/_pytest/python.py", line 166, in pytest_pyfunc_call
    result = testfunction(**testargs)
  File "/Users/jayant.dhingra/Desktop/couchbase-lite-tests/.venv/lib/python3.13/site-packages/pytest_asyncio/plugin.py", line 716, in inner
    runner.run(coro, context=context)
  File "/opt/homebrew/Cellar/python@3.13/3.13.7/Frameworks/Python.framework/Versions/3.13/lib/python3.13/asyncio/runners.py", line 118, in run
    return self._loop.run_until_complete(task)
  File "/opt/homebrew/Cellar/python@3.13/3.13.7/Frameworks/Python.framework/Versions/3.13/lib/python3.13/asyncio/base_events.py", line 712, in run_until_complete
    self.run_forever()
  File "/opt/homebrew/Cellar/python@3.13/3.13.7/Frameworks/Python.framework/Versions/3.13/lib/python3.13/asyncio/base_events.py", line 683, in run_forever
    self._run_once()
  File "/opt/homebrew/Cellar/python@3.13/3.13.7/Frameworks/Python.framework/Versions/3.13/lib/python3.13/asyncio/base_events.py", line 2050, in _run_once
    handle._run()
  File "/opt/homebrew/Cellar/python@3.13/3.13.7/Frameworks/Python.framework/Versions/3.13/lib/python3.13/asyncio/events.py", line 89, in _run
    self._context.run(self._callback, *self._args)
  File "/Users/jayant.dhingra/Desktop/couchbase-lite-tests/tests/dev_e2e/test_custom_conflict.py", line 342, in test_custom_conflict_delete
    await self.do_custom_conflict_test(
  File "/Users/jayant.dhingra/Desktop/couchbase-lite-tests/tests/dev_e2e/test_custom_conflict.py", line 37, in do_custom_conflict_test
    dbs = await cblpytest.test_servers[0].create_and_reset_db(["db1"])
  File "/Users/jayant.dhingra/Desktop/couchbase-lite-tests/client/src/cbltest/api/testserver.py", line 92, in create_and_reset_db
    await self.__request_factory.send_request(self.__index, request)
FAILED
tests/dev_e2e/test_custom_conflict.py::TestCustomConflict::test_custom_conflict_merge 2026-08-27 14:20:02,177 [INFO]: 🧹 Couchbase Server and Sync Gateway cleanup started
2026-08-27 14:20:02,180 [DEBUG]: 🧹 SGW <cbltest.api.syncgateway.SyncGateway object at 0x11378b230>: found databases ['names'], deleting...
2026-08-27 14:20:02,226 [DEBUG]: 🧹 CBS <cbltest.api.couchbaseserver.CouchbaseServer object at 0x11378b620>: found buckets ['names'], deleting...
2026-08-27 14:20:03,541 [DEBUG]: 🧹 CBS <cbltest.api.couchbaseserver.CouchbaseServer object at 0x11378b620>: waiting for all buckets to be deleted...
2026-08-27 14:20:03,545 [INFO]: 🧹 Couchbase Server and Sync Gateway cleanup finished
2026-08-27 14:20:03,545 [INFO]: Starting test: test_custom_conflict_merge
2026-08-27 14:20:03,546 [INFO]: Moving to step 1:
2026-08-27 14:20:03,546 [INFO]: 	Reset SG and load `names` dataset
2026-08-27 14:20:31,019 [INFO]: Moving to step 2:
2026-08-27 14:20:31,019 [INFO]: 	Reset empty local database
2026-08-27 14:20:31,019 [DEBUG]: Sending (test_custom_conflict_merge) -> 3917af92-025e-4519-be8e-49ffccb813ad v1 POST /reset to http://localhost:5173
2026-08-27 14:20:31,020 [ERROR]: Failed to send (test_custom_conflict_merge) -> 3917af92-025e-4519-be8e-49ffccb813ad v1 POST /reset to http://localhost:5173 (Cannot write to closing transport)
Stack (most recent call last):
  File "/Users/jayant.dhingra/Desktop/couchbase-lite-tests/.venv/bin/pytest", line 10, in <module>
    sys.exit(console_main())
  File "/Users/jayant.dhingra/Desktop/couchbase-lite-tests/.venv/lib/python3.13/site-packages/_pytest/config/__init__.py", line 223, in console_main
    code = main()
  File "/Users/jayant.dhingra/Desktop/couchbase-lite-tests/.venv/lib/python3.13/site-packages/_pytest/config/__init__.py", line 199, in main
    ret: ExitCode | int = config.hook.pytest_cmdline_main(config=config)
  File "/Users/jayant.dhingra/Desktop/couchbase-lite-tests/.venv/lib/python3.13/site-packages/pluggy/_hooks.py", line 513, in __call__
    return self._hookexec(self.name, self._hookimpls.copy(), kwargs, firstresult)
  File "/Users/jayant.dhingra/Desktop/couchbase-lite-tests/.venv/lib/python3.13/site-packages/pluggy/_manager.py", line 120, in _hookexec
    return self._inner_hookexec(hook_name, methods, kwargs, firstresult)
  File "/Users/jayant.dhingra/Desktop/couchbase-lite-tests/.venv/lib/python3.13/site-packages/pluggy/_callers.py", line 103, in _multicall
    res = hook_impl.function(*args)
  File "/Users/jayant.dhingra/Desktop/couchbase-lite-tests/.venv/lib/python3.13/site-packages/_pytest/main.py", line 365, in pytest_cmdline_main
    return wrap_session(config, _main)
  File "/Users/jayant.dhingra/Desktop/couchbase-lite-tests/.venv/lib/python3.13/site-packages/_pytest/main.py", line 318, in wrap_session
    session.exitstatus = doit(config, session) or 0
  File "/Users/jayant.dhingra/Desktop/couchbase-lite-tests/.venv/lib/python3.13/site-packages/_pytest/main.py", line 372, in _main
    config.hook.pytest_runtestloop(session=session)
  File "/Users/jayant.dhingra/Desktop/couchbase-lite-tests/.venv/lib/python3.13/site-packages/pluggy/_hooks.py", line 513, in __call__
    return self._hookexec(self.name, self._hookimpls.copy(), kwargs, firstresult)
  File "/Users/jayant.dhingra/Desktop/couchbase-lite-tests/.venv/lib/python3.13/site-packages/pluggy/_manager.py", line 120, in _hookexec
    return self._inner_hookexec(hook_name, methods, kwargs, firstresult)
  File "/Users/jayant.dhingra/Desktop/couchbase-lite-tests/.venv/lib/python3.13/site-packages/pluggy/_callers.py", line 103, in _multicall
    res = hook_impl.function(*args)
  File "/Users/jayant.dhingra/Desktop/couchbase-lite-tests/.venv/lib/python3.13/site-packages/_pytest/main.py", line 396, in pytest_runtestloop
    item.config.hook.pytest_runtest_protocol(item=item, nextitem=nextitem)
  File "/Users/jayant.dhingra/Desktop/couchbase-lite-tests/.venv/lib/python3.13/site-packages/pluggy/_hooks.py", line 513, in __call__
    return self._hookexec(self.name, self._hookimpls.copy(), kwargs, firstresult)
  File "/Users/jayant.dhingra/Desktop/couchbase-lite-tests/.venv/lib/python3.13/site-packages/pluggy/_manager.py", line 120, in _hookexec
    return self._inner_hookexec(hook_name, methods, kwargs, firstresult)
  File "/Users/jayant.dhingra/Desktop/couchbase-lite-tests/.venv/lib/python3.13/site-packages/pluggy/_callers.py", line 103, in _multicall
    res = hook_impl.function(*args)
  File "/Users/jayant.dhingra/Desktop/couchbase-lite-tests/.venv/lib/python3.13/site-packages/_pytest/runner.py", line 118, in pytest_runtest_protocol
    runtestprotocol(item, nextitem=nextitem)
  File "/Users/jayant.dhingra/Desktop/couchbase-lite-tests/.venv/lib/python3.13/site-packages/_pytest/runner.py", line 137, in runtestprotocol
    reports.append(call_and_report(item, "call", log))
  File "/Users/jayant.dhingra/Desktop/couchbase-lite-tests/.venv/lib/python3.13/site-packages/_pytest/runner.py", line 244, in call_and_report
    call = CallInfo.from_call(
  File "/Users/jayant.dhingra/Desktop/couchbase-lite-tests/.venv/lib/python3.13/site-packages/_pytest/runner.py", line 353, in from_call
    result: TResult | None = func()
  File "/Users/jayant.dhingra/Desktop/couchbase-lite-tests/.venv/lib/python3.13/site-packages/_pytest/runner.py", line 245, in <lambda>
    lambda: runtest_hook(item=item, **kwds),
  File "/Users/jayant.dhingra/Desktop/couchbase-lite-tests/.venv/lib/python3.13/site-packages/pluggy/_hooks.py", line 513, in __call__
    return self._hookexec(self.name, self._hookimpls.copy(), kwargs, firstresult)
  File "/Users/jayant.dhingra/Desktop/couchbase-lite-tests/.venv/lib/python3.13/site-packages/pluggy/_manager.py", line 120, in _hookexec
    return self._inner_hookexec(hook_name, methods, kwargs, firstresult)
  File "/Users/jayant.dhingra/Desktop/couchbase-lite-tests/.venv/lib/python3.13/site-packages/pluggy/_callers.py", line 103, in _multicall
    res = hook_impl.function(*args)
  File "/Users/jayant.dhingra/Desktop/couchbase-lite-tests/.venv/lib/python3.13/site-packages/_pytest/runner.py", line 179, in pytest_runtest_call
    item.runtest()
  File "/Users/jayant.dhingra/Desktop/couchbase-lite-tests/.venv/lib/python3.13/site-packages/pytest_asyncio/plugin.py", line 469, in runtest
    super().runtest()
  File "/Users/jayant.dhingra/Desktop/couchbase-lite-tests/.venv/lib/python3.13/site-packages/_pytest/python.py", line 1720, in runtest
    self.ihook.pytest_pyfunc_call(pyfuncitem=self)
  File "/Users/jayant.dhingra/Desktop/couchbase-lite-tests/.venv/lib/python3.13/site-packages/pluggy/_hooks.py", line 513, in __call__
    return self._hookexec(self.name, self._hookimpls.copy(), kwargs, firstresult)
  File "/Users/jayant.dhingra/Desktop/couchbase-lite-tests/.venv/lib/python3.13/site-packages/pluggy/_manager.py", line 120, in _hookexec
    return self._inner_hookexec(hook_name, methods, kwargs, firstresult)
  File "/Users/jayant.dhingra/Desktop/couchbase-lite-tests/.venv/lib/python3.13/site-packages/pluggy/_callers.py", line 103, in _multicall
    res = hook_impl.function(*args)
  File "/Users/jayant.dhingra/Desktop/couchbase-lite-tests/.venv/lib/python3.13/site-packages/_pytest/python.py", line 166, in pytest_pyfunc_call
    result = testfunction(**testargs)
  File "/Users/jayant.dhingra/Desktop/couchbase-lite-tests/.venv/lib/python3.13/site-packages/pytest_asyncio/plugin.py", line 716, in inner
    runner.run(coro, context=context)
  File "/opt/homebrew/Cellar/python@3.13/3.13.7/Frameworks/Python.framework/Versions/3.13/lib/python3.13/asyncio/runners.py", line 118, in run
    return self._loop.run_until_complete(task)
  File "/opt/homebrew/Cellar/python@3.13/3.13.7/Frameworks/Python.framework/Versions/3.13/lib/python3.13/asyncio/base_events.py", line 712, in run_until_complete
    self.run_forever()
  File "/opt/homebrew/Cellar/python@3.13/3.13.7/Frameworks/Python.framework/Versions/3.13/lib/python3.13/asyncio/base_events.py", line 683, in run_forever
    self._run_once()
  File "/opt/homebrew/Cellar/python@3.13/3.13.7/Frameworks/Python.framework/Versions/3.13/lib/python3.13/asyncio/base_events.py", line 2050, in _run_once
    handle._run()
  File "/opt/homebrew/Cellar/python@3.13/3.13.7/Frameworks/Python.framework/Versions/3.13/lib/python3.13/asyncio/events.py", line 89, in _run
    self._context.run(self._callback, *self._args)
  File "/Users/jayant.dhingra/Desktop/couchbase-lite-tests/tests/dev_e2e/test_custom_conflict.py", line 366, in test_custom_conflict_merge
    await self.do_custom_conflict_test(
  File "/Users/jayant.dhingra/Desktop/couchbase-lite-tests/tests/dev_e2e/test_custom_conflict.py", line 37, in do_custom_conflict_test
    dbs = await cblpytest.test_servers[0].create_and_reset_db(["db1"])
  File "/Users/jayant.dhingra/Desktop/couchbase-lite-tests/client/src/cbltest/api/testserver.py", line 92, in create_and_reset_db
    await self.__request_factory.send_request(self.__index, request)
FAILED
tests/dev_e2e/test_edge_server_cbl.py::TestEdgeServerCbl::test_js_push_to_edge_server_over_ws 2026-08-27 14:20:31,037 [INFO]: 🧹 Couchbase Server and Sync Gateway cleanup started
2026-08-27 14:20:31,039 [DEBUG]: 🧹 SGW <cbltest.api.syncgateway.SyncGateway object at 0x11378b230>: found databases ['names'], deleting...
2026-08-27 14:20:31,083 [DEBUG]: 🧹 CBS <cbltest.api.couchbaseserver.CouchbaseServer object at 0x11378b620>: found buckets ['names'], deleting...
2026-08-27 14:20:31,451 [DEBUG]: 🧹 CBS <cbltest.api.couchbaseserver.CouchbaseServer object at 0x11378b620>: waiting for all buckets to be deleted...
2026-08-27 14:20:31,454 [INFO]: 🧹 Couchbase Server and Sync Gateway cleanup finished
2026-08-27 14:20:31,455 [INFO]: Starting test: test_js_push_to_edge_server_over_ws
2026-08-27 14:20:31,457 [INFO]: Moving to step 1:
2026-08-27 14:20:31,457 [INFO]: 	Start HTTP Edge Server with an empty `db`
2026-08-27 14:20:33,847 [INFO]: Moving to step 2:
2026-08-27 14:20:33,847 [INFO]: 	Reset local database
2026-08-27 14:20:33,848 [DEBUG]: Sending (test_js_push_to_edge_server_over_ws) -> 3917af92-025e-4519-be8e-49ffccb813ad v1 POST /reset to http://localhost:5173
2026-08-27 14:20:33,852 [ERROR]: Failed to send (test_js_push_to_edge_server_over_ws) -> 3917af92-025e-4519-be8e-49ffccb813ad v1 POST /reset to http://localhost:5173 (Cannot write to closing transport)
Stack (most recent call last):
  File "/Users/jayant.dhingra/Desktop/couchbase-lite-tests/.venv/bin/pytest", line 10, in <module>
    sys.exit(console_main())
  File "/Users/jayant.dhingra/Desktop/couchbase-lite-tests/.venv/lib/python3.13/site-packages/_pytest/config/__init__.py", line 223, in console_main
    code = main()
  File "/Users/jayant.dhingra/Desktop/couchbase-lite-tests/.venv/lib/python3.13/site-packages/_pytest/config/__init__.py", line 199, in main
    ret: ExitCode | int = config.hook.pytest_cmdline_main(config=config)
  File "/Users/jayant.dhingra/Desktop/couchbase-lite-tests/.venv/lib/python3.13/site-packages/pluggy/_hooks.py", line 513, in __call__
    return self._hookexec(self.name, self._hookimpls.copy(), kwargs, firstresult)
  File "/Users/jayant.dhingra/Desktop/couchbase-lite-tests/.venv/lib/python3.13/site-packages/pluggy/_manager.py", line 120, in _hookexec
    return self._inner_hookexec(hook_name, methods, kwargs, firstresult)
  File "/Users/jayant.dhingra/Desktop/couchbase-lite-tests/.venv/lib/python3.13/site-packages/pluggy/_callers.py", line 103, in _multicall
    res = hook_impl.function(*args)
  File "/Users/jayant.dhingra/Desktop/couchbase-lite-tests/.venv/lib/python3.13/site-packages/_pytest/main.py", line 365, in pytest_cmdline_main
    return wrap_session(config, _main)
  File "/Users/jayant.dhingra/Desktop/couchbase-lite-tests/.venv/lib/python3.13/site-packages/_pytest/main.py", line 318, in wrap_session
    session.exitstatus = doit(config, session) or 0
  File "/Users/jayant.dhingra/Desktop/couchbase-lite-tests/.venv/lib/python3.13/site-packages/_pytest/main.py", line 372, in _main
    config.hook.pytest_runtestloop(session=session)
  File "/Users/jayant.dhingra/Desktop/couchbase-lite-tests/.venv/lib/python3.13/site-packages/pluggy/_hooks.py", line 513, in __call__
    return self._hookexec(self.name, self._hookimpls.copy(), kwargs, firstresult)
  File "/Users/jayant.dhingra/Desktop/couchbase-lite-tests/.venv/lib/python3.13/site-packages/pluggy/_manager.py", line 120, in _hookexec
    return self._inner_hookexec(hook_name, methods, kwargs, firstresult)
  File "/Users/jayant.dhingra/Desktop/couchbase-lite-tests/.venv/lib/python3.13/site-packages/pluggy/_callers.py", line 103, in _multicall
    res = hook_impl.function(*args)
  File "/Users/jayant.dhingra/Desktop/couchbase-lite-tests/.venv/lib/python3.13/site-packages/_pytest/main.py", line 396, in pytest_runtestloop
    item.config.hook.pytest_runtest_protocol(item=item, nextitem=nextitem)
  File "/Users/jayant.dhingra/Desktop/couchbase-lite-tests/.venv/lib/python3.13/site-packages/pluggy/_hooks.py", line 513, in __call__
    return self._hookexec(self.name, self._hookimpls.copy(), kwargs, firstresult)
  File "/Users/jayant.dhingra/Desktop/couchbase-lite-tests/.venv/lib/python3.13/site-packages/pluggy/_manager.py", line 120, in _hookexec
    return self._inner_hookexec(hook_name, methods, kwargs, firstresult)
  File "/Users/jayant.dhingra/Desktop/couchbase-lite-tests/.venv/lib/python3.13/site-packages/pluggy/_callers.py", line 103, in _multicall
    res = hook_impl.function(*args)
  File "/Users/jayant.dhingra/Desktop/couchbase-lite-tests/.venv/lib/python3.13/site-packages/_pytest/runner.py", line 118, in pytest_runtest_protocol
    runtestprotocol(item, nextitem=nextitem)
  File "/Users/jayant.dhingra/Desktop/couchbase-lite-tests/.venv/lib/python3.13/site-packages/_pytest/runner.py", line 137, in runtestprotocol
    reports.append(call_and_report(item, "call", log))
  File "/Users/jayant.dhingra/Desktop/couchbase-lite-tests/.venv/lib/python3.13/site-packages/_pytest/runner.py", line 244, in call_and_report
    call = CallInfo.from_call(
  File "/Users/jayant.dhingra/Desktop/couchbase-lite-tests/.venv/lib/python3.13/site-packages/_pytest/runner.py", line 353, in from_call
    result: TResult | None = func()
  File "/Users/jayant.dhingra/Desktop/couchbase-lite-tests/.venv/lib/python3.13/site-packages/_pytest/runner.py", line 245, in <lambda>
    lambda: runtest_hook(item=item, **kwds),
  File "/Users/jayant.dhingra/Desktop/couchbase-lite-tests/.venv/lib/python3.13/site-packages/pluggy/_hooks.py", line 513, in __call__
    return self._hookexec(self.name, self._hookimpls.copy(), kwargs, firstresult)
  File "/Users/jayant.dhingra/Desktop/couchbase-lite-tests/.venv/lib/python3.13/site-packages/pluggy/_manager.py", line 120, in _hookexec
    return self._inner_hookexec(hook_name, methods, kwargs, firstresult)
  File "/Users/jayant.dhingra/Desktop/couchbase-lite-tests/.venv/lib/python3.13/site-packages/pluggy/_callers.py", line 103, in _multicall
    res = hook_impl.function(*args)
  File "/Users/jayant.dhingra/Desktop/couchbase-lite-tests/.venv/lib/python3.13/site-packages/_pytest/runner.py", line 179, in pytest_runtest_call
    item.runtest()
  File "/Users/jayant.dhingra/Desktop/couchbase-lite-tests/.venv/lib/python3.13/site-packages/pytest_asyncio/plugin.py", line 469, in runtest
    super().runtest()
  File "/Users/jayant.dhingra/Desktop/couchbase-lite-tests/.venv/lib/python3.13/site-packages/_pytest/python.py", line 1720, in runtest
    self.ihook.pytest_pyfunc_call(pyfuncitem=self)
  File "/Users/jayant.dhingra/Desktop/couchbase-lite-tests/.venv/lib/python3.13/site-packages/pluggy/_hooks.py", line 513, in __call__
    return self._hookexec(self.name, self._hookimpls.copy(), kwargs, firstresult)
  File "/Users/jayant.dhingra/Desktop/couchbase-lite-tests/.venv/lib/python3.13/site-packages/pluggy/_manager.py", line 120, in _hookexec
    return self._inner_hookexec(hook_name, methods, kwargs, firstresult)
  File "/Users/jayant.dhingra/Desktop/couchbase-lite-tests/.venv/lib/python3.13/site-packages/pluggy/_callers.py", line 103, in _multicall
    res = hook_impl.function(*args)
  File "/Users/jayant.dhingra/Desktop/couchbase-lite-tests/.venv/lib/python3.13/site-packages/_pytest/python.py", line 166, in pytest_pyfunc_call
    result = testfunction(**testargs)
  File "/Users/jayant.dhingra/Desktop/couchbase-lite-tests/.venv/lib/python3.13/site-packages/pytest_asyncio/plugin.py", line 716, in inner
    runner.run(coro, context=context)
  File "/opt/homebrew/Cellar/python@3.13/3.13.7/Frameworks/Python.framework/Versions/3.13/lib/python3.13/asyncio/runners.py", line 118, in run
    return self._loop.run_until_complete(task)
  File "/opt/homebrew/Cellar/python@3.13/3.13.7/Frameworks/Python.framework/Versions/3.13/lib/python3.13/asyncio/base_events.py", line 712, in run_until_complete
    self.run_forever()
  File "/opt/homebrew/Cellar/python@3.13/3.13.7/Frameworks/Python.framework/Versions/3.13/lib/python3.13/asyncio/base_events.py", line 683, in run_forever
    self._run_once()
  File "/opt/homebrew/Cellar/python@3.13/3.13.7/Frameworks/Python.framework/Versions/3.13/lib/python3.13/asyncio/base_events.py", line 2050, in _run_once
    handle._run()
  File "/opt/homebrew/Cellar/python@3.13/3.13.7/Frameworks/Python.framework/Versions/3.13/lib/python3.13/asyncio/events.py", line 89, in _run
    self._context.run(self._callback, *self._args)
  File "/Users/jayant.dhingra/Desktop/couchbase-lite-tests/tests/dev_e2e/test_edge_server_cbl.py", line 25, in test_js_push_to_edge_server_over_ws
    dbs = await cblpytest.test_servers[0].create_and_reset_db(["db1"])
  File "/Users/jayant.dhingra/Desktop/couchbase-lite-tests/client/src/cbltest/api/testserver.py", line 92, in create_and_reset_db
    await self.__request_factory.send_request(self.__index, request)
FAILED
tests/dev_e2e/test_encrypted_properties.py::TestEncryptedProperties::test_encrypted_push 2026-08-27 14:20:33,878 [INFO]: 🧹 Couchbase Server and Sync Gateway cleanup started
2026-08-27 14:20:33,882 [DEBUG]: 🧹 SGW <cbltest.api.syncgateway.SyncGateway object at 0x11378b230>: found databases [], deleting...
2026-08-27 14:20:33,887 [DEBUG]: 🧹 CBS <cbltest.api.couchbaseserver.CouchbaseServer object at 0x11378b620>: no buckets to delete
2026-08-27 14:20:33,887 [INFO]: 🧹 Couchbase Server and Sync Gateway cleanup finished
2026-08-27 14:20:33,887 [INFO]: Starting test: test_encrypted_push
SKIPPED
tests/dev_e2e/test_fest.py::TestFest::test_create_tasks 2026-08-27 14:20:33,889 [INFO]: 🧹 Couchbase Server and Sync Gateway cleanup started
2026-08-27 14:20:33,894 [DEBUG]: 🧹 SGW <cbltest.api.syncgateway.SyncGateway object at 0x11378b230>: found databases [], deleting...
2026-08-27 14:20:33,897 [DEBUG]: 🧹 CBS <cbltest.api.couchbaseserver.CouchbaseServer object at 0x11378b620>: no buckets to delete
2026-08-27 14:20:33,897 [INFO]: 🧹 Couchbase Server and Sync Gateway cleanup finished
2026-08-27 14:20:33,897 [INFO]: Starting test: test_create_tasks
2026-08-27 14:20:33,898 [INFO]: Moving to step 1:
2026-08-27 14:20:33,898 [INFO]: 	Reset SG and load todo dataset
2026-08-27 14:21:06,090 [INFO]: Moving to step 2:
2026-08-27 14:21:06,090 [INFO]: 	Assign roles 'lists.user1.db1-list1.contributor, lists.user1.db2-list1.contributor' to the user 'user1'
2026-08-27 14:21:06,107 [INFO]: Moving to step 3:
2026-08-27 14:21:06,107 [INFO]: 	Reset local databases load them with the todo dataset
2026-08-27 14:21:06,108 [DEBUG]: Sending (test_create_tasks) -> 3917af92-025e-4519-be8e-49ffccb813ad v1 POST /reset to http://localhost:5173
2026-08-27 14:21:06,110 [ERROR]: Failed to send (test_create_tasks) -> 3917af92-025e-4519-be8e-49ffccb813ad v1 POST /reset to http://localhost:5173 (Cannot write to closing transport)
Stack (most recent call last):
  File "/Users/jayant.dhingra/Desktop/couchbase-lite-tests/.venv/bin/pytest", line 10, in <module>
    sys.exit(console_main())
  File "/Users/jayant.dhingra/Desktop/couchbase-lite-tests/.venv/lib/python3.13/site-packages/_pytest/config/__init__.py", line 223, in console_main
    code = main()
  File "/Users/jayant.dhingra/Desktop/couchbase-lite-tests/.venv/lib/python3.13/site-packages/_pytest/config/__init__.py", line 199, in main
    ret: ExitCode | int = config.hook.pytest_cmdline_main(config=config)
  File "/Users/jayant.dhingra/Desktop/couchbase-lite-tests/.venv/lib/python3.13/site-packages/pluggy/_hooks.py", line 513, in __call__
    return self._hookexec(self.name, self._hookimpls.copy(), kwargs, firstresult)
  File "/Users/jayant.dhingra/Desktop/couchbase-lite-tests/.venv/lib/python3.13/site-packages/pluggy/_manager.py", line 120, in _hookexec
    return self._inner_hookexec(hook_name, methods, kwargs, firstresult)
  File "/Users/jayant.dhingra/Desktop/couchbase-lite-tests/.venv/lib/python3.13/site-packages/pluggy/_callers.py", line 103, in _multicall
    res = hook_impl.function(*args)
  File "/Users/jayant.dhingra/Desktop/couchbase-lite-tests/.venv/lib/python3.13/site-packages/_pytest/main.py", line 365, in pytest_cmdline_main
    return wrap_session(config, _main)
  File "/Users/jayant.dhingra/Desktop/couchbase-lite-tests/.venv/lib/python3.13/site-packages/_pytest/main.py", line 318, in wrap_session
    session.exitstatus = doit(config, session) or 0
  File "/Users/jayant.dhingra/Desktop/couchbase-lite-tests/.venv/lib/python3.13/site-packages/_pytest/main.py", line 372, in _main
    config.hook.pytest_runtestloop(session=session)
  File "/Users/jayant.dhingra/Desktop/couchbase-lite-tests/.venv/lib/python3.13/site-packages/pluggy/_hooks.py", line 513, in __call__
    return self._hookexec(self.name, self._hookimpls.copy(), kwargs, firstresult)
  File "/Users/jayant.dhingra/Desktop/couchbase-lite-tests/.venv/lib/python3.13/site-packages/pluggy/_manager.py", line 120, in _hookexec
    return self._inner_hookexec(hook_name, methods, kwargs, firstresult)
  File "/Users/jayant.dhingra/Desktop/couchbase-lite-tests/.venv/lib/python3.13/site-packages/pluggy/_callers.py", line 103, in _multicall
    res = hook_impl.function(*args)
  File "/Users/jayant.dhingra/Desktop/couchbase-lite-tests/.venv/lib/python3.13/site-packages/_pytest/main.py", line 396, in pytest_runtestloop
    item.config.hook.pytest_runtest_protocol(item=item, nextitem=nextitem)
  File "/Users/jayant.dhingra/Desktop/couchbase-lite-tests/.venv/lib/python3.13/site-packages/pluggy/_hooks.py", line 513, in __call__
    return self._hookexec(self.name, self._hookimpls.copy(), kwargs, firstresult)
  File "/Users/jayant.dhingra/Desktop/couchbase-lite-tests/.venv/lib/python3.13/site-packages/pluggy/_manager.py", line 120, in _hookexec
    return self._inner_hookexec(hook_name, methods, kwargs, firstresult)
  File "/Users/jayant.dhingra/Desktop/couchbase-lite-tests/.venv/lib/python3.13/site-packages/pluggy/_callers.py", line 103, in _multicall
    res = hook_impl.function(*args)
  File "/Users/jayant.dhingra/Desktop/couchbase-lite-tests/.venv/lib/python3.13/site-packages/_pytest/runner.py", line 118, in pytest_runtest_protocol
    runtestprotocol(item, nextitem=nextitem)
  File "/Users/jayant.dhingra/Desktop/couchbase-lite-tests/.venv/lib/python3.13/site-packages/_pytest/runner.py", line 137, in runtestprotocol
    reports.append(call_and_report(item, "call", log))
  File "/Users/jayant.dhingra/Desktop/couchbase-lite-tests/.venv/lib/python3.13/site-packages/_pytest/runner.py", line 244, in call_and_report
    call = CallInfo.from_call(
  File "/Users/jayant.dhingra/Desktop/couchbase-lite-tests/.venv/lib/python3.13/site-packages/_pytest/runner.py", line 353, in from_call
    result: TResult | None = func()
  File "/Users/jayant.dhingra/Desktop/couchbase-lite-tests/.venv/lib/python3.13/site-packages/_pytest/runner.py", line 245, in <lambda>
    lambda: runtest_hook(item=item, **kwds),
  File "/Users/jayant.dhingra/Desktop/couchbase-lite-tests/.venv/lib/python3.13/site-packages/pluggy/_hooks.py", line 513, in __call__
    return self._hookexec(self.name, self._hookimpls.copy(), kwargs, firstresult)
  File "/Users/jayant.dhingra/Desktop/couchbase-lite-tests/.venv/lib/python3.13/site-packages/pluggy/_manager.py", line 120, in _hookexec
    return self._inner_hookexec(hook_name, methods, kwargs, firstresult)
  File "/Users/jayant.dhingra/Desktop/couchbase-lite-tests/.venv/lib/python3.13/site-packages/pluggy/_callers.py", line 103, in _multicall
    res = hook_impl.function(*args)
  File "/Users/jayant.dhingra/Desktop/couchbase-lite-tests/.venv/lib/python3.13/site-packages/_pytest/runner.py", line 179, in pytest_runtest_call
    item.runtest()
  File "/Users/jayant.dhingra/Desktop/couchbase-lite-tests/.venv/lib/python3.13/site-packages/pytest_asyncio/plugin.py", line 469, in runtest
    super().runtest()
  File "/Users/jayant.dhingra/Desktop/couchbase-lite-tests/.venv/lib/python3.13/site-packages/_pytest/python.py", line 1720, in runtest
    self.ihook.pytest_pyfunc_call(pyfuncitem=self)
  File "/Users/jayant.dhingra/Desktop/couchbase-lite-tests/.venv/lib/python3.13/site-packages/pluggy/_hooks.py", line 513, in __call__
    return self._hookexec(self.name, self._hookimpls.copy(), kwargs, firstresult)
  File "/Users/jayant.dhingra/Desktop/couchbase-lite-tests/.venv/lib/python3.13/site-packages/pluggy/_manager.py", line 120, in _hookexec
    return self._inner_hookexec(hook_name, methods, kwargs, firstresult)
  File "/Users/jayant.dhingra/Desktop/couchbase-lite-tests/.venv/lib/python3.13/site-packages/pluggy/_callers.py", line 103, in _multicall
    res = hook_impl.function(*args)
  File "/Users/jayant.dhingra/Desktop/couchbase-lite-tests/.venv/lib/python3.13/site-packages/_pytest/python.py", line 166, in pytest_pyfunc_call
    result = testfunction(**testargs)
  File "/Users/jayant.dhingra/Desktop/couchbase-lite-tests/.venv/lib/python3.13/site-packages/pytest_asyncio/plugin.py", line 716, in inner
    runner.run(coro, context=context)
  File "/opt/homebrew/Cellar/python@3.13/3.13.7/Frameworks/Python.framework/Versions/3.13/lib/python3.13/asyncio/runners.py", line 118, in run
    return self._loop.run_until_complete(task)
  File "/opt/homebrew/Cellar/python@3.13/3.13.7/Frameworks/Python.framework/Versions/3.13/lib/python3.13/asyncio/base_events.py", line 712, in run_until_complete
    self.run_forever()
  File "/opt/homebrew/Cellar/python@3.13/3.13.7/Frameworks/Python.framework/Versions/3.13/lib/python3.13/asyncio/base_events.py", line 683, in run_forever
    self._run_once()
  File "/opt/homebrew/Cellar/python@3.13/3.13.7/Frameworks/Python.framework/Versions/3.13/lib/python3.13/asyncio/base_events.py", line 2050, in _run_once
    handle._run()
  File "/opt/homebrew/Cellar/python@3.13/3.13.7/Frameworks/Python.framework/Versions/3.13/lib/python3.13/asyncio/events.py", line 89, in _run
    self._context.run(self._callback, *self._args)
  File "/Users/jayant.dhingra/Desktop/couchbase-lite-tests/tests/dev_e2e/test_fest.py", line 113, in test_create_tasks
    db1, db2 = await self.setup_test_fest_dbs(cblpytest)
  File "/Users/jayant.dhingra/Desktop/couchbase-lite-tests/tests/dev_e2e/test_fest.py", line 47, in setup_test_fest_dbs
    return await cblpytest.test_servers[0].create_and_reset_db(["db1", "db2"], dataset="todo")
  File "/Users/jayant.dhingra/Desktop/couchbase-lite-tests/client/src/cbltest/api/testserver.py", line 92, in create_and_reset_db
    await self.__request_factory.send_request(self.__index, request)
FAILED
tests/dev_e2e/test_fest.py::TestFest::test_update_task 2026-08-27 14:21:06,132 [INFO]: 🧹 Couchbase Server and Sync Gateway cleanup started
2026-08-27 14:21:06,135 [DEBUG]: 🧹 SGW <cbltest.api.syncgateway.SyncGateway object at 0x11378b230>: found databases ['todo'], deleting...
2026-08-27 14:21:06,184 [DEBUG]: 🧹 CBS <cbltest.api.couchbaseserver.CouchbaseServer object at 0x11378b620>: found buckets ['todo'], deleting...
2026-08-27 14:21:07,059 [DEBUG]: 🧹 CBS <cbltest.api.couchbaseserver.CouchbaseServer object at 0x11378b620>: waiting for all buckets to be deleted...
2026-08-27 14:21:07,061 [INFO]: 🧹 Couchbase Server and Sync Gateway cleanup finished
2026-08-27 14:21:07,062 [INFO]: Starting test: test_update_task
2026-08-27 14:21:07,062 [INFO]: Moving to step 1:
2026-08-27 14:21:07,062 [INFO]: 	Reset SG and load todo dataset
2026-08-27 14:21:39,599 [INFO]: Moving to step 2:
2026-08-27 14:21:39,599 [INFO]: 	Assign roles 'lists.user1.db1-list1.contributor' to the user 'user1'
2026-08-27 14:21:39,608 [INFO]: Moving to step 3:
2026-08-27 14:21:39,609 [INFO]: 	Reset local databases load them with the todo dataset
2026-08-27 14:21:39,610 [DEBUG]: Sending (test_update_task) -> 3917af92-025e-4519-be8e-49ffccb813ad v1 POST /reset to http://localhost:5173
2026-08-27 14:21:39,611 [ERROR]: Failed to send (test_update_task) -> 3917af92-025e-4519-be8e-49ffccb813ad v1 POST /reset to http://localhost:5173 (Cannot write to closing transport)
Stack (most recent call last):
  File "/Users/jayant.dhingra/Desktop/couchbase-lite-tests/.venv/bin/pytest", line 10, in <module>
    sys.exit(console_main())
  File "/Users/jayant.dhingra/Desktop/couchbase-lite-tests/.venv/lib/python3.13/site-packages/_pytest/config/__init__.py", line 223, in console_main
    code = main()
  File "/Users/jayant.dhingra/Desktop/couchbase-lite-tests/.venv/lib/python3.13/site-packages/_pytest/config/__init__.py", line 199, in main
    ret: ExitCode | int = config.hook.pytest_cmdline_main(config=config)
  File "/Users/jayant.dhingra/Desktop/couchbase-lite-tests/.venv/lib/python3.13/site-packages/pluggy/_hooks.py", line 513, in __call__
    return self._hookexec(self.name, self._hookimpls.copy(), kwargs, firstresult)
  File "/Users/jayant.dhingra/Desktop/couchbase-lite-tests/.venv/lib/python3.13/site-packages/pluggy/_manager.py", line 120, in _hookexec
    return self._inner_hookexec(hook_name, methods, kwargs, firstresult)
  File "/Users/jayant.dhingra/Desktop/couchbase-lite-tests/.venv/lib/python3.13/site-packages/pluggy/_callers.py", line 103, in _multicall
    res = hook_impl.function(*args)
  File "/Users/jayant.dhingra/Desktop/couchbase-lite-tests/.venv/lib/python3.13/site-packages/_pytest/main.py", line 365, in pytest_cmdline_main
    return wrap_session(config, _main)
  File "/Users/jayant.dhingra/Desktop/couchbase-lite-tests/.venv/lib/python3.13/site-packages/_pytest/main.py", line 318, in wrap_session
    session.exitstatus = doit(config, session) or 0
  File "/Users/jayant.dhingra/Desktop/couchbase-lite-tests/.venv/lib/python3.13/site-packages/_pytest/main.py", line 372, in _main
    config.hook.pytest_runtestloop(session=session)
  File "/Users/jayant.dhingra/Desktop/couchbase-lite-tests/.venv/lib/python3.13/site-packages/pluggy/_hooks.py", line 513, in __call__
    return self._hookexec(self.name, self._hookimpls.copy(), kwargs, firstresult)
  File "/Users/jayant.dhingra/Desktop/couchbase-lite-tests/.venv/lib/python3.13/site-packages/pluggy/_manager.py", line 120, in _hookexec
    return self._inner_hookexec(hook_name, methods, kwargs, firstresult)
  File "/Users/jayant.dhingra/Desktop/couchbase-lite-tests/.venv/lib/python3.13/site-packages/pluggy/_callers.py", line 103, in _multicall
    res = hook_impl.function(*args)
  File "/Users/jayant.dhingra/Desktop/couchbase-lite-tests/.venv/lib/python3.13/site-packages/_pytest/main.py", line 396, in pytest_runtestloop
    item.config.hook.pytest_runtest_protocol(item=item, nextitem=nextitem)
  File "/Users/jayant.dhingra/Desktop/couchbase-lite-tests/.venv/lib/python3.13/site-packages/pluggy/_hooks.py", line 513, in __call__
    return self._hookexec(self.name, self._hookimpls.copy(), kwargs, firstresult)
  File "/Users/jayant.dhingra/Desktop/couchbase-lite-tests/.venv/lib/python3.13/site-packages/pluggy/_manager.py", line 120, in _hookexec
    return self._inner_hookexec(hook_name, methods, kwargs, firstresult)
  File "/Users/jayant.dhingra/Desktop/couchbase-lite-tests/.venv/lib/python3.13/site-packages/pluggy/_callers.py", line 103, in _multicall
    res = hook_impl.function(*args)
  File "/Users/jayant.dhingra/Desktop/couchbase-lite-tests/.venv/lib/python3.13/site-packages/_pytest/runner.py", line 118, in pytest_runtest_protocol
    runtestprotocol(item, nextitem=nextitem)
  File "/Users/jayant.dhingra/Desktop/couchbase-lite-tests/.venv/lib/python3.13/site-packages/_pytest/runner.py", line 137, in runtestprotocol
    reports.append(call_and_report(item, "call", log))
  File "/Users/jayant.dhingra/Desktop/couchbase-lite-tests/.venv/lib/python3.13/site-packages/_pytest/runner.py", line 244, in call_and_report
    call = CallInfo.from_call(
  File "/Users/jayant.dhingra/Desktop/couchbase-lite-tests/.venv/lib/python3.13/site-packages/_pytest/runner.py", line 353, in from_call
    result: TResult | None = func()
  File "/Users/jayant.dhingra/Desktop/couchbase-lite-tests/.venv/lib/python3.13/site-packages/_pytest/runner.py", line 245, in <lambda>
    lambda: runtest_hook(item=item, **kwds),
  File "/Users/jayant.dhingra/Desktop/couchbase-lite-tests/.venv/lib/python3.13/site-packages/pluggy/_hooks.py", line 513, in __call__
    return self._hookexec(self.name, self._hookimpls.copy(), kwargs, firstresult)
  File "/Users/jayant.dhingra/Desktop/couchbase-lite-tests/.venv/lib/python3.13/site-packages/pluggy/_manager.py", line 120, in _hookexec
    return self._inner_hookexec(hook_name, methods, kwargs, firstresult)
  File "/Users/jayant.dhingra/Desktop/couchbase-lite-tests/.venv/lib/python3.13/site-packages/pluggy/_callers.py", line 103, in _multicall
    res = hook_impl.function(*args)
  File "/Users/jayant.dhingra/Desktop/couchbase-lite-tests/.venv/lib/python3.13/site-packages/_pytest/runner.py", line 179, in pytest_runtest_call
    item.runtest()
  File "/Users/jayant.dhingra/Desktop/couchbase-lite-tests/.venv/lib/python3.13/site-packages/pytest_asyncio/plugin.py", line 469, in runtest
    super().runtest()
  File "/Users/jayant.dhingra/Desktop/couchbase-lite-tests/.venv/lib/python3.13/site-packages/_pytest/python.py", line 1720, in runtest
    self.ihook.pytest_pyfunc_call(pyfuncitem=self)
  File "/Users/jayant.dhingra/Desktop/couchbase-lite-tests/.venv/lib/python3.13/site-packages/pluggy/_hooks.py", line 513, in __call__
    return self._hookexec(self.name, self._hookimpls.copy(), kwargs, firstresult)
  File "/Users/jayant.dhingra/Desktop/couchbase-lite-tests/.venv/lib/python3.13/site-packages/pluggy/_manager.py", line 120, in _hookexec
    return self._inner_hookexec(hook_name, methods, kwargs, firstresult)
  File "/Users/jayant.dhingra/Desktop/couchbase-lite-tests/.venv/lib/python3.13/site-packages/pluggy/_callers.py", line 103, in _multicall
    res = hook_impl.function(*args)
  File "/Users/jayant.dhingra/Desktop/couchbase-lite-tests/.venv/lib/python3.13/site-packages/_pytest/python.py", line 166, in pytest_pyfunc_call
    result = testfunction(**testargs)
  File "/Users/jayant.dhingra/Desktop/couchbase-lite-tests/.venv/lib/python3.13/site-packages/pytest_asyncio/plugin.py", line 716, in inner
    runner.run(coro, context=context)
  File "/opt/homebrew/Cellar/python@3.13/3.13.7/Frameworks/Python.framework/Versions/3.13/lib/python3.13/asyncio/runners.py", line 118, in run
    return self._loop.run_until_complete(task)
  File "/opt/homebrew/Cellar/python@3.13/3.13.7/Frameworks/Python.framework/Versions/3.13/lib/python3.13/asyncio/base_events.py", line 712, in run_until_complete
    self.run_forever()
  File "/opt/homebrew/Cellar/python@3.13/3.13.7/Frameworks/Python.framework/Versions/3.13/lib/python3.13/asyncio/base_events.py", line 683, in run_forever
    self._run_once()
  File "/opt/homebrew/Cellar/python@3.13/3.13.7/Frameworks/Python.framework/Versions/3.13/lib/python3.13/asyncio/base_events.py", line 2050, in _run_once
    handle._run()
  File "/opt/homebrew/Cellar/python@3.13/3.13.7/Frameworks/Python.framework/Versions/3.13/lib/python3.13/asyncio/events.py", line 89, in _run
    self._context.run(self._callback, *self._args)
  File "/Users/jayant.dhingra/Desktop/couchbase-lite-tests/tests/dev_e2e/test_fest.py", line 246, in test_update_task
    db1, db2 = await self.setup_test_fest_dbs(cblpytest)
  File "/Users/jayant.dhingra/Desktop/couchbase-lite-tests/tests/dev_e2e/test_fest.py", line 47, in setup_test_fest_dbs
    return await cblpytest.test_servers[0].create_and_reset_db(["db1", "db2"], dataset="todo")
  File "/Users/jayant.dhingra/Desktop/couchbase-lite-tests/client/src/cbltest/api/testserver.py", line 92, in create_and_reset_db
    await self.__request_factory.send_request(self.__index, request)
FAILED
tests/dev_e2e/test_fest.py::TestFest::test_delete_task 2026-08-27 14:21:39,635 [INFO]: 🧹 Couchbase Server and Sync Gateway cleanup started
2026-08-27 14:21:39,638 [DEBUG]: 🧹 SGW <cbltest.api.syncgateway.SyncGateway object at 0x11378b230>: found databases ['todo'], deleting...
2026-08-27 14:21:39,688 [DEBUG]: 🧹 CBS <cbltest.api.couchbaseserver.CouchbaseServer object at 0x11378b620>: found buckets ['todo'], deleting...
2026-08-27 14:21:40,155 [DEBUG]: 🧹 CBS <cbltest.api.couchbaseserver.CouchbaseServer object at 0x11378b620>: waiting for all buckets to be deleted...
2026-08-27 14:21:40,157 [INFO]: 🧹 Couchbase Server and Sync Gateway cleanup finished
2026-08-27 14:21:40,157 [INFO]: Starting test: test_delete_task
2026-08-27 14:21:40,157 [INFO]: Moving to step 1:
2026-08-27 14:21:40,157 [INFO]: 	Reset SG and load todo dataset
2026-08-27 14:22:13,095 [INFO]: Moving to step 2:
2026-08-27 14:22:13,095 [INFO]: 	Assign roles 'lists.user1.db1-list1.contributor' to the user 'user1'
2026-08-27 14:22:13,105 [INFO]: Moving to step 3:
2026-08-27 14:22:13,105 [INFO]: 	Reset local databases load them with the todo dataset
2026-08-27 14:22:13,105 [DEBUG]: Sending (test_delete_task) -> 3917af92-025e-4519-be8e-49ffccb813ad v1 POST /reset to http://localhost:5173
2026-08-27 14:22:13,105 [ERROR]: Failed to send (test_delete_task) -> 3917af92-025e-4519-be8e-49ffccb813ad v1 POST /reset to http://localhost:5173 (Cannot write to closing transport)
Stack (most recent call last):
  File "/Users/jayant.dhingra/Desktop/couchbase-lite-tests/.venv/bin/pytest", line 10, in <module>
    sys.exit(console_main())
  File "/Users/jayant.dhingra/Desktop/couchbase-lite-tests/.venv/lib/python3.13/site-packages/_pytest/config/__init__.py", line 223, in console_main
    code = main()
  File "/Users/jayant.dhingra/Desktop/couchbase-lite-tests/.venv/lib/python3.13/site-packages/_pytest/config/__init__.py", line 199, in main
    ret: ExitCode | int = config.hook.pytest_cmdline_main(config=config)
  File "/Users/jayant.dhingra/Desktop/couchbase-lite-tests/.venv/lib/python3.13/site-packages/pluggy/_hooks.py", line 513, in __call__
    return self._hookexec(self.name, self._hookimpls.copy(), kwargs, firstresult)
  File "/Users/jayant.dhingra/Desktop/couchbase-lite-tests/.venv/lib/python3.13/site-packages/pluggy/_manager.py", line 120, in _hookexec
    return self._inner_hookexec(hook_name, methods, kwargs, firstresult)
  File "/Users/jayant.dhingra/Desktop/couchbase-lite-tests/.venv/lib/python3.13/site-packages/pluggy/_callers.py", line 103, in _multicall
    res = hook_impl.function(*args)
  File "/Users/jayant.dhingra/Desktop/couchbase-lite-tests/.venv/lib/python3.13/site-packages/_pytest/main.py", line 365, in pytest_cmdline_main
    return wrap_session(config, _main)
  File "/Users/jayant.dhingra/Desktop/couchbase-lite-tests/.venv/lib/python3.13/site-packages/_pytest/main.py", line 318, in wrap_session
    session.exitstatus = doit(config, session) or 0
  File "/Users/jayant.dhingra/Desktop/couchbase-lite-tests/.venv/lib/python3.13/site-packages/_pytest/main.py", line 372, in _main
    config.hook.pytest_runtestloop(session=session)
  File "/Users/jayant.dhingra/Desktop/couchbase-lite-tests/.venv/lib/python3.13/site-packages/pluggy/_hooks.py", line 513, in __call__
    return self._hookexec(self.name, self._hookimpls.copy(), kwargs, firstresult)
  File "/Users/jayant.dhingra/Desktop/couchbase-lite-tests/.venv/lib/python3.13/site-packages/pluggy/_manager.py", line 120, in _hookexec
    return self._inner_hookexec(hook_name, methods, kwargs, firstresult)
  File "/Users/jayant.dhingra/Desktop/couchbase-lite-tests/.venv/lib/python3.13/site-packages/pluggy/_callers.py", line 103, in _multicall
    res = hook_impl.function(*args)
  File "/Users/jayant.dhingra/Desktop/couchbase-lite-tests/.venv/lib/python3.13/site-packages/_pytest/main.py", line 396, in pytest_runtestloop
    item.config.hook.pytest_runtest_protocol(item=item, nextitem=nextitem)
  File "/Users/jayant.dhingra/Desktop/couchbase-lite-tests/.venv/lib/python3.13/site-packages/pluggy/_hooks.py", line 513, in __call__
    return self._hookexec(self.name, self._hookimpls.copy(), kwargs, firstresult)
  File "/Users/jayant.dhingra/Desktop/couchbase-lite-tests/.venv/lib/python3.13/site-packages/pluggy/_manager.py", line 120, in _hookexec
    return self._inner_hookexec(hook_name, methods, kwargs, firstresult)
  File "/Users/jayant.dhingra/Desktop/couchbase-lite-tests/.venv/lib/python3.13/site-packages/pluggy/_callers.py", line 103, in _multicall
    res = hook_impl.function(*args)
  File "/Users/jayant.dhingra/Desktop/couchbase-lite-tests/.venv/lib/python3.13/site-packages/_pytest/runner.py", line 118, in pytest_runtest_protocol
    runtestprotocol(item, nextitem=nextitem)
  File "/Users/jayant.dhingra/Desktop/couchbase-lite-tests/.venv/lib/python3.13/site-packages/_pytest/runner.py", line 137, in runtestprotocol
    reports.append(call_and_report(item, "call", log))
  File "/Users/jayant.dhingra/Desktop/couchbase-lite-tests/.venv/lib/python3.13/site-packages/_pytest/runner.py", line 244, in call_and_report
    call = CallInfo.from_call(
  File "/Users/jayant.dhingra/Desktop/couchbase-lite-tests/.venv/lib/python3.13/site-packages/_pytest/runner.py", line 353, in from_call
    result: TResult | None = func()
  File "/Users/jayant.dhingra/Desktop/couchbase-lite-tests/.venv/lib/python3.13/site-packages/_pytest/runner.py", line 245, in <lambda>
    lambda: runtest_hook(item=item, **kwds),
  File "/Users/jayant.dhingra/Desktop/couchbase-lite-tests/.venv/lib/python3.13/site-packages/pluggy/_hooks.py", line 513, in __call__
    return self._hookexec(self.name, self._hookimpls.copy(), kwargs, firstresult)
  File "/Users/jayant.dhingra/Desktop/couchbase-lite-tests/.venv/lib/python3.13/site-packages/pluggy/_manager.py", line 120, in _hookexec
    return self._inner_hookexec(hook_name, methods, kwargs, firstresult)
  File "/Users/jayant.dhingra/Desktop/couchbase-lite-tests/.venv/lib/python3.13/site-packages/pluggy/_callers.py", line 103, in _multicall
    res = hook_impl.function(*args)
  File "/Users/jayant.dhingra/Desktop/couchbase-lite-tests/.venv/lib/python3.13/site-packages/_pytest/runner.py", line 179, in pytest_runtest_call
    item.runtest()
  File "/Users/jayant.dhingra/Desktop/couchbase-lite-tests/.venv/lib/python3.13/site-packages/pytest_asyncio/plugin.py", line 469, in runtest
    super().runtest()
  File "/Users/jayant.dhingra/Desktop/couchbase-lite-tests/.venv/lib/python3.13/site-packages/_pytest/python.py", line 1720, in runtest
    self.ihook.pytest_pyfunc_call(pyfuncitem=self)
  File "/Users/jayant.dhingra/Desktop/couchbase-lite-tests/.venv/lib/python3.13/site-packages/pluggy/_hooks.py", line 513, in __call__
    return self._hookexec(self.name, self._hookimpls.copy(), kwargs, firstresult)
  File "/Users/jayant.dhingra/Desktop/couchbase-lite-tests/.venv/lib/python3.13/site-packages/pluggy/_manager.py", line 120, in _hookexec
    return self._inner_hookexec(hook_name, methods, kwargs, firstresult)
  File "/Users/jayant.dhingra/Desktop/couchbase-lite-tests/.venv/lib/python3.13/site-packages/pluggy/_callers.py", line 103, in _multicall
    res = hook_impl.function(*args)
  File "/Users/jayant.dhingra/Desktop/couchbase-lite-tests/.venv/lib/python3.13/site-packages/_pytest/python.py", line 166, in pytest_pyfunc_call
    result = testfunction(**testargs)
  File "/Users/jayant.dhingra/Desktop/couchbase-lite-tests/.venv/lib/python3.13/site-packages/pytest_asyncio/plugin.py", line 716, in inner
    runner.run(coro, context=context)
  File "/opt/homebrew/Cellar/python@3.13/3.13.7/Frameworks/Python.framework/Versions/3.13/lib/python3.13/asyncio/runners.py", line 118, in run
    return self._loop.run_until_complete(task)
  File "/opt/homebrew/Cellar/python@3.13/3.13.7/Frameworks/Python.framework/Versions/3.13/lib/python3.13/asyncio/base_events.py", line 712, in run_until_complete
    self.run_forever()
  File "/opt/homebrew/Cellar/python@3.13/3.13.7/Frameworks/Python.framework/Versions/3.13/lib/python3.13/asyncio/base_events.py", line 683, in run_forever
    self._run_once()
  File "/opt/homebrew/Cellar/python@3.13/3.13.7/Frameworks/Python.framework/Versions/3.13/lib/python3.13/asyncio/base_events.py", line 2050, in _run_once
    handle._run()
  File "/opt/homebrew/Cellar/python@3.13/3.13.7/Frameworks/Python.framework/Versions/3.13/lib/python3.13/asyncio/events.py", line 89, in _run
    self._context.run(self._callback, *self._args)
  File "/Users/jayant.dhingra/Desktop/couchbase-lite-tests/tests/dev_e2e/test_fest.py", line 390, in test_delete_task
    db1, db2 = await self.setup_test_fest_dbs(cblpytest)
  File "/Users/jayant.dhingra/Desktop/couchbase-lite-tests/tests/dev_e2e/test_fest.py", line 47, in setup_test_fest_dbs
    return await cblpytest.test_servers[0].create_and_reset_db(["db1", "db2"], dataset="todo")
  File "/Users/jayant.dhingra/Desktop/couchbase-lite-tests/client/src/cbltest/api/testserver.py", line 92, in create_and_reset_db
    await self.__request_factory.send_request(self.__index, request)
FAILED
tests/dev_e2e/test_fest.py::TestFest::test_delete_list 2026-08-27 14:22:13,124 [INFO]: 🧹 Couchbase Server and Sync Gateway cleanup started
2026-08-27 14:22:13,126 [DEBUG]: 🧹 SGW <cbltest.api.syncgateway.SyncGateway object at 0x11378b230>: found databases ['todo'], deleting...
2026-08-27 14:22:13,180 [DEBUG]: 🧹 CBS <cbltest.api.couchbaseserver.CouchbaseServer object at 0x11378b620>: found buckets ['todo'], deleting...
2026-08-27 14:22:13,602 [DEBUG]: 🧹 CBS <cbltest.api.couchbaseserver.CouchbaseServer object at 0x11378b620>: waiting for all buckets to be deleted...
2026-08-27 14:22:13,606 [INFO]: 🧹 Couchbase Server and Sync Gateway cleanup finished
2026-08-27 14:22:13,607 [INFO]: Starting test: test_delete_list
2026-08-27 14:22:13,607 [INFO]: Moving to step 1:
2026-08-27 14:22:13,608 [INFO]: 	Reset SG and load todo dataset
2026-08-27 14:22:46,588 [INFO]: Moving to step 2:
2026-08-27 14:22:46,588 [INFO]: 	Assign roles 'lists.user1.db1-list1.contributor' to the user 'user1'
2026-08-27 14:22:46,598 [INFO]: Moving to step 3:
2026-08-27 14:22:46,598 [INFO]: 	Reset local databases load them with the todo dataset
2026-08-27 14:22:46,598 [DEBUG]: Sending (test_delete_list) -> 3917af92-025e-4519-be8e-49ffccb813ad v1 POST /reset to http://localhost:5173
2026-08-27 14:22:46,600 [ERROR]: Failed to send (test_delete_list) -> 3917af92-025e-4519-be8e-49ffccb813ad v1 POST /reset to http://localhost:5173 (Cannot write to closing transport)
Stack (most recent call last):
  File "/Users/jayant.dhingra/Desktop/couchbase-lite-tests/.venv/bin/pytest", line 10, in <module>
    sys.exit(console_main())
  File "/Users/jayant.dhingra/Desktop/couchbase-lite-tests/.venv/lib/python3.13/site-packages/_pytest/config/__init__.py", line 223, in console_main
    code = main()
  File "/Users/jayant.dhingra/Desktop/couchbase-lite-tests/.venv/lib/python3.13/site-packages/_pytest/config/__init__.py", line 199, in main
    ret: ExitCode | int = config.hook.pytest_cmdline_main(config=config)
  File "/Users/jayant.dhingra/Desktop/couchbase-lite-tests/.venv/lib/python3.13/site-packages/pluggy/_hooks.py", line 513, in __call__
    return self._hookexec(self.name, self._hookimpls.copy(), kwargs, firstresult)
  File "/Users/jayant.dhingra/Desktop/couchbase-lite-tests/.venv/lib/python3.13/site-packages/pluggy/_manager.py", line 120, in _hookexec
    return self._inner_hookexec(hook_name, methods, kwargs, firstresult)
  File "/Users/jayant.dhingra/Desktop/couchbase-lite-tests/.venv/lib/python3.13/site-packages/pluggy/_callers.py", line 103, in _multicall
    res = hook_impl.function(*args)
  File "/Users/jayant.dhingra/Desktop/couchbase-lite-tests/.venv/lib/python3.13/site-packages/_pytest/main.py", line 365, in pytest_cmdline_main
    return wrap_session(config, _main)
  File "/Users/jayant.dhingra/Desktop/couchbase-lite-tests/.venv/lib/python3.13/site-packages/_pytest/main.py", line 318, in wrap_session
    session.exitstatus = doit(config, session) or 0
  File "/Users/jayant.dhingra/Desktop/couchbase-lite-tests/.venv/lib/python3.13/site-packages/_pytest/main.py", line 372, in _main
    config.hook.pytest_runtestloop(session=session)
  File "/Users/jayant.dhingra/Desktop/couchbase-lite-tests/.venv/lib/python3.13/site-packages/pluggy/_hooks.py", line 513, in __call__
    return self._hookexec(self.name, self._hookimpls.copy(), kwargs, firstresult)
  File "/Users/jayant.dhingra/Desktop/couchbase-lite-tests/.venv/lib/python3.13/site-packages/pluggy/_manager.py", line 120, in _hookexec
    return self._inner_hookexec(hook_name, methods, kwargs, firstresult)
  File "/Users/jayant.dhingra/Desktop/couchbase-lite-tests/.venv/lib/python3.13/site-packages/pluggy/_callers.py", line 103, in _multicall
    res = hook_impl.function(*args)
  File "/Users/jayant.dhingra/Desktop/couchbase-lite-tests/.venv/lib/python3.13/site-packages/_pytest/main.py", line 396, in pytest_runtestloop
    item.config.hook.pytest_runtest_protocol(item=item, nextitem=nextitem)
  File "/Users/jayant.dhingra/Desktop/couchbase-lite-tests/.venv/lib/python3.13/site-packages/pluggy/_hooks.py", line 513, in __call__
    return self._hookexec(self.name, self._hookimpls.copy(), kwargs, firstresult)
  File "/Users/jayant.dhingra/Desktop/couchbase-lite-tests/.venv/lib/python3.13/site-packages/pluggy/_manager.py", line 120, in _hookexec
    return self._inner_hookexec(hook_name, methods, kwargs, firstresult)
  File "/Users/jayant.dhingra/Desktop/couchbase-lite-tests/.venv/lib/python3.13/site-packages/pluggy/_callers.py", line 103, in _multicall
    res = hook_impl.function(*args)
  File "/Users/jayant.dhingra/Desktop/couchbase-lite-tests/.venv/lib/python3.13/site-packages/_pytest/runner.py", line 118, in pytest_runtest_protocol
    runtestprotocol(item, nextitem=nextitem)
  File "/Users/jayant.dhingra/Desktop/couchbase-lite-tests/.venv/lib/python3.13/site-packages/_pytest/runner.py", line 137, in runtestprotocol
    reports.append(call_and_report(item, "call", log))
  File "/Users/jayant.dhingra/Desktop/couchbase-lite-tests/.venv/lib/python3.13/site-packages/_pytest/runner.py", line 244, in call_and_report
    call = CallInfo.from_call(
  File "/Users/jayant.dhingra/Desktop/couchbase-lite-tests/.venv/lib/python3.13/site-packages/_pytest/runner.py", line 353, in from_call
    result: TResult | None = func()
  File "/Users/jayant.dhingra/Desktop/couchbase-lite-tests/.venv/lib/python3.13/site-packages/_pytest/runner.py", line 245, in <lambda>
    lambda: runtest_hook(item=item, **kwds),
  File "/Users/jayant.dhingra/Desktop/couchbase-lite-tests/.venv/lib/python3.13/site-packages/pluggy/_hooks.py", line 513, in __call__
    return self._hookexec(self.name, self._hookimpls.copy(), kwargs, firstresult)
  File "/Users/jayant.dhingra/Desktop/couchbase-lite-tests/.venv/lib/python3.13/site-packages/pluggy/_manager.py", line 120, in _hookexec
    return self._inner_hookexec(hook_name, methods, kwargs, firstresult)
  File "/Users/jayant.dhingra/Desktop/couchbase-lite-tests/.venv/lib/python3.13/site-packages/pluggy/_callers.py", line 103, in _multicall
    res = hook_impl.function(*args)
  File "/Users/jayant.dhingra/Desktop/couchbase-lite-tests/.venv/lib/python3.13/site-packages/_pytest/runner.py", line 179, in pytest_runtest_call
    item.runtest()
  File "/Users/jayant.dhingra/Desktop/couchbase-lite-tests/.venv/lib/python3.13/site-packages/pytest_asyncio/plugin.py", line 469, in runtest
    super().runtest()
  File "/Users/jayant.dhingra/Desktop/couchbase-lite-tests/.venv/lib/python3.13/site-packages/_pytest/python.py", line 1720, in runtest
    self.ihook.pytest_pyfunc_call(pyfuncitem=self)
  File "/Users/jayant.dhingra/Desktop/couchbase-lite-tests/.venv/lib/python3.13/site-packages/pluggy/_hooks.py", line 513, in __call__
    return self._hookexec(self.name, self._hookimpls.copy(), kwargs, firstresult)
  File "/Users/jayant.dhingra/Desktop/couchbase-lite-tests/.venv/lib/python3.13/site-packages/pluggy/_manager.py", line 120, in _hookexec
    return self._inner_hookexec(hook_name, methods, kwargs, firstresult)
  File "/Users/jayant.dhingra/Desktop/couchbase-lite-tests/.venv/lib/python3.13/site-packages/pluggy/_callers.py", line 103, in _multicall
    res = hook_impl.function(*args)
  File "/Users/jayant.dhingra/Desktop/couchbase-lite-tests/.venv/lib/python3.13/site-packages/_pytest/python.py", line 166, in pytest_pyfunc_call
    result = testfunction(**testargs)
  File "/Users/jayant.dhingra/Desktop/couchbase-lite-tests/.venv/lib/python3.13/site-packages/pytest_asyncio/plugin.py", line 716, in inner
    runner.run(coro, context=context)
  File "/opt/homebrew/Cellar/python@3.13/3.13.7/Frameworks/Python.framework/Versions/3.13/lib/python3.13/asyncio/runners.py", line 118, in run
    return self._loop.run_until_complete(task)
  File "/opt/homebrew/Cellar/python@3.13/3.13.7/Frameworks/Python.framework/Versions/3.13/lib/python3.13/asyncio/base_events.py", line 712, in run_until_complete
    self.run_forever()
  File "/opt/homebrew/Cellar/python@3.13/3.13.7/Frameworks/Python.framework/Versions/3.13/lib/python3.13/asyncio/base_events.py", line 683, in run_forever
    self._run_once()
  File "/opt/homebrew/Cellar/python@3.13/3.13.7/Frameworks/Python.framework/Versions/3.13/lib/python3.13/asyncio/base_events.py", line 2050, in _run_once
    handle._run()
  File "/opt/homebrew/Cellar/python@3.13/3.13.7/Frameworks/Python.framework/Versions/3.13/lib/python3.13/asyncio/events.py", line 89, in _run
    self._context.run(self._callback, *self._args)
  File "/Users/jayant.dhingra/Desktop/couchbase-lite-tests/tests/dev_e2e/test_fest.py", line 500, in test_delete_list
    db1, db2 = await self.setup_test_fest_dbs(cblpytest)
  File "/Users/jayant.dhingra/Desktop/couchbase-lite-tests/tests/dev_e2e/test_fest.py", line 47, in setup_test_fest_dbs
    return await cblpytest.test_servers[0].create_and_reset_db(["db1", "db2"], dataset="todo")
  File "/Users/jayant.dhingra/Desktop/couchbase-lite-tests/client/src/cbltest/api/testserver.py", line 92, in create_and_reset_db
    await self.__request_factory.send_request(self.__index, request)
FAILED
tests/dev_e2e/test_fest.py::TestFest::test_share_list 2026-08-27 14:22:46,624 [INFO]: 🧹 Couchbase Server and Sync Gateway cleanup started
2026-08-27 14:22:46,627 [DEBUG]: 🧹 SGW <cbltest.api.syncgateway.SyncGateway object at 0x11378b230>: found databases ['todo'], deleting...
2026-08-27 14:22:46,679 [DEBUG]: 🧹 CBS <cbltest.api.couchbaseserver.CouchbaseServer object at 0x11378b620>: found buckets ['todo'], deleting...
2026-08-27 14:22:47,914 [DEBUG]: 🧹 CBS <cbltest.api.couchbaseserver.CouchbaseServer object at 0x11378b620>: waiting for all buckets to be deleted...
2026-08-27 14:22:47,917 [INFO]: 🧹 Couchbase Server and Sync Gateway cleanup finished
2026-08-27 14:22:47,917 [INFO]: Starting test: test_share_list
2026-08-27 14:22:47,918 [INFO]: Moving to step 1:
2026-08-27 14:22:47,918 [INFO]: 	Reset SG and load todo dataset
2026-08-27 14:23:20,142 [INFO]: Moving to step 2:
2026-08-27 14:23:20,142 [INFO]: 	Assign roles 'lists.user1.db1-list1.contributor' to the user 'user1'
2026-08-27 14:23:20,150 [INFO]: Moving to step 3:
2026-08-27 14:23:20,151 [INFO]: 	Reset local databases load them with the todo dataset
2026-08-27 14:23:20,151 [DEBUG]: Sending (test_share_list) -> 3917af92-025e-4519-be8e-49ffccb813ad v1 POST /reset to http://localhost:5173
2026-08-27 14:23:20,152 [ERROR]: Failed to send (test_share_list) -> 3917af92-025e-4519-be8e-49ffccb813ad v1 POST /reset to http://localhost:5173 (Cannot write to closing transport)
Stack (most recent call last):
  File "/Users/jayant.dhingra/Desktop/couchbase-lite-tests/.venv/bin/pytest", line 10, in <module>
    sys.exit(console_main())
  File "/Users/jayant.dhingra/Desktop/couchbase-lite-tests/.venv/lib/python3.13/site-packages/_pytest/config/__init__.py", line 223, in console_main
    code = main()
  File "/Users/jayant.dhingra/Desktop/couchbase-lite-tests/.venv/lib/python3.13/site-packages/_pytest/config/__init__.py", line 199, in main
    ret: ExitCode | int = config.hook.pytest_cmdline_main(config=config)
  File "/Users/jayant.dhingra/Desktop/couchbase-lite-tests/.venv/lib/python3.13/site-packages/pluggy/_hooks.py", line 513, in __call__
    return self._hookexec(self.name, self._hookimpls.copy(), kwargs, firstresult)
  File "/Users/jayant.dhingra/Desktop/couchbase-lite-tests/.venv/lib/python3.13/site-packages/pluggy/_manager.py", line 120, in _hookexec
    return self._inner_hookexec(hook_name, methods, kwargs, firstresult)
  File "/Users/jayant.dhingra/Desktop/couchbase-lite-tests/.venv/lib/python3.13/site-packages/pluggy/_callers.py", line 103, in _multicall
    res = hook_impl.function(*args)
  File "/Users/jayant.dhingra/Desktop/couchbase-lite-tests/.venv/lib/python3.13/site-packages/_pytest/main.py", line 365, in pytest_cmdline_main
    return wrap_session(config, _main)
  File "/Users/jayant.dhingra/Desktop/couchbase-lite-tests/.venv/lib/python3.13/site-packages/_pytest/main.py", line 318, in wrap_session
    session.exitstatus = doit(config, session) or 0
  File "/Users/jayant.dhingra/Desktop/couchbase-lite-tests/.venv/lib/python3.13/site-packages/_pytest/main.py", line 372, in _main
    config.hook.pytest_runtestloop(session=session)
  File "/Users/jayant.dhingra/Desktop/couchbase-lite-tests/.venv/lib/python3.13/site-packages/pluggy/_hooks.py", line 513, in __call__
    return self._hookexec(self.name, self._hookimpls.copy(), kwargs, firstresult)
  File "/Users/jayant.dhingra/Desktop/couchbase-lite-tests/.venv/lib/python3.13/site-packages/pluggy/_manager.py", line 120, in _hookexec
    return self._inner_hookexec(hook_name, methods, kwargs, firstresult)
  File "/Users/jayant.dhingra/Desktop/couchbase-lite-tests/.venv/lib/python3.13/site-packages/pluggy/_callers.py", line 103, in _multicall
    res = hook_impl.function(*args)
  File "/Users/jayant.dhingra/Desktop/couchbase-lite-tests/.venv/lib/python3.13/site-packages/_pytest/main.py", line 396, in pytest_runtestloop
    item.config.hook.pytest_runtest_protocol(item=item, nextitem=nextitem)
  File "/Users/jayant.dhingra/Desktop/couchbase-lite-tests/.venv/lib/python3.13/site-packages/pluggy/_hooks.py", line 513, in __call__
    return self._hookexec(self.name, self._hookimpls.copy(), kwargs, firstresult)
  File "/Users/jayant.dhingra/Desktop/couchbase-lite-tests/.venv/lib/python3.13/site-packages/pluggy/_manager.py", line 120, in _hookexec
    return self._inner_hookexec(hook_name, methods, kwargs, firstresult)
  File "/Users/jayant.dhingra/Desktop/couchbase-lite-tests/.venv/lib/python3.13/site-packages/pluggy/_callers.py", line 103, in _multicall
    res = hook_impl.function(*args)
  File "/Users/jayant.dhingra/Desktop/couchbase-lite-tests/.venv/lib/python3.13/site-packages/_pytest/runner.py", line 118, in pytest_runtest_protocol
    runtestprotocol(item, nextitem=nextitem)
  File "/Users/jayant.dhingra/Desktop/couchbase-lite-tests/.venv/lib/python3.13/site-packages/_pytest/runner.py", line 137, in runtestprotocol
    reports.append(call_and_report(item, "call", log))
  File "/Users/jayant.dhingra/Desktop/couchbase-lite-tests/.venv/lib/python3.13/site-packages/_pytest/runner.py", line 244, in call_and_report
    call = CallInfo.from_call(
  File "/Users/jayant.dhingra/Desktop/couchbase-lite-tests/.venv/lib/python3.13/site-packages/_pytest/runner.py", line 353, in from_call
    result: TResult | None = func()
  File "/Users/jayant.dhingra/Desktop/couchbase-lite-tests/.venv/lib/python3.13/site-packages/_pytest/runner.py", line 245, in <lambda>
    lambda: runtest_hook(item=item, **kwds),
  File "/Users/jayant.dhingra/Desktop/couchbase-lite-tests/.venv/lib/python3.13/site-packages/pluggy/_hooks.py", line 513, in __call__
    return self._hookexec(self.name, self._hookimpls.copy(), kwargs, firstresult)
  File "/Users/jayant.dhingra/Desktop/couchbase-lite-tests/.venv/lib/python3.13/site-packages/pluggy/_manager.py", line 120, in _hookexec
    return self._inner_hookexec(hook_name, methods, kwargs, firstresult)
  File "/Users/jayant.dhingra/Desktop/couchbase-lite-tests/.venv/lib/python3.13/site-packages/pluggy/_callers.py", line 103, in _multicall
    res = hook_impl.function(*args)
  File "/Users/jayant.dhingra/Desktop/couchbase-lite-tests/.venv/lib/python3.13/site-packages/_pytest/runner.py", line 179, in pytest_runtest_call
    item.runtest()
  File "/Users/jayant.dhingra/Desktop/couchbase-lite-tests/.venv/lib/python3.13/site-packages/pytest_asyncio/plugin.py", line 469, in runtest
    super().runtest()
  File "/Users/jayant.dhingra/Desktop/couchbase-lite-tests/.venv/lib/python3.13/site-packages/_pytest/python.py", line 1720, in runtest
    self.ihook.pytest_pyfunc_call(pyfuncitem=self)
  File "/Users/jayant.dhingra/Desktop/couchbase-lite-tests/.venv/lib/python3.13/site-packages/pluggy/_hooks.py", line 513, in __call__
    return self._hookexec(self.name, self._hookimpls.copy(), kwargs, firstresult)
  File "/Users/jayant.dhingra/Desktop/couchbase-lite-tests/.venv/lib/python3.13/site-packages/pluggy/_manager.py", line 120, in _hookexec
    return self._inner_hookexec(hook_name, methods, kwargs, firstresult)
  File "/Users/jayant.dhingra/Desktop/couchbase-lite-tests/.venv/lib/python3.13/site-packages/pluggy/_callers.py", line 103, in _multicall
    res = hook_impl.function(*args)
  File "/Users/jayant.dhingra/Desktop/couchbase-lite-tests/.venv/lib/python3.13/site-packages/_pytest/python.py", line 166, in pytest_pyfunc_call
    result = testfunction(**testargs)
  File "/Users/jayant.dhingra/Desktop/couchbase-lite-tests/.venv/lib/python3.13/site-packages/pytest_asyncio/plugin.py", line 716, in inner
    runner.run(coro, context=context)
  File "/opt/homebrew/Cellar/python@3.13/3.13.7/Frameworks/Python.framework/Versions/3.13/lib/python3.13/asyncio/runners.py", line 118, in run
    return self._loop.run_until_complete(task)
  File "/opt/homebrew/Cellar/python@3.13/3.13.7/Frameworks/Python.framework/Versions/3.13/lib/python3.13/asyncio/base_events.py", line 712, in run_until_complete
    self.run_forever()
  File "/opt/homebrew/Cellar/python@3.13/3.13.7/Frameworks/Python.framework/Versions/3.13/lib/python3.13/asyncio/base_events.py", line 683, in run_forever
    self._run_once()
  File "/opt/homebrew/Cellar/python@3.13/3.13.7/Frameworks/Python.framework/Versions/3.13/lib/python3.13/asyncio/base_events.py", line 2050, in _run_once
    handle._run()
  File "/opt/homebrew/Cellar/python@3.13/3.13.7/Frameworks/Python.framework/Versions/3.13/lib/python3.13/asyncio/events.py", line 89, in _run
    self._context.run(self._callback, *self._args)
  File "/Users/jayant.dhingra/Desktop/couchbase-lite-tests/tests/dev_e2e/test_fest.py", line 772, in test_share_list
    db1, db2 = await self.setup_test_fest_dbs(cblpytest)
  File "/Users/jayant.dhingra/Desktop/couchbase-lite-tests/tests/dev_e2e/test_fest.py", line 47, in setup_test_fest_dbs
    return await cblpytest.test_servers[0].create_and_reset_db(["db1", "db2"], dataset="todo")
  File "/Users/jayant.dhingra/Desktop/couchbase-lite-tests/client/src/cbltest/api/testserver.py", line 92, in create_and_reset_db
    await self.__request_factory.send_request(self.__index, request)
FAILED
tests/dev_e2e/test_fest.py::TestFest::test_update_shared_tasks 2026-08-27 14:23:20,174 [INFO]: 🧹 Couchbase Server and Sync Gateway cleanup started
2026-08-27 14:23:20,176 [DEBUG]: 🧹 SGW <cbltest.api.syncgateway.SyncGateway object at 0x11378b230>: found databases ['todo'], deleting...
2026-08-27 14:23:20,226 [DEBUG]: 🧹 CBS <cbltest.api.couchbaseserver.CouchbaseServer object at 0x11378b620>: found buckets ['todo'], deleting...
2026-08-27 14:23:21,175 [DEBUG]: 🧹 CBS <cbltest.api.couchbaseserver.CouchbaseServer object at 0x11378b620>: waiting for all buckets to be deleted...
2026-08-27 14:23:21,178 [INFO]: 🧹 Couchbase Server and Sync Gateway cleanup finished
2026-08-27 14:23:21,179 [INFO]: Starting test: test_update_shared_tasks
2026-08-27 14:23:21,179 [INFO]: Moving to step 1:
2026-08-27 14:23:21,179 [INFO]: 	Reset SG and load todo dataset
2026-08-27 14:23:53,618 [INFO]: Moving to step 2:
2026-08-27 14:23:53,619 [INFO]: 	Assign roles 'lists.user1.db1-list1.contributor' to the user 'user1'
2026-08-27 14:23:53,627 [INFO]: Moving to step 3:
2026-08-27 14:23:53,627 [INFO]: 	Reset local databases load them with the todo dataset
2026-08-27 14:23:53,628 [DEBUG]: Sending (test_update_shared_tasks) -> 3917af92-025e-4519-be8e-49ffccb813ad v1 POST /reset to http://localhost:5173
2026-08-27 14:23:53,629 [ERROR]: Failed to send (test_update_shared_tasks) -> 3917af92-025e-4519-be8e-49ffccb813ad v1 POST /reset to http://localhost:5173 (Cannot write to closing transport)
Stack (most recent call last):
  File "/Users/jayant.dhingra/Desktop/couchbase-lite-tests/.venv/bin/pytest", line 10, in <module>
    sys.exit(console_main())
  File "/Users/jayant.dhingra/Desktop/couchbase-lite-tests/.venv/lib/python3.13/site-packages/_pytest/config/__init__.py", line 223, in console_main
    code = main()
  File "/Users/jayant.dhingra/Desktop/couchbase-lite-tests/.venv/lib/python3.13/site-packages/_pytest/config/__init__.py", line 199, in main
    ret: ExitCode | int = config.hook.pytest_cmdline_main(config=config)
  File "/Users/jayant.dhingra/Desktop/couchbase-lite-tests/.venv/lib/python3.13/site-packages/pluggy/_hooks.py", line 513, in __call__
    return self._hookexec(self.name, self._hookimpls.copy(), kwargs, firstresult)
  File "/Users/jayant.dhingra/Desktop/couchbase-lite-tests/.venv/lib/python3.13/site-packages/pluggy/_manager.py", line 120, in _hookexec
    return self._inner_hookexec(hook_name, methods, kwargs, firstresult)
  File "/Users/jayant.dhingra/Desktop/couchbase-lite-tests/.venv/lib/python3.13/site-packages/pluggy/_callers.py", line 103, in _multicall
    res = hook_impl.function(*args)
  File "/Users/jayant.dhingra/Desktop/couchbase-lite-tests/.venv/lib/python3.13/site-packages/_pytest/main.py", line 365, in pytest_cmdline_main
    return wrap_session(config, _main)
  File "/Users/jayant.dhingra/Desktop/couchbase-lite-tests/.venv/lib/python3.13/site-packages/_pytest/main.py", line 318, in wrap_session
    session.exitstatus = doit(config, session) or 0
  File "/Users/jayant.dhingra/Desktop/couchbase-lite-tests/.venv/lib/python3.13/site-packages/_pytest/main.py", line 372, in _main
    config.hook.pytest_runtestloop(session=session)
  File "/Users/jayant.dhingra/Desktop/couchbase-lite-tests/.venv/lib/python3.13/site-packages/pluggy/_hooks.py", line 513, in __call__
    return self._hookexec(self.name, self._hookimpls.copy(), kwargs, firstresult)
  File "/Users/jayant.dhingra/Desktop/couchbase-lite-tests/.venv/lib/python3.13/site-packages/pluggy/_manager.py", line 120, in _hookexec
    return self._inner_hookexec(hook_name, methods, kwargs, firstresult)
  File "/Users/jayant.dhingra/Desktop/couchbase-lite-tests/.venv/lib/python3.13/site-packages/pluggy/_callers.py", line 103, in _multicall
    res = hook_impl.function(*args)
  File "/Users/jayant.dhingra/Desktop/couchbase-lite-tests/.venv/lib/python3.13/site-packages/_pytest/main.py", line 396, in pytest_runtestloop
    item.config.hook.pytest_runtest_protocol(item=item, nextitem=nextitem)
  File "/Users/jayant.dhingra/Desktop/couchbase-lite-tests/.venv/lib/python3.13/site-packages/pluggy/_hooks.py", line 513, in __call__
    return self._hookexec(self.name, self._hookimpls.copy(), kwargs, firstresult)
  File "/Users/jayant.dhingra/Desktop/couchbase-lite-tests/.venv/lib/python3.13/site-packages/pluggy/_manager.py", line 120, in _hookexec
    return self._inner_hookexec(hook_name, methods, kwargs, firstresult)
  File "/Users/jayant.dhingra/Desktop/couchbase-lite-tests/.venv/lib/python3.13/site-packages/pluggy/_callers.py", line 103, in _multicall
    res = hook_impl.function(*args)
  File "/Users/jayant.dhingra/Desktop/couchbase-lite-tests/.venv/lib/python3.13/site-packages/_pytest/runner.py", line 118, in pytest_runtest_protocol
    runtestprotocol(item, nextitem=nextitem)
  File "/Users/jayant.dhingra/Desktop/couchbase-lite-tests/.venv/lib/python3.13/site-packages/_pytest/runner.py", line 137, in runtestprotocol
    reports.append(call_and_report(item, "call", log))
  File "/Users/jayant.dhingra/Desktop/couchbase-lite-tests/.venv/lib/python3.13/site-packages/_pytest/runner.py", line 244, in call_and_report
    call = CallInfo.from_call(
  File "/Users/jayant.dhingra/Desktop/couchbase-lite-tests/.venv/lib/python3.13/site-packages/_pytest/runner.py", line 353, in from_call
    result: TResult | None = func()
  File "/Users/jayant.dhingra/Desktop/couchbase-lite-tests/.venv/lib/python3.13/site-packages/_pytest/runner.py", line 245, in <lambda>
    lambda: runtest_hook(item=item, **kwds),
  File "/Users/jayant.dhingra/Desktop/couchbase-lite-tests/.venv/lib/python3.13/site-packages/pluggy/_hooks.py", line 513, in __call__
    return self._hookexec(self.name, self._hookimpls.copy(), kwargs, firstresult)
  File "/Users/jayant.dhingra/Desktop/couchbase-lite-tests/.venv/lib/python3.13/site-packages/pluggy/_manager.py", line 120, in _hookexec
    return self._inner_hookexec(hook_name, methods, kwargs, firstresult)
  File "/Users/jayant.dhingra/Desktop/couchbase-lite-tests/.venv/lib/python3.13/site-packages/pluggy/_callers.py", line 103, in _multicall
    res = hook_impl.function(*args)
  File "/Users/jayant.dhingra/Desktop/couchbase-lite-tests/.venv/lib/python3.13/site-packages/_pytest/runner.py", line 179, in pytest_runtest_call
    item.runtest()
  File "/Users/jayant.dhingra/Desktop/couchbase-lite-tests/.venv/lib/python3.13/site-packages/pytest_asyncio/plugin.py", line 469, in runtest
    super().runtest()
  File "/Users/jayant.dhingra/Desktop/couchbase-lite-tests/.venv/lib/python3.13/site-packages/_pytest/python.py", line 1720, in runtest
    self.ihook.pytest_pyfunc_call(pyfuncitem=self)
  File "/Users/jayant.dhingra/Desktop/couchbase-lite-tests/.venv/lib/python3.13/site-packages/pluggy/_hooks.py", line 513, in __call__
    return self._hookexec(self.name, self._hookimpls.copy(), kwargs, firstresult)
  File "/Users/jayant.dhingra/Desktop/couchbase-lite-tests/.venv/lib/python3.13/site-packages/pluggy/_manager.py", line 120, in _hookexec
    return self._inner_hookexec(hook_name, methods, kwargs, firstresult)
  File "/Users/jayant.dhingra/Desktop/couchbase-lite-tests/.venv/lib/python3.13/site-packages/pluggy/_callers.py", line 103, in _multicall
    res = hook_impl.function(*args)
  File "/Users/jayant.dhingra/Desktop/couchbase-lite-tests/.venv/lib/python3.13/site-packages/_pytest/python.py", line 166, in pytest_pyfunc_call
    result = testfunction(**testargs)
  File "/Users/jayant.dhingra/Desktop/couchbase-lite-tests/.venv/lib/python3.13/site-packages/pytest_asyncio/plugin.py", line 716, in inner
    runner.run(coro, context=context)
  File "/opt/homebrew/Cellar/python@3.13/3.13.7/Frameworks/Python.framework/Versions/3.13/lib/python3.13/asyncio/runners.py", line 118, in run
    return self._loop.run_until_complete(task)
  File "/opt/homebrew/Cellar/python@3.13/3.13.7/Frameworks/Python.framework/Versions/3.13/lib/python3.13/asyncio/base_events.py", line 712, in run_until_complete
    self.run_forever()
  File "/opt/homebrew/Cellar/python@3.13/3.13.7/Frameworks/Python.framework/Versions/3.13/lib/python3.13/asyncio/base_events.py", line 683, in run_forever
    self._run_once()
  File "/opt/homebrew/Cellar/python@3.13/3.13.7/Frameworks/Python.framework/Versions/3.13/lib/python3.13/asyncio/base_events.py", line 2050, in _run_once
    handle._run()
  File "/opt/homebrew/Cellar/python@3.13/3.13.7/Frameworks/Python.framework/Versions/3.13/lib/python3.13/asyncio/events.py", line 89, in _run
    self._context.run(self._callback, *self._args)
  File "/Users/jayant.dhingra/Desktop/couchbase-lite-tests/tests/dev_e2e/test_fest.py", line 912, in test_update_shared_tasks
    db1, db2 = await self.setup_test_fest_dbs(cblpytest)
  File "/Users/jayant.dhingra/Desktop/couchbase-lite-tests/tests/dev_e2e/test_fest.py", line 47, in setup_test_fest_dbs
    return await cblpytest.test_servers[0].create_and_reset_db(["db1", "db2"], dataset="todo")
  File "/Users/jayant.dhingra/Desktop/couchbase-lite-tests/client/src/cbltest/api/testserver.py", line 92, in create_and_reset_db
    await self.__request_factory.send_request(self.__index, request)
FAILED
tests/dev_e2e/test_fest.py::TestFest::test_unshare_list 2026-08-27 14:23:53,650 [INFO]: 🧹 Couchbase Server and Sync Gateway cleanup started
2026-08-27 14:23:53,652 [DEBUG]: 🧹 SGW <cbltest.api.syncgateway.SyncGateway object at 0x11378b230>: found databases ['todo'], deleting...
2026-08-27 14:23:53,700 [DEBUG]: 🧹 CBS <cbltest.api.couchbaseserver.CouchbaseServer object at 0x11378b620>: found buckets ['todo'], deleting...
2026-08-27 14:23:54,465 [DEBUG]: 🧹 CBS <cbltest.api.couchbaseserver.CouchbaseServer object at 0x11378b620>: waiting for all buckets to be deleted...
2026-08-27 14:23:54,471 [INFO]: 🧹 Couchbase Server and Sync Gateway cleanup finished
2026-08-27 14:23:54,471 [INFO]: Starting test: test_unshare_list
2026-08-27 14:23:54,472 [INFO]: Moving to step 1:
2026-08-27 14:23:54,472 [INFO]: 	Reset SG and load todo dataset
2026-08-27 14:24:27,157 [INFO]: Moving to step 2:
2026-08-27 14:24:27,157 [INFO]: 	Assign roles 'lists.user1.db1-list1.contributor' to the user 'user1'
2026-08-27 14:24:27,169 [INFO]: Moving to step 3:
2026-08-27 14:24:27,169 [INFO]: 	Reset local databases load them with the todo dataset
2026-08-27 14:24:27,171 [DEBUG]: Sending (test_unshare_list) -> 3917af92-025e-4519-be8e-49ffccb813ad v1 POST /reset to http://localhost:5173
2026-08-27 14:24:27,172 [ERROR]: Failed to send (test_unshare_list) -> 3917af92-025e-4519-be8e-49ffccb813ad v1 POST /reset to http://localhost:5173 (Cannot write to closing transport)
Stack (most recent call last):
  File "/Users/jayant.dhingra/Desktop/couchbase-lite-tests/.venv/bin/pytest", line 10, in <module>
    sys.exit(console_main())
  File "/Users/jayant.dhingra/Desktop/couchbase-lite-tests/.venv/lib/python3.13/site-packages/_pytest/config/__init__.py", line 223, in console_main
    code = main()
  File "/Users/jayant.dhingra/Desktop/couchbase-lite-tests/.venv/lib/python3.13/site-packages/_pytest/config/__init__.py", line 199, in main
    ret: ExitCode | int = config.hook.pytest_cmdline_main(config=config)
  File "/Users/jayant.dhingra/Desktop/couchbase-lite-tests/.venv/lib/python3.13/site-packages/pluggy/_hooks.py", line 513, in __call__
    return self._hookexec(self.name, self._hookimpls.copy(), kwargs, firstresult)
  File "/Users/jayant.dhingra/Desktop/couchbase-lite-tests/.venv/lib/python3.13/site-packages/pluggy/_manager.py", line 120, in _hookexec
    return self._inner_hookexec(hook_name, methods, kwargs, firstresult)
  File "/Users/jayant.dhingra/Desktop/couchbase-lite-tests/.venv/lib/python3.13/site-packages/pluggy/_callers.py", line 103, in _multicall
    res = hook_impl.function(*args)
  File "/Users/jayant.dhingra/Desktop/couchbase-lite-tests/.venv/lib/python3.13/site-packages/_pytest/main.py", line 365, in pytest_cmdline_main
    return wrap_session(config, _main)
  File "/Users/jayant.dhingra/Desktop/couchbase-lite-tests/.venv/lib/python3.13/site-packages/_pytest/main.py", line 318, in wrap_session
    session.exitstatus = doit(config, session) or 0
  File "/Users/jayant.dhingra/Desktop/couchbase-lite-tests/.venv/lib/python3.13/site-packages/_pytest/main.py", line 372, in _main
    config.hook.pytest_runtestloop(session=session)
  File "/Users/jayant.dhingra/Desktop/couchbase-lite-tests/.venv/lib/python3.13/site-packages/pluggy/_hooks.py", line 513, in __call__
    return self._hookexec(self.name, self._hookimpls.copy(), kwargs, firstresult)
  File "/Users/jayant.dhingra/Desktop/couchbase-lite-tests/.venv/lib/python3.13/site-packages/pluggy/_manager.py", line 120, in _hookexec
    return self._inner_hookexec(hook_name, methods, kwargs, firstresult)
  File "/Users/jayant.dhingra/Desktop/couchbase-lite-tests/.venv/lib/python3.13/site-packages/pluggy/_callers.py", line 103, in _multicall
    res = hook_impl.function(*args)
  File "/Users/jayant.dhingra/Desktop/couchbase-lite-tests/.venv/lib/python3.13/site-packages/_pytest/main.py", line 396, in pytest_runtestloop
    item.config.hook.pytest_runtest_protocol(item=item, nextitem=nextitem)
  File "/Users/jayant.dhingra/Desktop/couchbase-lite-tests/.venv/lib/python3.13/site-packages/pluggy/_hooks.py", line 513, in __call__
    return self._hookexec(self.name, self._hookimpls.copy(), kwargs, firstresult)
  File "/Users/jayant.dhingra/Desktop/couchbase-lite-tests/.venv/lib/python3.13/site-packages/pluggy/_manager.py", line 120, in _hookexec
    return self._inner_hookexec(hook_name, methods, kwargs, firstresult)
  File "/Users/jayant.dhingra/Desktop/couchbase-lite-tests/.venv/lib/python3.13/site-packages/pluggy/_callers.py", line 103, in _multicall
    res = hook_impl.function(*args)
  File "/Users/jayant.dhingra/Desktop/couchbase-lite-tests/.venv/lib/python3.13/site-packages/_pytest/runner.py", line 118, in pytest_runtest_protocol
    runtestprotocol(item, nextitem=nextitem)
  File "/Users/jayant.dhingra/Desktop/couchbase-lite-tests/.venv/lib/python3.13/site-packages/_pytest/runner.py", line 137, in runtestprotocol
    reports.append(call_and_report(item, "call", log))
  File "/Users/jayant.dhingra/Desktop/couchbase-lite-tests/.venv/lib/python3.13/site-packages/_pytest/runner.py", line 244, in call_and_report
    call = CallInfo.from_call(
  File "/Users/jayant.dhingra/Desktop/couchbase-lite-tests/.venv/lib/python3.13/site-packages/_pytest/runner.py", line 353, in from_call
    result: TResult | None = func()
  File "/Users/jayant.dhingra/Desktop/couchbase-lite-tests/.venv/lib/python3.13/site-packages/_pytest/runner.py", line 245, in <lambda>
    lambda: runtest_hook(item=item, **kwds),
  File "/Users/jayant.dhingra/Desktop/couchbase-lite-tests/.venv/lib/python3.13/site-packages/pluggy/_hooks.py", line 513, in __call__
    return self._hookexec(self.name, self._hookimpls.copy(), kwargs, firstresult)
  File "/Users/jayant.dhingra/Desktop/couchbase-lite-tests/.venv/lib/python3.13/site-packages/pluggy/_manager.py", line 120, in _hookexec
    return self._inner_hookexec(hook_name, methods, kwargs, firstresult)
  File "/Users/jayant.dhingra/Desktop/couchbase-lite-tests/.venv/lib/python3.13/site-packages/pluggy/_callers.py", line 103, in _multicall
    res = hook_impl.function(*args)
  File "/Users/jayant.dhingra/Desktop/couchbase-lite-tests/.venv/lib/python3.13/site-packages/_pytest/runner.py", line 179, in pytest_runtest_call
    item.runtest()
  File "/Users/jayant.dhingra/Desktop/couchbase-lite-tests/.venv/lib/python3.13/site-packages/pytest_asyncio/plugin.py", line 469, in runtest
    super().runtest()
  File "/Users/jayant.dhingra/Desktop/couchbase-lite-tests/.venv/lib/python3.13/site-packages/_pytest/python.py", line 1720, in runtest
    self.ihook.pytest_pyfunc_call(pyfuncitem=self)
  File "/Users/jayant.dhingra/Desktop/couchbase-lite-tests/.venv/lib/python3.13/site-packages/pluggy/_hooks.py", line 513, in __call__
    return self._hookexec(self.name, self._hookimpls.copy(), kwargs, firstresult)
  File "/Users/jayant.dhingra/Desktop/couchbase-lite-tests/.venv/lib/python3.13/site-packages/pluggy/_manager.py", line 120, in _hookexec
    return self._inner_hookexec(hook_name, methods, kwargs, firstresult)
  File "/Users/jayant.dhingra/Desktop/couchbase-lite-tests/.venv/lib/python3.13/site-packages/pluggy/_callers.py", line 103, in _multicall
    res = hook_impl.function(*args)
  File "/Users/jayant.dhingra/Desktop/couchbase-lite-tests/.venv/lib/python3.13/site-packages/_pytest/python.py", line 166, in pytest_pyfunc_call
    result = testfunction(**testargs)
  File "/Users/jayant.dhingra/Desktop/couchbase-lite-tests/.venv/lib/python3.13/site-packages/pytest_asyncio/plugin.py", line 716, in inner
    runner.run(coro, context=context)
  File "/opt/homebrew/Cellar/python@3.13/3.13.7/Frameworks/Python.framework/Versions/3.13/lib/python3.13/asyncio/runners.py", line 118, in run
    return self._loop.run_until_complete(task)
  File "/opt/homebrew/Cellar/python@3.13/3.13.7/Frameworks/Python.framework/Versions/3.13/lib/python3.13/asyncio/base_events.py", line 712, in run_until_complete
    self.run_forever()
  File "/opt/homebrew/Cellar/python@3.13/3.13.7/Frameworks/Python.framework/Versions/3.13/lib/python3.13/asyncio/base_events.py", line 683, in run_forever
    self._run_once()
  File "/opt/homebrew/Cellar/python@3.13/3.13.7/Frameworks/Python.framework/Versions/3.13/lib/python3.13/asyncio/base_events.py", line 2050, in _run_once
    handle._run()
  File "/opt/homebrew/Cellar/python@3.13/3.13.7/Frameworks/Python.framework/Versions/3.13/lib/python3.13/asyncio/events.py", line 89, in _run
    self._context.run(self._callback, *self._args)
  File "/Users/jayant.dhingra/Desktop/couchbase-lite-tests/tests/dev_e2e/test_fest.py", line 1101, in test_unshare_list
    db1, db2 = await self.setup_test_fest_dbs(cblpytest)
  File "/Users/jayant.dhingra/Desktop/couchbase-lite-tests/tests/dev_e2e/test_fest.py", line 47, in setup_test_fest_dbs
    return await cblpytest.test_servers[0].create_and_reset_db(["db1", "db2"], dataset="todo")
  File "/Users/jayant.dhingra/Desktop/couchbase-lite-tests/client/src/cbltest/api/testserver.py", line 92, in create_and_reset_db
    await self.__request_factory.send_request(self.__index, request)
FAILED
tests/dev_e2e/test_query_consistency.py::TestQueryConsistency::test_query_docids 2026-08-27 14:24:27,194 [INFO]: 🧹 Couchbase Server and Sync Gateway cleanup started
2026-08-27 14:24:27,197 [DEBUG]: 🧹 SGW <cbltest.api.syncgateway.SyncGateway object at 0x11378b230>: found databases ['todo'], deleting...
2026-08-27 14:24:27,251 [DEBUG]: 🧹 CBS <cbltest.api.couchbaseserver.CouchbaseServer object at 0x11378b620>: found buckets ['todo'], deleting...
2026-08-27 14:24:27,622 [DEBUG]: 🧹 CBS <cbltest.api.couchbaseserver.CouchbaseServer object at 0x11378b620>: waiting for all buckets to be deleted...
2026-08-27 14:24:27,626 [INFO]: 🧹 Couchbase Server and Sync Gateway cleanup finished
2026-08-27 14:24:27,626 [INFO]: Starting test: test_query_docids
2026-08-27 14:25:14,615 [DEBUG]: Sending (test_query_docids) -> 3917af92-025e-4519-be8e-49ffccb813ad v1 POST /reset to http://localhost:5173
2026-08-27 14:25:14,660 [ERROR]: Failed to send (test_query_docids) -> 3917af92-025e-4519-be8e-49ffccb813ad v1 POST /reset to http://localhost:5173 (Cannot write to closing transport)
Stack (most recent call last):
  File "/Users/jayant.dhingra/Desktop/couchbase-lite-tests/.venv/bin/pytest", line 10, in <module>
    sys.exit(console_main())
  File "/Users/jayant.dhingra/Desktop/couchbase-lite-tests/.venv/lib/python3.13/site-packages/_pytest/config/__init__.py", line 223, in console_main
    code = main()
  File "/Users/jayant.dhingra/Desktop/couchbase-lite-tests/.venv/lib/python3.13/site-packages/_pytest/config/__init__.py", line 199, in main
    ret: ExitCode | int = config.hook.pytest_cmdline_main(config=config)
  File "/Users/jayant.dhingra/Desktop/couchbase-lite-tests/.venv/lib/python3.13/site-packages/pluggy/_hooks.py", line 513, in __call__
    return self._hookexec(self.name, self._hookimpls.copy(), kwargs, firstresult)
  File "/Users/jayant.dhingra/Desktop/couchbase-lite-tests/.venv/lib/python3.13/site-packages/pluggy/_manager.py", line 120, in _hookexec
    return self._inner_hookexec(hook_name, methods, kwargs, firstresult)
  File "/Users/jayant.dhingra/Desktop/couchbase-lite-tests/.venv/lib/python3.13/site-packages/pluggy/_callers.py", line 103, in _multicall
    res = hook_impl.function(*args)
  File "/Users/jayant.dhingra/Desktop/couchbase-lite-tests/.venv/lib/python3.13/site-packages/_pytest/main.py", line 365, in pytest_cmdline_main
    return wrap_session(config, _main)
  File "/Users/jayant.dhingra/Desktop/couchbase-lite-tests/.venv/lib/python3.13/site-packages/_pytest/main.py", line 318, in wrap_session
    session.exitstatus = doit(config, session) or 0
  File "/Users/jayant.dhingra/Desktop/couchbase-lite-tests/.venv/lib/python3.13/site-packages/_pytest/main.py", line 372, in _main
    config.hook.pytest_runtestloop(session=session)
  File "/Users/jayant.dhingra/Desktop/couchbase-lite-tests/.venv/lib/python3.13/site-packages/pluggy/_hooks.py", line 513, in __call__
    return self._hookexec(self.name, self._hookimpls.copy(), kwargs, firstresult)
  File "/Users/jayant.dhingra/Desktop/couchbase-lite-tests/.venv/lib/python3.13/site-packages/pluggy/_manager.py", line 120, in _hookexec
    return self._inner_hookexec(hook_name, methods, kwargs, firstresult)
  File "/Users/jayant.dhingra/Desktop/couchbase-lite-tests/.venv/lib/python3.13/site-packages/pluggy/_callers.py", line 103, in _multicall
    res = hook_impl.function(*args)
  File "/Users/jayant.dhingra/Desktop/couchbase-lite-tests/.venv/lib/python3.13/site-packages/_pytest/main.py", line 396, in pytest_runtestloop
    item.config.hook.pytest_runtest_protocol(item=item, nextitem=nextitem)
  File "/Users/jayant.dhingra/Desktop/couchbase-lite-tests/.venv/lib/python3.13/site-packages/pluggy/_hooks.py", line 513, in __call__
    return self._hookexec(self.name, self._hookimpls.copy(), kwargs, firstresult)
  File "/Users/jayant.dhingra/Desktop/couchbase-lite-tests/.venv/lib/python3.13/site-packages/pluggy/_manager.py", line 120, in _hookexec
    return self._inner_hookexec(hook_name, methods, kwargs, firstresult)
  File "/Users/jayant.dhingra/Desktop/couchbase-lite-tests/.venv/lib/python3.13/site-packages/pluggy/_callers.py", line 103, in _multicall
    res = hook_impl.function(*args)
  File "/Users/jayant.dhingra/Desktop/couchbase-lite-tests/.venv/lib/python3.13/site-packages/_pytest/runner.py", line 118, in pytest_runtest_protocol
    runtestprotocol(item, nextitem=nextitem)
  File "/Users/jayant.dhingra/Desktop/couchbase-lite-tests/.venv/lib/python3.13/site-packages/_pytest/runner.py", line 131, in runtestprotocol
    rep = call_and_report(item, "setup", log)
  File "/Users/jayant.dhingra/Desktop/couchbase-lite-tests/.venv/lib/python3.13/site-packages/_pytest/runner.py", line 244, in call_and_report
    call = CallInfo.from_call(
  File "/Users/jayant.dhingra/Desktop/couchbase-lite-tests/.venv/lib/python3.13/site-packages/_pytest/runner.py", line 353, in from_call
    result: TResult | None = func()
  File "/Users/jayant.dhingra/Desktop/couchbase-lite-tests/.venv/lib/python3.13/site-packages/_pytest/runner.py", line 245, in <lambda>
    lambda: runtest_hook(item=item, **kwds),
  File "/Users/jayant.dhingra/Desktop/couchbase-lite-tests/.venv/lib/python3.13/site-packages/pluggy/_hooks.py", line 513, in __call__
    return self._hookexec(self.name, self._hookimpls.copy(), kwargs, firstresult)
  File "/Users/jayant.dhingra/Desktop/couchbase-lite-tests/.venv/lib/python3.13/site-packages/pluggy/_manager.py", line 120, in _hookexec
    return self._inner_hookexec(hook_name, methods, kwargs, firstresult)
  File "/Users/jayant.dhingra/Desktop/couchbase-lite-tests/.venv/lib/python3.13/site-packages/pluggy/_callers.py", line 103, in _multicall
    res = hook_impl.function(*args)
  File "/Users/jayant.dhingra/Desktop/couchbase-lite-tests/.venv/lib/python3.13/site-packages/_pytest/runner.py", line 165, in pytest_runtest_setup
    item.session._setupstate.setup(item)
  File "/Users/jayant.dhingra/Desktop/couchbase-lite-tests/.venv/lib/python3.13/site-packages/_pytest/runner.py", line 523, in setup
    col.setup()
  File "/Users/jayant.dhingra/Desktop/couchbase-lite-tests/.venv/lib/python3.13/site-packages/pytest_asyncio/plugin.py", line 458, in setup
    return super().setup()
  File "/Users/jayant.dhingra/Desktop/couchbase-lite-tests/.venv/lib/python3.13/site-packages/_pytest/python.py", line 1723, in setup
    self._request._fillfixtures()
  File "/Users/jayant.dhingra/Desktop/couchbase-lite-tests/.venv/lib/python3.13/site-packages/_pytest/fixtures.py", line 707, in _fillfixtures
    item.funcargs[argname] = self.getfixturevalue(argname)
  File "/Users/jayant.dhingra/Desktop/couchbase-lite-tests/.venv/lib/python3.13/site-packages/_pytest/fixtures.py", line 539, in getfixturevalue
    fixturedef = self._get_active_fixturedef(argname)
  File "/Users/jayant.dhingra/Desktop/couchbase-lite-tests/.venv/lib/python3.13/site-packages/_pytest/fixtures.py", line 627, in _get_active_fixturedef
    fixturedef.execute(request=subrequest)
  File "/Users/jayant.dhingra/Desktop/couchbase-lite-tests/.venv/lib/python3.13/site-packages/_pytest/fixtures.py", line 1110, in execute
    result: FixtureValue = ihook.pytest_fixture_setup(
  File "/Users/jayant.dhingra/Desktop/couchbase-lite-tests/.venv/lib/python3.13/site-packages/pluggy/_hooks.py", line 513, in __call__
    return self._hookexec(self.name, self._hookimpls.copy(), kwargs, firstresult)
  File "/Users/jayant.dhingra/Desktop/couchbase-lite-tests/.venv/lib/python3.13/site-packages/pluggy/_manager.py", line 120, in _hookexec
    return self._inner_hookexec(hook_name, methods, kwargs, firstresult)
  File "/Users/jayant.dhingra/Desktop/couchbase-lite-tests/.venv/lib/python3.13/site-packages/pluggy/_callers.py", line 103, in _multicall
    res = hook_impl.function(*args)
  File "/Users/jayant.dhingra/Desktop/couchbase-lite-tests/.venv/lib/python3.13/site-packages/_pytest/fixtures.py", line 1202, in pytest_fixture_setup
    result = call_fixture_func(fixturefunc, request, kwargs)
  File "/Users/jayant.dhingra/Desktop/couchbase-lite-tests/.venv/lib/python3.13/site-packages/_pytest/fixtures.py", line 915, in call_fixture_func
    fixture_result = fixturefunc(**kwargs)
  File "/Users/jayant.dhingra/Desktop/couchbase-lite-tests/.venv/lib/python3.13/site-packages/pytest_asyncio/plugin.py", line 361, in _async_fixture_wrapper
    result = runner.run(setup(), context=context)
  File "/opt/homebrew/Cellar/python@3.13/3.13.7/Frameworks/Python.framework/Versions/3.13/lib/python3.13/asyncio/runners.py", line 118, in run
    return self._loop.run_until_complete(task)
  File "/opt/homebrew/Cellar/python@3.13/3.13.7/Frameworks/Python.framework/Versions/3.13/lib/python3.13/asyncio/base_events.py", line 712, in run_until_complete
    self.run_forever()
  File "/opt/homebrew/Cellar/python@3.13/3.13.7/Frameworks/Python.framework/Versions/3.13/lib/python3.13/asyncio/base_events.py", line 683, in run_forever
    self._run_once()
  File "/opt/homebrew/Cellar/python@3.13/3.13.7/Frameworks/Python.framework/Versions/3.13/lib/python3.13/asyncio/base_events.py", line 2050, in _run_once
    handle._run()
  File "/opt/homebrew/Cellar/python@3.13/3.13.7/Frameworks/Python.framework/Versions/3.13/lib/python3.13/asyncio/events.py", line 89, in _run
    self._context.run(self._callback, *self._args)
  File "/Users/jayant.dhingra/Desktop/couchbase-lite-tests/.venv/lib/python3.13/site-packages/pytest_asyncio/plugin.py", line 357, in setup
    res = await fixture_function(*args, **kwargs)
  File "/Users/jayant.dhingra/Desktop/couchbase-lite-tests/tests/dev_e2e/test_query_consistency.py", line 49, in setup_method_fixture
    dbs = await cblpytest.test_servers[0].create_and_reset_db(["db1"], dataset="travel")
  File "/Users/jayant.dhingra/Desktop/couchbase-lite-tests/client/src/cbltest/api/testserver.py", line 92, in create_and_reset_db
    await self.__request_factory.send_request(self.__index, request)
ERROR2026-08-27 14:25:14,678 [WARNING]: No test steps marked in test_query_docids, did you forget to use self.mark_test_step()?

tests/dev_e2e/test_query_consistency.py::TestQueryConsistency::test_any_operator 2026-08-27 14:25:14,678 [INFO]: Starting test: test_any_operator
ERROR2026-08-27 14:25:14,829 [WARNING]: No test steps marked in test_any_operator, did you forget to use self.mark_test_step()?

tests/dev_e2e/test_query_consistency.py::TestQueryConsistency::test_select_star[airline_10] 2026-08-27 14:25:14,829 [INFO]: Starting test: test_select_star
ERROR2026-08-27 14:25:14,959 [WARNING]: No test steps marked in test_select_star, did you forget to use self.mark_test_step()?

tests/dev_e2e/test_query_consistency.py::TestQueryConsistency::test_select_star[doc_id_does_not_exist] 2026-08-27 14:25:14,959 [INFO]: Starting test: test_select_star
ERROR2026-08-27 14:25:15,100 [WARNING]: No test steps marked in test_select_star, did you forget to use self.mark_test_step()?

tests/dev_e2e/test_query_consistency.py::TestQueryConsistency::test_limit_offset[5-5] 2026-08-27 14:25:15,100 [INFO]: Starting test: test_limit_offset
ERROR2026-08-27 14:25:15,237 [WARNING]: No test steps marked in test_limit_offset, did you forget to use self.mark_test_step()?

tests/dev_e2e/test_query_consistency.py::TestQueryConsistency::test_limit_offset[-5--5] 2026-08-27 14:25:15,237 [INFO]: Starting test: test_limit_offset
ERROR2026-08-27 14:25:15,378 [WARNING]: No test steps marked in test_limit_offset, did you forget to use self.mark_test_step()?

tests/dev_e2e/test_query_consistency.py::TestQueryConsistency::test_query_where_and_or 2026-08-27 14:25:15,378 [INFO]: Starting test: test_query_where_and_or
ERROR2026-08-27 14:25:15,522 [WARNING]: No test steps marked in test_query_where_and_or, did you forget to use self.mark_test_step()?

tests/dev_e2e/test_query_consistency.py::TestQueryConsistency::test_multiple_selects 2026-08-27 14:25:15,523 [INFO]: Starting test: test_multiple_selects
ERROR2026-08-27 14:25:15,661 [WARNING]: No test steps marked in test_multiple_selects, did you forget to use self.mark_test_step()?

tests/dev_e2e/test_query_consistency.py::TestQueryConsistency::test_query_pattern_like[Royal Engineers Museum] 2026-08-27 14:25:15,661 [INFO]: Starting test: test_query_pattern_like
ERROR2026-08-27 14:25:15,795 [WARNING]: No test steps marked in test_query_pattern_like, did you forget to use self.mark_test_step()?

tests/dev_e2e/test_query_consistency.py::TestQueryConsistency::test_query_pattern_like[Royal engineers museum] 2026-08-27 14:25:15,795 [INFO]: Starting test: test_query_pattern_like
ERROR2026-08-27 14:25:15,937 [WARNING]: No test steps marked in test_query_pattern_like, did you forget to use self.mark_test_step()?

tests/dev_e2e/test_query_consistency.py::TestQueryConsistency::test_query_pattern_like[eng%e%] 2026-08-27 14:25:15,937 [INFO]: Starting test: test_query_pattern_like
ERROR2026-08-27 14:25:16,075 [WARNING]: No test steps marked in test_query_pattern_like, did you forget to use self.mark_test_step()?

tests/dev_e2e/test_query_consistency.py::TestQueryConsistency::test_query_pattern_like[Eng%e%] 2026-08-27 14:25:16,075 [INFO]: Starting test: test_query_pattern_like
ERROR2026-08-27 14:25:16,212 [WARNING]: No test steps marked in test_query_pattern_like, did you forget to use self.mark_test_step()?

tests/dev_e2e/test_query_consistency.py::TestQueryConsistency::test_query_pattern_like[%eng____r%] 2026-08-27 14:25:16,213 [INFO]: Starting test: test_query_pattern_like
ERROR2026-08-27 14:25:16,356 [WARNING]: No test steps marked in test_query_pattern_like, did you forget to use self.mark_test_step()?

tests/dev_e2e/test_query_consistency.py::TestQueryConsistency::test_query_pattern_like[%Eng____r%] 2026-08-27 14:25:16,356 [INFO]: Starting test: test_query_pattern_like
ERROR2026-08-27 14:25:16,481 [WARNING]: No test steps marked in test_query_pattern_like, did you forget to use self.mark_test_step()?

tests/dev_e2e/test_query_consistency.py::TestQueryConsistency::test_query_pattern_regex[\\bEng.*e\\b] 2026-08-27 14:25:16,481 [INFO]: Starting test: test_query_pattern_regex
ERROR2026-08-27 14:25:16,612 [WARNING]: No test steps marked in test_query_pattern_regex, did you forget to use self.mark_test_step()?

tests/dev_e2e/test_query_consistency.py::TestQueryConsistency::test_query_pattern_regex[\\beng.*e\\b] 2026-08-27 14:25:16,612 [INFO]: Starting test: test_query_pattern_regex
ERROR2026-08-27 14:25:16,744 [WARNING]: No test steps marked in test_query_pattern_regex, did you forget to use self.mark_test_step()?

tests/dev_e2e/test_query_consistency.py::TestQueryConsistency::test_query_is_not_valued 2026-08-27 14:25:16,744 [INFO]: Starting test: test_query_is_not_valued
ERROR2026-08-27 14:25:16,877 [WARNING]: No test steps marked in test_query_is_not_valued, did you forget to use self.mark_test_step()?

tests/dev_e2e/test_query_consistency.py::TestQueryConsistency::test_query_ordering 2026-08-27 14:25:16,877 [INFO]: Starting test: test_query_ordering
ERROR2026-08-27 14:25:17,008 [WARNING]: No test steps marked in test_query_ordering, did you forget to use self.mark_test_step()?

tests/dev_e2e/test_query_consistency.py::TestQueryConsistency::test_query_substring 2026-08-27 14:25:17,009 [INFO]: Starting test: test_query_substring
ERROR2026-08-27 14:25:17,141 [WARNING]: No test steps marked in test_query_substring, did you forget to use self.mark_test_step()?

tests/dev_e2e/test_query_consistency.py::TestQueryConsistency::test_query_join 2026-08-27 14:25:17,142 [INFO]: Starting test: test_query_join
ERROR2026-08-27 14:25:17,285 [WARNING]: No test steps marked in test_query_join, did you forget to use self.mark_test_step()?

tests/dev_e2e/test_query_consistency.py::TestQueryConsistency::test_query_inner_join 2026-08-27 14:25:17,285 [INFO]: Starting test: test_query_inner_join
ERROR2026-08-27 14:25:17,417 [WARNING]: No test steps marked in test_query_inner_join, did you forget to use self.mark_test_step()?

tests/dev_e2e/test_query_consistency.py::TestQueryConsistency::test_query_left_join[LEFT JOIN] 2026-08-27 14:25:17,417 [INFO]: Starting test: test_query_left_join
ERROR2026-08-27 14:25:17,550 [WARNING]: No test steps marked in test_query_left_join, did you forget to use self.mark_test_step()?

tests/dev_e2e/test_query_consistency.py::TestQueryConsistency::test_query_left_join[LEFT OUTER JOIN] 2026-08-27 14:25:17,551 [INFO]: Starting test: test_query_left_join
ERROR2026-08-27 14:25:17,672 [WARNING]: No test steps marked in test_query_left_join, did you forget to use self.mark_test_step()?

tests/dev_e2e/test_query_consistency.py::TestQueryConsistency::test_equality[=] 2026-08-27 14:25:17,673 [INFO]: Starting test: test_equality
ERROR2026-08-27 14:25:17,807 [WARNING]: No test steps marked in test_equality, did you forget to use self.mark_test_step()?

tests/dev_e2e/test_query_consistency.py::TestQueryConsistency::test_equality[!=] 2026-08-27 14:25:17,807 [INFO]: Starting test: test_equality
ERROR2026-08-27 14:25:17,951 [WARNING]: No test steps marked in test_equality, did you forget to use self.mark_test_step()?

tests/dev_e2e/test_query_consistency.py::TestQueryConsistency::test_comparison[>] 2026-08-27 14:25:17,952 [INFO]: Starting test: test_comparison
ERROR2026-08-27 14:25:18,090 [WARNING]: No test steps marked in test_comparison, did you forget to use self.mark_test_step()?

tests/dev_e2e/test_query_consistency.py::TestQueryConsistency::test_comparison[>=] 2026-08-27 14:25:18,090 [INFO]: Starting test: test_comparison
ERROR2026-08-27 14:25:18,225 [WARNING]: No test steps marked in test_comparison, did you forget to use self.mark_test_step()?

tests/dev_e2e/test_query_consistency.py::TestQueryConsistency::test_comparison[<] 2026-08-27 14:25:18,225 [INFO]: Starting test: test_comparison
ERROR2026-08-27 14:25:18,368 [WARNING]: No test steps marked in test_comparison, did you forget to use self.mark_test_step()?

tests/dev_e2e/test_query_consistency.py::TestQueryConsistency::test_comparison[<=] 2026-08-27 14:25:18,369 [INFO]: Starting test: test_comparison
ERROR2026-08-27 14:25:18,495 [WARNING]: No test steps marked in test_comparison, did you forget to use self.mark_test_step()?

tests/dev_e2e/test_query_consistency.py::TestQueryConsistency::test_in 2026-08-27 14:25:18,495 [INFO]: Starting test: test_in
ERROR2026-08-27 14:25:18,624 [WARNING]: No test steps marked in test_in, did you forget to use self.mark_test_step()?

tests/dev_e2e/test_query_consistency.py::TestQueryConsistency::test_between[BETWEEN] 2026-08-27 14:25:18,624 [INFO]: Starting test: test_between
ERROR2026-08-27 14:25:18,748 [WARNING]: No test steps marked in test_between, did you forget to use self.mark_test_step()?

tests/dev_e2e/test_query_consistency.py::TestQueryConsistency::test_between[NOT BETWEEN] 2026-08-27 14:25:18,749 [INFO]: Starting test: test_between
ERROR2026-08-27 14:25:18,889 [WARNING]: No test steps marked in test_between, did you forget to use self.mark_test_step()?

tests/dev_e2e/test_query_consistency.py::TestQueryConsistency::test_same[IS] 2026-08-27 14:25:18,889 [INFO]: Starting test: test_same
ERROR2026-08-27 14:25:19,028 [WARNING]: No test steps marked in test_same, did you forget to use self.mark_test_step()?

tests/dev_e2e/test_query_consistency.py::TestQueryConsistency::test_same[IS NOT] 2026-08-27 14:25:19,028 [INFO]: Starting test: test_same
ERROR2026-08-27 14:25:19,165 [WARNING]: No test steps marked in test_same, did you forget to use self.mark_test_step()?

tests/dev_e2e/test_replication_auto_purge.py::TestReplicationAutoPurge::test_remove_docs_from_channel_with_auto_purge_enabled 2026-08-27 14:25:19,166 [INFO]: 🧹 Couchbase Server and Sync Gateway cleanup started
2026-08-27 14:25:19,168 [DEBUG]: 🧹 SGW <cbltest.api.syncgateway.SyncGateway object at 0x11378b230>: found databases ['travel'], deleting...
2026-08-27 14:25:19,232 [DEBUG]: 🧹 CBS <cbltest.api.couchbaseserver.CouchbaseServer object at 0x11378b620>: found buckets ['travel'], deleting...
2026-08-27 14:25:20,489 [DEBUG]: 🧹 CBS <cbltest.api.couchbaseserver.CouchbaseServer object at 0x11378b620>: waiting for all buckets to be deleted...
2026-08-27 14:25:20,492 [INFO]: 🧹 Couchbase Server and Sync Gateway cleanup finished
2026-08-27 14:25:20,493 [INFO]: Starting test: test_remove_docs_from_channel_with_auto_purge_enabled
2026-08-27 14:25:20,493 [INFO]: Moving to step 1:
2026-08-27 14:25:20,494 [INFO]: 	Reset SG and load `posts` dataset
2026-08-27 14:25:41,702 [INFO]: Moving to step 2:
2026-08-27 14:25:41,702 [INFO]: 	Reset local database and load `posts` dataset
2026-08-27 14:25:41,703 [DEBUG]: Sending (test_remove_docs_from_channel_with_auto_purge_enabled) -> 3917af92-025e-4519-be8e-49ffccb813ad v1 POST /reset to http://localhost:5173
2026-08-27 14:25:41,705 [ERROR]: Failed to send (test_remove_docs_from_channel_with_auto_purge_enabled) -> 3917af92-025e-4519-be8e-49ffccb813ad v1 POST /reset to http://localhost:5173 (Cannot write to closing transport)
Stack (most recent call last):
  File "/Users/jayant.dhingra/Desktop/couchbase-lite-tests/.venv/bin/pytest", line 10, in <module>
    sys.exit(console_main())
  File "/Users/jayant.dhingra/Desktop/couchbase-lite-tests/.venv/lib/python3.13/site-packages/_pytest/config/__init__.py", line 223, in console_main
    code = main()
  File "/Users/jayant.dhingra/Desktop/couchbase-lite-tests/.venv/lib/python3.13/site-packages/_pytest/config/__init__.py", line 199, in main
    ret: ExitCode | int = config.hook.pytest_cmdline_main(config=config)
  File "/Users/jayant.dhingra/Desktop/couchbase-lite-tests/.venv/lib/python3.13/site-packages/pluggy/_hooks.py", line 513, in __call__
    return self._hookexec(self.name, self._hookimpls.copy(), kwargs, firstresult)
  File "/Users/jayant.dhingra/Desktop/couchbase-lite-tests/.venv/lib/python3.13/site-packages/pluggy/_manager.py", line 120, in _hookexec
    return self._inner_hookexec(hook_name, methods, kwargs, firstresult)
  File "/Users/jayant.dhingra/Desktop/couchbase-lite-tests/.venv/lib/python3.13/site-packages/pluggy/_callers.py", line 103, in _multicall
    res = hook_impl.function(*args)
  File "/Users/jayant.dhingra/Desktop/couchbase-lite-tests/.venv/lib/python3.13/site-packages/_pytest/main.py", line 365, in pytest_cmdline_main
    return wrap_session(config, _main)
  File "/Users/jayant.dhingra/Desktop/couchbase-lite-tests/.venv/lib/python3.13/site-packages/_pytest/main.py", line 318, in wrap_session
    session.exitstatus = doit(config, session) or 0
  File "/Users/jayant.dhingra/Desktop/couchbase-lite-tests/.venv/lib/python3.13/site-packages/_pytest/main.py", line 372, in _main
    config.hook.pytest_runtestloop(session=session)
  File "/Users/jayant.dhingra/Desktop/couchbase-lite-tests/.venv/lib/python3.13/site-packages/pluggy/_hooks.py", line 513, in __call__
    return self._hookexec(self.name, self._hookimpls.copy(), kwargs, firstresult)
  File "/Users/jayant.dhingra/Desktop/couchbase-lite-tests/.venv/lib/python3.13/site-packages/pluggy/_manager.py", line 120, in _hookexec
    return self._inner_hookexec(hook_name, methods, kwargs, firstresult)
  File "/Users/jayant.dhingra/Desktop/couchbase-lite-tests/.venv/lib/python3.13/site-packages/pluggy/_callers.py", line 103, in _multicall
    res = hook_impl.function(*args)
  File "/Users/jayant.dhingra/Desktop/couchbase-lite-tests/.venv/lib/python3.13/site-packages/_pytest/main.py", line 396, in pytest_runtestloop
    item.config.hook.pytest_runtest_protocol(item=item, nextitem=nextitem)
  File "/Users/jayant.dhingra/Desktop/couchbase-lite-tests/.venv/lib/python3.13/site-packages/pluggy/_hooks.py", line 513, in __call__
    return self._hookexec(self.name, self._hookimpls.copy(), kwargs, firstresult)
  File "/Users/jayant.dhingra/Desktop/couchbase-lite-tests/.venv/lib/python3.13/site-packages/pluggy/_manager.py", line 120, in _hookexec
    return self._inner_hookexec(hook_name, methods, kwargs, firstresult)
  File "/Users/jayant.dhingra/Desktop/couchbase-lite-tests/.venv/lib/python3.13/site-packages/pluggy/_callers.py", line 103, in _multicall
    res = hook_impl.function(*args)
  File "/Users/jayant.dhingra/Desktop/couchbase-lite-tests/.venv/lib/python3.13/site-packages/_pytest/runner.py", line 118, in pytest_runtest_protocol
    runtestprotocol(item, nextitem=nextitem)
  File "/Users/jayant.dhingra/Desktop/couchbase-lite-tests/.venv/lib/python3.13/site-packages/_pytest/runner.py", line 137, in runtestprotocol
    reports.append(call_and_report(item, "call", log))
  File "/Users/jayant.dhingra/Desktop/couchbase-lite-tests/.venv/lib/python3.13/site-packages/_pytest/runner.py", line 244, in call_and_report
    call = CallInfo.from_call(
  File "/Users/jayant.dhingra/Desktop/couchbase-lite-tests/.venv/lib/python3.13/site-packages/_pytest/runner.py", line 353, in from_call
    result: TResult | None = func()
  File "/Users/jayant.dhingra/Desktop/couchbase-lite-tests/.venv/lib/python3.13/site-packages/_pytest/runner.py", line 245, in <lambda>
    lambda: runtest_hook(item=item, **kwds),
  File "/Users/jayant.dhingra/Desktop/couchbase-lite-tests/.venv/lib/python3.13/site-packages/pluggy/_hooks.py", line 513, in __call__
    return self._hookexec(self.name, self._hookimpls.copy(), kwargs, firstresult)
  File "/Users/jayant.dhingra/Desktop/couchbase-lite-tests/.venv/lib/python3.13/site-packages/pluggy/_manager.py", line 120, in _hookexec
    return self._inner_hookexec(hook_name, methods, kwargs, firstresult)
  File "/Users/jayant.dhingra/Desktop/couchbase-lite-tests/.venv/lib/python3.13/site-packages/pluggy/_callers.py", line 103, in _multicall
    res = hook_impl.function(*args)
  File "/Users/jayant.dhingra/Desktop/couchbase-lite-tests/.venv/lib/python3.13/site-packages/_pytest/runner.py", line 179, in pytest_runtest_call
    item.runtest()
  File "/Users/jayant.dhingra/Desktop/couchbase-lite-tests/.venv/lib/python3.13/site-packages/pytest_asyncio/plugin.py", line 469, in runtest
    super().runtest()
  File "/Users/jayant.dhingra/Desktop/couchbase-lite-tests/.venv/lib/python3.13/site-packages/_pytest/python.py", line 1720, in runtest
    self.ihook.pytest_pyfunc_call(pyfuncitem=self)
  File "/Users/jayant.dhingra/Desktop/couchbase-lite-tests/.venv/lib/python3.13/site-packages/pluggy/_hooks.py", line 513, in __call__
    return self._hookexec(self.name, self._hookimpls.copy(), kwargs, firstresult)
  File "/Users/jayant.dhingra/Desktop/couchbase-lite-tests/.venv/lib/python3.13/site-packages/pluggy/_manager.py", line 120, in _hookexec
    return self._inner_hookexec(hook_name, methods, kwargs, firstresult)
  File "/Users/jayant.dhingra/Desktop/couchbase-lite-tests/.venv/lib/python3.13/site-packages/pluggy/_callers.py", line 103, in _multicall
    res = hook_impl.function(*args)
  File "/Users/jayant.dhingra/Desktop/couchbase-lite-tests/.venv/lib/python3.13/site-packages/_pytest/python.py", line 166, in pytest_pyfunc_call
    result = testfunction(**testargs)
  File "/Users/jayant.dhingra/Desktop/couchbase-lite-tests/.venv/lib/python3.13/site-packages/pytest_asyncio/plugin.py", line 716, in inner
    runner.run(coro, context=context)
  File "/opt/homebrew/Cellar/python@3.13/3.13.7/Frameworks/Python.framework/Versions/3.13/lib/python3.13/asyncio/runners.py", line 118, in run
    return self._loop.run_until_complete(task)
  File "/opt/homebrew/Cellar/python@3.13/3.13.7/Frameworks/Python.framework/Versions/3.13/lib/python3.13/asyncio/base_events.py", line 712, in run_until_complete
    self.run_forever()
  File "/opt/homebrew/Cellar/python@3.13/3.13.7/Frameworks/Python.framework/Versions/3.13/lib/python3.13/asyncio/base_events.py", line 683, in run_forever
    self._run_once()
  File "/opt/homebrew/Cellar/python@3.13/3.13.7/Frameworks/Python.framework/Versions/3.13/lib/python3.13/asyncio/base_events.py", line 2050, in _run_once
    handle._run()
  File "/opt/homebrew/Cellar/python@3.13/3.13.7/Frameworks/Python.framework/Versions/3.13/lib/python3.13/asyncio/events.py", line 89, in _run
    self._context.run(self._callback, *self._args)
  File "/Users/jayant.dhingra/Desktop/couchbase-lite-tests/tests/dev_e2e/test_replication_auto_purge.py", line 34, in test_remove_docs_from_channel_with_auto_purge_enabled
    dbs = await cblpytest.test_servers[0].create_and_reset_db(["db1"], dataset="posts")
  File "/Users/jayant.dhingra/Desktop/couchbase-lite-tests/client/src/cbltest/api/testserver.py", line 92, in create_and_reset_db
    await self.__request_factory.send_request(self.__index, request)
FAILED
tests/dev_e2e/test_replication_auto_purge.py::TestReplicationAutoPurge::test_revoke_access_with_auto_purge_enabled 2026-08-27 14:25:41,723 [INFO]: 🧹 Couchbase Server and Sync Gateway cleanup started
2026-08-27 14:25:41,726 [DEBUG]: 🧹 SGW <cbltest.api.syncgateway.SyncGateway object at 0x11378b230>: found databases ['posts'], deleting...
2026-08-27 14:25:41,773 [DEBUG]: 🧹 CBS <cbltest.api.couchbaseserver.CouchbaseServer object at 0x11378b620>: found buckets ['posts'], deleting...
2026-08-27 14:25:42,355 [DEBUG]: 🧹 CBS <cbltest.api.couchbaseserver.CouchbaseServer object at 0x11378b620>: waiting for all buckets to be deleted...
2026-08-27 14:25:42,359 [INFO]: 🧹 Couchbase Server and Sync Gateway cleanup finished
2026-08-27 14:25:42,360 [INFO]: Starting test: test_revoke_access_with_auto_purge_enabled
2026-08-27 14:25:42,360 [INFO]: Moving to step 1:
2026-08-27 14:25:42,360 [INFO]: 	Reset SG and load `posts` dataset
2026-08-27 14:26:02,169 [INFO]: Moving to step 2:
2026-08-27 14:26:02,169 [INFO]: 	Reset local database and load `posts` dataset
2026-08-27 14:26:02,170 [DEBUG]: Sending (test_revoke_access_with_auto_purge_enabled) -> 3917af92-025e-4519-be8e-49ffccb813ad v1 POST /reset to http://localhost:5173
2026-08-27 14:26:02,171 [ERROR]: Failed to send (test_revoke_access_with_auto_purge_enabled) -> 3917af92-025e-4519-be8e-49ffccb813ad v1 POST /reset to http://localhost:5173 (Cannot write to closing transport)
Stack (most recent call last):
  File "/Users/jayant.dhingra/Desktop/couchbase-lite-tests/.venv/bin/pytest", line 10, in <module>
    sys.exit(console_main())
  File "/Users/jayant.dhingra/Desktop/couchbase-lite-tests/.venv/lib/python3.13/site-packages/_pytest/config/__init__.py", line 223, in console_main
    code = main()
  File "/Users/jayant.dhingra/Desktop/couchbase-lite-tests/.venv/lib/python3.13/site-packages/_pytest/config/__init__.py", line 199, in main
    ret: ExitCode | int = config.hook.pytest_cmdline_main(config=config)
  File "/Users/jayant.dhingra/Desktop/couchbase-lite-tests/.venv/lib/python3.13/site-packages/pluggy/_hooks.py", line 513, in __call__
    return self._hookexec(self.name, self._hookimpls.copy(), kwargs, firstresult)
  File "/Users/jayant.dhingra/Desktop/couchbase-lite-tests/.venv/lib/python3.13/site-packages/pluggy/_manager.py", line 120, in _hookexec
    return self._inner_hookexec(hook_name, methods, kwargs, firstresult)
  File "/Users/jayant.dhingra/Desktop/couchbase-lite-tests/.venv/lib/python3.13/site-packages/pluggy/_callers.py", line 103, in _multicall
    res = hook_impl.function(*args)
  File "/Users/jayant.dhingra/Desktop/couchbase-lite-tests/.venv/lib/python3.13/site-packages/_pytest/main.py", line 365, in pytest_cmdline_main
    return wrap_session(config, _main)
  File "/Users/jayant.dhingra/Desktop/couchbase-lite-tests/.venv/lib/python3.13/site-packages/_pytest/main.py", line 318, in wrap_session
    session.exitstatus = doit(config, session) or 0
  File "/Users/jayant.dhingra/Desktop/couchbase-lite-tests/.venv/lib/python3.13/site-packages/_pytest/main.py", line 372, in _main
    config.hook.pytest_runtestloop(session=session)
  File "/Users/jayant.dhingra/Desktop/couchbase-lite-tests/.venv/lib/python3.13/site-packages/pluggy/_hooks.py", line 513, in __call__
    return self._hookexec(self.name, self._hookimpls.copy(), kwargs, firstresult)
  File "/Users/jayant.dhingra/Desktop/couchbase-lite-tests/.venv/lib/python3.13/site-packages/pluggy/_manager.py", line 120, in _hookexec
    return self._inner_hookexec(hook_name, methods, kwargs, firstresult)
  File "/Users/jayant.dhingra/Desktop/couchbase-lite-tests/.venv/lib/python3.13/site-packages/pluggy/_callers.py", line 103, in _multicall
    res = hook_impl.function(*args)
  File "/Users/jayant.dhingra/Desktop/couchbase-lite-tests/.venv/lib/python3.13/site-packages/_pytest/main.py", line 396, in pytest_runtestloop
    item.config.hook.pytest_runtest_protocol(item=item, nextitem=nextitem)
  File "/Users/jayant.dhingra/Desktop/couchbase-lite-tests/.venv/lib/python3.13/site-packages/pluggy/_hooks.py", line 513, in __call__
    return self._hookexec(self.name, self._hookimpls.copy(), kwargs, firstresult)
  File "/Users/jayant.dhingra/Desktop/couchbase-lite-tests/.venv/lib/python3.13/site-packages/pluggy/_manager.py", line 120, in _hookexec
    return self._inner_hookexec(hook_name, methods, kwargs, firstresult)
  File "/Users/jayant.dhingra/Desktop/couchbase-lite-tests/.venv/lib/python3.13/site-packages/pluggy/_callers.py", line 103, in _multicall
    res = hook_impl.function(*args)
  File "/Users/jayant.dhingra/Desktop/couchbase-lite-tests/.venv/lib/python3.13/site-packages/_pytest/runner.py", line 118, in pytest_runtest_protocol
    runtestprotocol(item, nextitem=nextitem)
  File "/Users/jayant.dhingra/Desktop/couchbase-lite-tests/.venv/lib/python3.13/site-packages/_pytest/runner.py", line 137, in runtestprotocol
    reports.append(call_and_report(item, "call", log))
  File "/Users/jayant.dhingra/Desktop/couchbase-lite-tests/.venv/lib/python3.13/site-packages/_pytest/runner.py", line 244, in call_and_report
    call = CallInfo.from_call(
  File "/Users/jayant.dhingra/Desktop/couchbase-lite-tests/.venv/lib/python3.13/site-packages/_pytest/runner.py", line 353, in from_call
    result: TResult | None = func()
  File "/Users/jayant.dhingra/Desktop/couchbase-lite-tests/.venv/lib/python3.13/site-packages/_pytest/runner.py", line 245, in <lambda>
    lambda: runtest_hook(item=item, **kwds),
  File "/Users/jayant.dhingra/Desktop/couchbase-lite-tests/.venv/lib/python3.13/site-packages/pluggy/_hooks.py", line 513, in __call__
    return self._hookexec(self.name, self._hookimpls.copy(), kwargs, firstresult)
  File "/Users/jayant.dhingra/Desktop/couchbase-lite-tests/.venv/lib/python3.13/site-packages/pluggy/_manager.py", line 120, in _hookexec
    return self._inner_hookexec(hook_name, methods, kwargs, firstresult)
  File "/Users/jayant.dhingra/Desktop/couchbase-lite-tests/.venv/lib/python3.13/site-packages/pluggy/_callers.py", line 103, in _multicall
    res = hook_impl.function(*args)
  File "/Users/jayant.dhingra/Desktop/couchbase-lite-tests/.venv/lib/python3.13/site-packages/_pytest/runner.py", line 179, in pytest_runtest_call
    item.runtest()
  File "/Users/jayant.dhingra/Desktop/couchbase-lite-tests/.venv/lib/python3.13/site-packages/pytest_asyncio/plugin.py", line 469, in runtest
    super().runtest()
  File "/Users/jayant.dhingra/Desktop/couchbase-lite-tests/.venv/lib/python3.13/site-packages/_pytest/python.py", line 1720, in runtest
    self.ihook.pytest_pyfunc_call(pyfuncitem=self)
  File "/Users/jayant.dhingra/Desktop/couchbase-lite-tests/.venv/lib/python3.13/site-packages/pluggy/_hooks.py", line 513, in __call__
    return self._hookexec(self.name, self._hookimpls.copy(), kwargs, firstresult)
  File "/Users/jayant.dhingra/Desktop/couchbase-lite-tests/.venv/lib/python3.13/site-packages/pluggy/_manager.py", line 120, in _hookexec
    return self._inner_hookexec(hook_name, methods, kwargs, firstresult)
  File "/Users/jayant.dhingra/Desktop/couchbase-lite-tests/.venv/lib/python3.13/site-packages/pluggy/_callers.py", line 103, in _multicall
    res = hook_impl.function(*args)
  File "/Users/jayant.dhingra/Desktop/couchbase-lite-tests/.venv/lib/python3.13/site-packages/_pytest/python.py", line 166, in pytest_pyfunc_call
    result = testfunction(**testargs)
  File "/Users/jayant.dhingra/Desktop/couchbase-lite-tests/.venv/lib/python3.13/site-packages/pytest_asyncio/plugin.py", line 716, in inner
    runner.run(coro, context=context)
  File "/opt/homebrew/Cellar/python@3.13/3.13.7/Frameworks/Python.framework/Versions/3.13/lib/python3.13/asyncio/runners.py", line 118, in run
    return self._loop.run_until_complete(task)
  File "/opt/homebrew/Cellar/python@3.13/3.13.7/Frameworks/Python.framework/Versions/3.13/lib/python3.13/asyncio/base_events.py", line 712, in run_until_complete
    self.run_forever()
  File "/opt/homebrew/Cellar/python@3.13/3.13.7/Frameworks/Python.framework/Versions/3.13/lib/python3.13/asyncio/base_events.py", line 683, in run_forever
    self._run_once()
  File "/opt/homebrew/Cellar/python@3.13/3.13.7/Frameworks/Python.framework/Versions/3.13/lib/python3.13/asyncio/base_events.py", line 2050, in _run_once
    handle._run()
  File "/opt/homebrew/Cellar/python@3.13/3.13.7/Frameworks/Python.framework/Versions/3.13/lib/python3.13/asyncio/events.py", line 89, in _run
    self._context.run(self._callback, *self._args)
  File "/Users/jayant.dhingra/Desktop/couchbase-lite-tests/tests/dev_e2e/test_replication_auto_purge.py", line 143, in test_revoke_access_with_auto_purge_enabled
    dbs = await cblpytest.test_servers[0].create_and_reset_db(["db1"], dataset="posts")
  File "/Users/jayant.dhingra/Desktop/couchbase-lite-tests/client/src/cbltest/api/testserver.py", line 92, in create_and_reset_db
    await self.__request_factory.send_request(self.__index, request)
FAILED
tests/dev_e2e/test_replication_auto_purge.py::TestReplicationAutoPurge::test_remove_docs_from_channel_with_auto_purge_disabled 2026-08-27 14:26:02,209 [INFO]: 🧹 Couchbase Server and Sync Gateway cleanup started
2026-08-27 14:26:02,212 [DEBUG]: 🧹 SGW <cbltest.api.syncgateway.SyncGateway object at 0x11378b230>: found databases ['posts'], deleting...
2026-08-27 14:26:02,263 [DEBUG]: 🧹 CBS <cbltest.api.couchbaseserver.CouchbaseServer object at 0x11378b620>: found buckets ['posts'], deleting...
2026-08-27 14:26:03,206 [DEBUG]: 🧹 CBS <cbltest.api.couchbaseserver.CouchbaseServer object at 0x11378b620>: waiting for all buckets to be deleted...
2026-08-27 14:26:03,209 [INFO]: 🧹 Couchbase Server and Sync Gateway cleanup finished
2026-08-27 14:26:03,210 [INFO]: Starting test: test_remove_docs_from_channel_with_auto_purge_disabled
2026-08-27 14:26:03,210 [INFO]: Moving to step 1:
2026-08-27 14:26:03,210 [INFO]: 	Reset SG and load `posts` dataset
2026-08-27 14:26:22,548 [INFO]: Moving to step 2:
2026-08-27 14:26:22,548 [INFO]: 	Reset local database and load `posts` dataset
2026-08-27 14:26:22,549 [DEBUG]: Sending (test_remove_docs_from_channel_with_auto_purge_disabled) -> 3917af92-025e-4519-be8e-49ffccb813ad v1 POST /reset to http://localhost:5173
2026-08-27 14:26:22,550 [ERROR]: Failed to send (test_remove_docs_from_channel_with_auto_purge_disabled) -> 3917af92-025e-4519-be8e-49ffccb813ad v1 POST /reset to http://localhost:5173 (Cannot write to closing transport)
Stack (most recent call last):
  File "/Users/jayant.dhingra/Desktop/couchbase-lite-tests/.venv/bin/pytest", line 10, in <module>
    sys.exit(console_main())
  File "/Users/jayant.dhingra/Desktop/couchbase-lite-tests/.venv/lib/python3.13/site-packages/_pytest/config/__init__.py", line 223, in console_main
    code = main()
  File "/Users/jayant.dhingra/Desktop/couchbase-lite-tests/.venv/lib/python3.13/site-packages/_pytest/config/__init__.py", line 199, in main
    ret: ExitCode | int = config.hook.pytest_cmdline_main(config=config)
  File "/Users/jayant.dhingra/Desktop/couchbase-lite-tests/.venv/lib/python3.13/site-packages/pluggy/_hooks.py", line 513, in __call__
    return self._hookexec(self.name, self._hookimpls.copy(), kwargs, firstresult)
  File "/Users/jayant.dhingra/Desktop/couchbase-lite-tests/.venv/lib/python3.13/site-packages/pluggy/_manager.py", line 120, in _hookexec
    return self._inner_hookexec(hook_name, methods, kwargs, firstresult)
  File "/Users/jayant.dhingra/Desktop/couchbase-lite-tests/.venv/lib/python3.13/site-packages/pluggy/_callers.py", line 103, in _multicall
    res = hook_impl.function(*args)
  File "/Users/jayant.dhingra/Desktop/couchbase-lite-tests/.venv/lib/python3.13/site-packages/_pytest/main.py", line 365, in pytest_cmdline_main
    return wrap_session(config, _main)
  File "/Users/jayant.dhingra/Desktop/couchbase-lite-tests/.venv/lib/python3.13/site-packages/_pytest/main.py", line 318, in wrap_session
    session.exitstatus = doit(config, session) or 0
  File "/Users/jayant.dhingra/Desktop/couchbase-lite-tests/.venv/lib/python3.13/site-packages/_pytest/main.py", line 372, in _main
    config.hook.pytest_runtestloop(session=session)
  File "/Users/jayant.dhingra/Desktop/couchbase-lite-tests/.venv/lib/python3.13/site-packages/pluggy/_hooks.py", line 513, in __call__
    return self._hookexec(self.name, self._hookimpls.copy(), kwargs, firstresult)
  File "/Users/jayant.dhingra/Desktop/couchbase-lite-tests/.venv/lib/python3.13/site-packages/pluggy/_manager.py", line 120, in _hookexec
    return self._inner_hookexec(hook_name, methods, kwargs, firstresult)
  File "/Users/jayant.dhingra/Desktop/couchbase-lite-tests/.venv/lib/python3.13/site-packages/pluggy/_callers.py", line 103, in _multicall
    res = hook_impl.function(*args)
  File "/Users/jayant.dhingra/Desktop/couchbase-lite-tests/.venv/lib/python3.13/site-packages/_pytest/main.py", line 396, in pytest_runtestloop
    item.config.hook.pytest_runtest_protocol(item=item, nextitem=nextitem)
  File "/Users/jayant.dhingra/Desktop/couchbase-lite-tests/.venv/lib/python3.13/site-packages/pluggy/_hooks.py", line 513, in __call__
    return self._hookexec(self.name, self._hookimpls.copy(), kwargs, firstresult)
  File "/Users/jayant.dhingra/Desktop/couchbase-lite-tests/.venv/lib/python3.13/site-packages/pluggy/_manager.py", line 120, in _hookexec
    return self._inner_hookexec(hook_name, methods, kwargs, firstresult)
  File "/Users/jayant.dhingra/Desktop/couchbase-lite-tests/.venv/lib/python3.13/site-packages/pluggy/_callers.py", line 103, in _multicall
    res = hook_impl.function(*args)
  File "/Users/jayant.dhingra/Desktop/couchbase-lite-tests/.venv/lib/python3.13/site-packages/_pytest/runner.py", line 118, in pytest_runtest_protocol
    runtestprotocol(item, nextitem=nextitem)
  File "/Users/jayant.dhingra/Desktop/couchbase-lite-tests/.venv/lib/python3.13/site-packages/_pytest/runner.py", line 137, in runtestprotocol
    reports.append(call_and_report(item, "call", log))
  File "/Users/jayant.dhingra/Desktop/couchbase-lite-tests/.venv/lib/python3.13/site-packages/_pytest/runner.py", line 244, in call_and_report
    call = CallInfo.from_call(
  File "/Users/jayant.dhingra/Desktop/couchbase-lite-tests/.venv/lib/python3.13/site-packages/_pytest/runner.py", line 353, in from_call
    result: TResult | None = func()
  File "/Users/jayant.dhingra/Desktop/couchbase-lite-tests/.venv/lib/python3.13/site-packages/_pytest/runner.py", line 245, in <lambda>
    lambda: runtest_hook(item=item, **kwds),
  File "/Users/jayant.dhingra/Desktop/couchbase-lite-tests/.venv/lib/python3.13/site-packages/pluggy/_hooks.py", line 513, in __call__
    return self._hookexec(self.name, self._hookimpls.copy(), kwargs, firstresult)
  File "/Users/jayant.dhingra/Desktop/couchbase-lite-tests/.venv/lib/python3.13/site-packages/pluggy/_manager.py", line 120, in _hookexec
    return self._inner_hookexec(hook_name, methods, kwargs, firstresult)
  File "/Users/jayant.dhingra/Desktop/couchbase-lite-tests/.venv/lib/python3.13/site-packages/pluggy/_callers.py", line 103, in _multicall
    res = hook_impl.function(*args)
  File "/Users/jayant.dhingra/Desktop/couchbase-lite-tests/.venv/lib/python3.13/site-packages/_pytest/runner.py", line 179, in pytest_runtest_call
    item.runtest()
  File "/Users/jayant.dhingra/Desktop/couchbase-lite-tests/.venv/lib/python3.13/site-packages/pytest_asyncio/plugin.py", line 469, in runtest
    super().runtest()
  File "/Users/jayant.dhingra/Desktop/couchbase-lite-tests/.venv/lib/python3.13/site-packages/_pytest/python.py", line 1720, in runtest
    self.ihook.pytest_pyfunc_call(pyfuncitem=self)
  File "/Users/jayant.dhingra/Desktop/couchbase-lite-tests/.venv/lib/python3.13/site-packages/pluggy/_hooks.py", line 513, in __call__
    return self._hookexec(self.name, self._hookimpls.copy(), kwargs, firstresult)
  File "/Users/jayant.dhingra/Desktop/couchbase-lite-tests/.venv/lib/python3.13/site-packages/pluggy/_manager.py", line 120, in _hookexec
    return self._inner_hookexec(hook_name, methods, kwargs, firstresult)
  File "/Users/jayant.dhingra/Desktop/couchbase-lite-tests/.venv/lib/python3.13/site-packages/pluggy/_callers.py", line 103, in _multicall
    res = hook_impl.function(*args)
  File "/Users/jayant.dhingra/Desktop/couchbase-lite-tests/.venv/lib/python3.13/site-packages/_pytest/python.py", line 166, in pytest_pyfunc_call
    result = testfunction(**testargs)
  File "/Users/jayant.dhingra/Desktop/couchbase-lite-tests/.venv/lib/python3.13/site-packages/pytest_asyncio/plugin.py", line 716, in inner
    runner.run(coro, context=context)
  File "/opt/homebrew/Cellar/python@3.13/3.13.7/Frameworks/Python.framework/Versions/3.13/lib/python3.13/asyncio/runners.py", line 118, in run
    return self._loop.run_until_complete(task)
  File "/opt/homebrew/Cellar/python@3.13/3.13.7/Frameworks/Python.framework/Versions/3.13/lib/python3.13/asyncio/base_events.py", line 712, in run_until_complete
    self.run_forever()
  File "/opt/homebrew/Cellar/python@3.13/3.13.7/Frameworks/Python.framework/Versions/3.13/lib/python3.13/asyncio/base_events.py", line 683, in run_forever
    self._run_once()
  File "/opt/homebrew/Cellar/python@3.13/3.13.7/Frameworks/Python.framework/Versions/3.13/lib/python3.13/asyncio/base_events.py", line 2050, in _run_once
    handle._run()
  File "/opt/homebrew/Cellar/python@3.13/3.13.7/Frameworks/Python.framework/Versions/3.13/lib/python3.13/asyncio/events.py", line 89, in _run
    self._context.run(self._callback, *self._args)
  File "/Users/jayant.dhingra/Desktop/couchbase-lite-tests/tests/dev_e2e/test_replication_auto_purge.py", line 281, in test_remove_docs_from_channel_with_auto_purge_disabled
    dbs = await cblpytest.test_servers[0].create_and_reset_db(["db1"], dataset="posts")
  File "/Users/jayant.dhingra/Desktop/couchbase-lite-tests/client/src/cbltest/api/testserver.py", line 92, in create_and_reset_db
    await self.__request_factory.send_request(self.__index, request)
FAILED
tests/dev_e2e/test_replication_auto_purge.py::TestReplicationAutoPurge::test_revoke_access_with_auto_purge_disabled 2026-08-27 14:26:22,576 [INFO]: 🧹 Couchbase Server and Sync Gateway cleanup started
2026-08-27 14:26:22,579 [DEBUG]: 🧹 SGW <cbltest.api.syncgateway.SyncGateway object at 0x11378b230>: found databases ['posts'], deleting...
2026-08-27 14:26:22,627 [DEBUG]: 🧹 CBS <cbltest.api.couchbaseserver.CouchbaseServer object at 0x11378b620>: found buckets ['posts'], deleting...
2026-08-27 14:26:23,428 [DEBUG]: 🧹 CBS <cbltest.api.couchbaseserver.CouchbaseServer object at 0x11378b620>: waiting for all buckets to be deleted...
2026-08-27 14:26:23,431 [INFO]: 🧹 Couchbase Server and Sync Gateway cleanup finished
2026-08-27 14:26:23,431 [INFO]: Starting test: test_revoke_access_with_auto_purge_disabled
2026-08-27 14:26:23,431 [INFO]: Moving to step 1:
2026-08-27 14:26:23,431 [INFO]: 	Reset SG and load `posts` dataset
2026-08-27 14:26:42,972 [INFO]: Moving to step 2:
2026-08-27 14:26:42,972 [INFO]: 	Reset local database and load `posts` dataset
2026-08-27 14:26:42,973 [DEBUG]: Sending (test_revoke_access_with_auto_purge_disabled) -> 3917af92-025e-4519-be8e-49ffccb813ad v1 POST /reset to http://localhost:5173
2026-08-27 14:26:42,973 [ERROR]: Failed to send (test_revoke_access_with_auto_purge_disabled) -> 3917af92-025e-4519-be8e-49ffccb813ad v1 POST /reset to http://localhost:5173 (Cannot write to closing transport)
Stack (most recent call last):
  File "/Users/jayant.dhingra/Desktop/couchbase-lite-tests/.venv/bin/pytest", line 10, in <module>
    sys.exit(console_main())
  File "/Users/jayant.dhingra/Desktop/couchbase-lite-tests/.venv/lib/python3.13/site-packages/_pytest/config/__init__.py", line 223, in console_main
    code = main()
  File "/Users/jayant.dhingra/Desktop/couchbase-lite-tests/.venv/lib/python3.13/site-packages/_pytest/config/__init__.py", line 199, in main
    ret: ExitCode | int = config.hook.pytest_cmdline_main(config=config)
  File "/Users/jayant.dhingra/Desktop/couchbase-lite-tests/.venv/lib/python3.13/site-packages/pluggy/_hooks.py", line 513, in __call__
    return self._hookexec(self.name, self._hookimpls.copy(), kwargs, firstresult)
  File "/Users/jayant.dhingra/Desktop/couchbase-lite-tests/.venv/lib/python3.13/site-packages/pluggy/_manager.py", line 120, in _hookexec
    return self._inner_hookexec(hook_name, methods, kwargs, firstresult)
  File "/Users/jayant.dhingra/Desktop/couchbase-lite-tests/.venv/lib/python3.13/site-packages/pluggy/_callers.py", line 103, in _multicall
    res = hook_impl.function(*args)
  File "/Users/jayant.dhingra/Desktop/couchbase-lite-tests/.venv/lib/python3.13/site-packages/_pytest/main.py", line 365, in pytest_cmdline_main
    return wrap_session(config, _main)
  File "/Users/jayant.dhingra/Desktop/couchbase-lite-tests/.venv/lib/python3.13/site-packages/_pytest/main.py", line 318, in wrap_session
    session.exitstatus = doit(config, session) or 0
  File "/Users/jayant.dhingra/Desktop/couchbase-lite-tests/.venv/lib/python3.13/site-packages/_pytest/main.py", line 372, in _main
    config.hook.pytest_runtestloop(session=session)
  File "/Users/jayant.dhingra/Desktop/couchbase-lite-tests/.venv/lib/python3.13/site-packages/pluggy/_hooks.py", line 513, in __call__
    return self._hookexec(self.name, self._hookimpls.copy(), kwargs, firstresult)
  File "/Users/jayant.dhingra/Desktop/couchbase-lite-tests/.venv/lib/python3.13/site-packages/pluggy/_manager.py", line 120, in _hookexec
    return self._inner_hookexec(hook_name, methods, kwargs, firstresult)
  File "/Users/jayant.dhingra/Desktop/couchbase-lite-tests/.venv/lib/python3.13/site-packages/pluggy/_callers.py", line 103, in _multicall
    res = hook_impl.function(*args)
  File "/Users/jayant.dhingra/Desktop/couchbase-lite-tests/.venv/lib/python3.13/site-packages/_pytest/main.py", line 396, in pytest_runtestloop
    item.config.hook.pytest_runtest_protocol(item=item, nextitem=nextitem)
  File "/Users/jayant.dhingra/Desktop/couchbase-lite-tests/.venv/lib/python3.13/site-packages/pluggy/_hooks.py", line 513, in __call__
    return self._hookexec(self.name, self._hookimpls.copy(), kwargs, firstresult)
  File "/Users/jayant.dhingra/Desktop/couchbase-lite-tests/.venv/lib/python3.13/site-packages/pluggy/_manager.py", line 120, in _hookexec
    return self._inner_hookexec(hook_name, methods, kwargs, firstresult)
  File "/Users/jayant.dhingra/Desktop/couchbase-lite-tests/.venv/lib/python3.13/site-packages/pluggy/_callers.py", line 103, in _multicall
    res = hook_impl.function(*args)
  File "/Users/jayant.dhingra/Desktop/couchbase-lite-tests/.venv/lib/python3.13/site-packages/_pytest/runner.py", line 118, in pytest_runtest_protocol
    runtestprotocol(item, nextitem=nextitem)
  File "/Users/jayant.dhingra/Desktop/couchbase-lite-tests/.venv/lib/python3.13/site-packages/_pytest/runner.py", line 137, in runtestprotocol
    reports.append(call_and_report(item, "call", log))
  File "/Users/jayant.dhingra/Desktop/couchbase-lite-tests/.venv/lib/python3.13/site-packages/_pytest/runner.py", line 244, in call_and_report
    call = CallInfo.from_call(
  File "/Users/jayant.dhingra/Desktop/couchbase-lite-tests/.venv/lib/python3.13/site-packages/_pytest/runner.py", line 353, in from_call
    result: TResult | None = func()
  File "/Users/jayant.dhingra/Desktop/couchbase-lite-tests/.venv/lib/python3.13/site-packages/_pytest/runner.py", line 245, in <lambda>
    lambda: runtest_hook(item=item, **kwds),
  File "/Users/jayant.dhingra/Desktop/couchbase-lite-tests/.venv/lib/python3.13/site-packages/pluggy/_hooks.py", line 513, in __call__
    return self._hookexec(self.name, self._hookimpls.copy(), kwargs, firstresult)
  File "/Users/jayant.dhingra/Desktop/couchbase-lite-tests/.venv/lib/python3.13/site-packages/pluggy/_manager.py", line 120, in _hookexec
    return self._inner_hookexec(hook_name, methods, kwargs, firstresult)
  File "/Users/jayant.dhingra/Desktop/couchbase-lite-tests/.venv/lib/python3.13/site-packages/pluggy/_callers.py", line 103, in _multicall
    res = hook_impl.function(*args)
  File "/Users/jayant.dhingra/Desktop/couchbase-lite-tests/.venv/lib/python3.13/site-packages/_pytest/runner.py", line 179, in pytest_runtest_call
    item.runtest()
  File "/Users/jayant.dhingra/Desktop/couchbase-lite-tests/.venv/lib/python3.13/site-packages/pytest_asyncio/plugin.py", line 469, in runtest
    super().runtest()
  File "/Users/jayant.dhingra/Desktop/couchbase-lite-tests/.venv/lib/python3.13/site-packages/_pytest/python.py", line 1720, in runtest
    self.ihook.pytest_pyfunc_call(pyfuncitem=self)
  File "/Users/jayant.dhingra/Desktop/couchbase-lite-tests/.venv/lib/python3.13/site-packages/pluggy/_hooks.py", line 513, in __call__
    return self._hookexec(self.name, self._hookimpls.copy(), kwargs, firstresult)
  File "/Users/jayant.dhingra/Desktop/couchbase-lite-tests/.venv/lib/python3.13/site-packages/pluggy/_manager.py", line 120, in _hookexec
    return self._inner_hookexec(hook_name, methods, kwargs, firstresult)
  File "/Users/jayant.dhingra/Desktop/couchbase-lite-tests/.venv/lib/python3.13/site-packages/pluggy/_callers.py", line 103, in _multicall
    res = hook_impl.function(*args)
  File "/Users/jayant.dhingra/Desktop/couchbase-lite-tests/.venv/lib/python3.13/site-packages/_pytest/python.py", line 166, in pytest_pyfunc_call
    result = testfunction(**testargs)
  File "/Users/jayant.dhingra/Desktop/couchbase-lite-tests/.venv/lib/python3.13/site-packages/pytest_asyncio/plugin.py", line 716, in inner
    runner.run(coro, context=context)
  File "/opt/homebrew/Cellar/python@3.13/3.13.7/Frameworks/Python.framework/Versions/3.13/lib/python3.13/asyncio/runners.py", line 118, in run
    return self._loop.run_until_complete(task)
  File "/opt/homebrew/Cellar/python@3.13/3.13.7/Frameworks/Python.framework/Versions/3.13/lib/python3.13/asyncio/base_events.py", line 712, in run_until_complete
    self.run_forever()
  File "/opt/homebrew/Cellar/python@3.13/3.13.7/Frameworks/Python.framework/Versions/3.13/lib/python3.13/asyncio/base_events.py", line 683, in run_forever
    self._run_once()
  File "/opt/homebrew/Cellar/python@3.13/3.13.7/Frameworks/Python.framework/Versions/3.13/lib/python3.13/asyncio/base_events.py", line 2050, in _run_once
    handle._run()
  File "/opt/homebrew/Cellar/python@3.13/3.13.7/Frameworks/Python.framework/Versions/3.13/lib/python3.13/asyncio/events.py", line 89, in _run
    self._context.run(self._callback, *self._args)
  File "/Users/jayant.dhingra/Desktop/couchbase-lite-tests/tests/dev_e2e/test_replication_auto_purge.py", line 425, in test_revoke_access_with_auto_purge_disabled
    dbs = await cblpytest.test_servers[0].create_and_reset_db(["db1"], dataset="posts")
  File "/Users/jayant.dhingra/Desktop/couchbase-lite-tests/client/src/cbltest/api/testserver.py", line 92, in create_and_reset_db
    await self.__request_factory.send_request(self.__index, request)
FAILED
tests/dev_e2e/test_replication_auto_purge.py::TestReplicationAutoPurge::test_filter_removed_access_documents 2026-08-27 14:26:42,990 [INFO]: 🧹 Couchbase Server and Sync Gateway cleanup started
2026-08-27 14:26:42,993 [DEBUG]: 🧹 SGW <cbltest.api.syncgateway.SyncGateway object at 0x11378b230>: found databases ['posts'], deleting...
2026-08-27 14:26:43,041 [DEBUG]: 🧹 CBS <cbltest.api.couchbaseserver.CouchbaseServer object at 0x11378b620>: found buckets ['posts'], deleting...
2026-08-27 14:26:44,332 [DEBUG]: 🧹 CBS <cbltest.api.couchbaseserver.CouchbaseServer object at 0x11378b620>: waiting for all buckets to be deleted...
2026-08-27 14:26:44,335 [INFO]: 🧹 Couchbase Server and Sync Gateway cleanup finished
2026-08-27 14:26:44,336 [INFO]: Starting test: test_filter_removed_access_documents
2026-08-27 14:26:44,336 [INFO]: Moving to step 1:
2026-08-27 14:26:44,336 [INFO]: 	Reset SG and load `posts` dataset
2026-08-27 14:27:03,308 [INFO]: Moving to step 2:
2026-08-27 14:27:03,308 [INFO]: 	Reset local database and load `posts` dataset
2026-08-27 14:27:03,308 [DEBUG]: Sending (test_filter_removed_access_documents) -> 3917af92-025e-4519-be8e-49ffccb813ad v1 POST /reset to http://localhost:5173
2026-08-27 14:27:03,309 [ERROR]: Failed to send (test_filter_removed_access_documents) -> 3917af92-025e-4519-be8e-49ffccb813ad v1 POST /reset to http://localhost:5173 (Cannot write to closing transport)
Stack (most recent call last):
  File "/Users/jayant.dhingra/Desktop/couchbase-lite-tests/.venv/bin/pytest", line 10, in <module>
    sys.exit(console_main())
  File "/Users/jayant.dhingra/Desktop/couchbase-lite-tests/.venv/lib/python3.13/site-packages/_pytest/config/__init__.py", line 223, in console_main
    code = main()
  File "/Users/jayant.dhingra/Desktop/couchbase-lite-tests/.venv/lib/python3.13/site-packages/_pytest/config/__init__.py", line 199, in main
    ret: ExitCode | int = config.hook.pytest_cmdline_main(config=config)
  File "/Users/jayant.dhingra/Desktop/couchbase-lite-tests/.venv/lib/python3.13/site-packages/pluggy/_hooks.py", line 513, in __call__
    return self._hookexec(self.name, self._hookimpls.copy(), kwargs, firstresult)
  File "/Users/jayant.dhingra/Desktop/couchbase-lite-tests/.venv/lib/python3.13/site-packages/pluggy/_manager.py", line 120, in _hookexec
    return self._inner_hookexec(hook_name, methods, kwargs, firstresult)
  File "/Users/jayant.dhingra/Desktop/couchbase-lite-tests/.venv/lib/python3.13/site-packages/pluggy/_callers.py", line 103, in _multicall
    res = hook_impl.function(*args)
  File "/Users/jayant.dhingra/Desktop/couchbase-lite-tests/.venv/lib/python3.13/site-packages/_pytest/main.py", line 365, in pytest_cmdline_main
    return wrap_session(config, _main)
  File "/Users/jayant.dhingra/Desktop/couchbase-lite-tests/.venv/lib/python3.13/site-packages/_pytest/main.py", line 318, in wrap_session
    session.exitstatus = doit(config, session) or 0
  File "/Users/jayant.dhingra/Desktop/couchbase-lite-tests/.venv/lib/python3.13/site-packages/_pytest/main.py", line 372, in _main
    config.hook.pytest_runtestloop(session=session)
  File "/Users/jayant.dhingra/Desktop/couchbase-lite-tests/.venv/lib/python3.13/site-packages/pluggy/_hooks.py", line 513, in __call__
    return self._hookexec(self.name, self._hookimpls.copy(), kwargs, firstresult)
  File "/Users/jayant.dhingra/Desktop/couchbase-lite-tests/.venv/lib/python3.13/site-packages/pluggy/_manager.py", line 120, in _hookexec
    return self._inner_hookexec(hook_name, methods, kwargs, firstresult)
  File "/Users/jayant.dhingra/Desktop/couchbase-lite-tests/.venv/lib/python3.13/site-packages/pluggy/_callers.py", line 103, in _multicall
    res = hook_impl.function(*args)
  File "/Users/jayant.dhingra/Desktop/couchbase-lite-tests/.venv/lib/python3.13/site-packages/_pytest/main.py", line 396, in pytest_runtestloop
    item.config.hook.pytest_runtest_protocol(item=item, nextitem=nextitem)
  File "/Users/jayant.dhingra/Desktop/couchbase-lite-tests/.venv/lib/python3.13/site-packages/pluggy/_hooks.py", line 513, in __call__
    return self._hookexec(self.name, self._hookimpls.copy(), kwargs, firstresult)
  File "/Users/jayant.dhingra/Desktop/couchbase-lite-tests/.venv/lib/python3.13/site-packages/pluggy/_manager.py", line 120, in _hookexec
    return self._inner_hookexec(hook_name, methods, kwargs, firstresult)
  File "/Users/jayant.dhingra/Desktop/couchbase-lite-tests/.venv/lib/python3.13/site-packages/pluggy/_callers.py", line 103, in _multicall
    res = hook_impl.function(*args)
  File "/Users/jayant.dhingra/Desktop/couchbase-lite-tests/.venv/lib/python3.13/site-packages/_pytest/runner.py", line 118, in pytest_runtest_protocol
    runtestprotocol(item, nextitem=nextitem)
  File "/Users/jayant.dhingra/Desktop/couchbase-lite-tests/.venv/lib/python3.13/site-packages/_pytest/runner.py", line 137, in runtestprotocol
    reports.append(call_and_report(item, "call", log))
  File "/Users/jayant.dhingra/Desktop/couchbase-lite-tests/.venv/lib/python3.13/site-packages/_pytest/runner.py", line 244, in call_and_report
    call = CallInfo.from_call(
  File "/Users/jayant.dhingra/Desktop/couchbase-lite-tests/.venv/lib/python3.13/site-packages/_pytest/runner.py", line 353, in from_call
    result: TResult | None = func()
  File "/Users/jayant.dhingra/Desktop/couchbase-lite-tests/.venv/lib/python3.13/site-packages/_pytest/runner.py", line 245, in <lambda>
    lambda: runtest_hook(item=item, **kwds),
  File "/Users/jayant.dhingra/Desktop/couchbase-lite-tests/.venv/lib/python3.13/site-packages/pluggy/_hooks.py", line 513, in __call__
    return self._hookexec(self.name, self._hookimpls.copy(), kwargs, firstresult)
  File "/Users/jayant.dhingra/Desktop/couchbase-lite-tests/.venv/lib/python3.13/site-packages/pluggy/_manager.py", line 120, in _hookexec
    return self._inner_hookexec(hook_name, methods, kwargs, firstresult)
  File "/Users/jayant.dhingra/Desktop/couchbase-lite-tests/.venv/lib/python3.13/site-packages/pluggy/_callers.py", line 103, in _multicall
    res = hook_impl.function(*args)
  File "/Users/jayant.dhingra/Desktop/couchbase-lite-tests/.venv/lib/python3.13/site-packages/_pytest/runner.py", line 179, in pytest_runtest_call
    item.runtest()
  File "/Users/jayant.dhingra/Desktop/couchbase-lite-tests/.venv/lib/python3.13/site-packages/pytest_asyncio/plugin.py", line 469, in runtest
    super().runtest()
  File "/Users/jayant.dhingra/Desktop/couchbase-lite-tests/.venv/lib/python3.13/site-packages/_pytest/python.py", line 1720, in runtest
    self.ihook.pytest_pyfunc_call(pyfuncitem=self)
  File "/Users/jayant.dhingra/Desktop/couchbase-lite-tests/.venv/lib/python3.13/site-packages/pluggy/_hooks.py", line 513, in __call__
    return self._hookexec(self.name, self._hookimpls.copy(), kwargs, firstresult)
  File "/Users/jayant.dhingra/Desktop/couchbase-lite-tests/.venv/lib/python3.13/site-packages/pluggy/_manager.py", line 120, in _hookexec
    return self._inner_hookexec(hook_name, methods, kwargs, firstresult)
  File "/Users/jayant.dhingra/Desktop/couchbase-lite-tests/.venv/lib/python3.13/site-packages/pluggy/_callers.py", line 103, in _multicall
    res = hook_impl.function(*args)
  File "/Users/jayant.dhingra/Desktop/couchbase-lite-tests/.venv/lib/python3.13/site-packages/_pytest/python.py", line 166, in pytest_pyfunc_call
    result = testfunction(**testargs)
  File "/Users/jayant.dhingra/Desktop/couchbase-lite-tests/.venv/lib/python3.13/site-packages/pytest_asyncio/plugin.py", line 716, in inner
    runner.run(coro, context=context)
  File "/opt/homebrew/Cellar/python@3.13/3.13.7/Frameworks/Python.framework/Versions/3.13/lib/python3.13/asyncio/runners.py", line 118, in run
    return self._loop.run_until_complete(task)
  File "/opt/homebrew/Cellar/python@3.13/3.13.7/Frameworks/Python.framework/Versions/3.13/lib/python3.13/asyncio/base_events.py", line 712, in run_until_complete
    self.run_forever()
  File "/opt/homebrew/Cellar/python@3.13/3.13.7/Frameworks/Python.framework/Versions/3.13/lib/python3.13/asyncio/base_events.py", line 683, in run_forever
    self._run_once()
  File "/opt/homebrew/Cellar/python@3.13/3.13.7/Frameworks/Python.framework/Versions/3.13/lib/python3.13/asyncio/base_events.py", line 2050, in _run_once
    handle._run()
  File "/opt/homebrew/Cellar/python@3.13/3.13.7/Frameworks/Python.framework/Versions/3.13/lib/python3.13/asyncio/events.py", line 89, in _run
    self._context.run(self._callback, *self._args)
  File "/Users/jayant.dhingra/Desktop/couchbase-lite-tests/tests/dev_e2e/test_replication_auto_purge.py", line 537, in test_filter_removed_access_documents
    dbs = await cblpytest.test_servers[0].create_and_reset_db(["db1"], dataset="posts")
  File "/Users/jayant.dhingra/Desktop/couchbase-lite-tests/client/src/cbltest/api/testserver.py", line 92, in create_and_reset_db
    await self.__request_factory.send_request(self.__index, request)
FAILED
tests/dev_e2e/test_replication_auto_purge.py::TestReplicationAutoPurge::test_remove_user_from_role[True] 2026-08-27 14:27:03,329 [INFO]: 🧹 Couchbase Server and Sync Gateway cleanup started
2026-08-27 14:27:03,331 [DEBUG]: 🧹 SGW <cbltest.api.syncgateway.SyncGateway object at 0x11378b230>: found databases ['posts'], deleting...
2026-08-27 14:27:03,382 [DEBUG]: 🧹 CBS <cbltest.api.couchbaseserver.CouchbaseServer object at 0x11378b620>: found buckets ['posts'], deleting...
2026-08-27 14:27:04,182 [DEBUG]: 🧹 CBS <cbltest.api.couchbaseserver.CouchbaseServer object at 0x11378b620>: waiting for all buckets to be deleted...
2026-08-27 14:27:04,186 [INFO]: 🧹 Couchbase Server and Sync Gateway cleanup finished
2026-08-27 14:27:04,186 [INFO]: Starting test: test_remove_user_from_role
2026-08-27 14:27:04,187 [INFO]: Moving to step 1:
2026-08-27 14:27:04,187 [INFO]: 	Reset SG and load `posts` dataset
2026-08-27 14:27:23,631 [INFO]: Moving to step 2:
2026-08-27 14:27:23,631 [INFO]: 	Reset local database and load `posts` dataset
2026-08-27 14:27:23,631 [DEBUG]: Sending (test_remove_user_from_role) -> 3917af92-025e-4519-be8e-49ffccb813ad v1 POST /reset to http://localhost:5173
2026-08-27 14:27:23,631 [ERROR]: Failed to send (test_remove_user_from_role) -> 3917af92-025e-4519-be8e-49ffccb813ad v1 POST /reset to http://localhost:5173 (Cannot write to closing transport)
Stack (most recent call last):
  File "/Users/jayant.dhingra/Desktop/couchbase-lite-tests/.venv/bin/pytest", line 10, in <module>
    sys.exit(console_main())
  File "/Users/jayant.dhingra/Desktop/couchbase-lite-tests/.venv/lib/python3.13/site-packages/_pytest/config/__init__.py", line 223, in console_main
    code = main()
  File "/Users/jayant.dhingra/Desktop/couchbase-lite-tests/.venv/lib/python3.13/site-packages/_pytest/config/__init__.py", line 199, in main
    ret: ExitCode | int = config.hook.pytest_cmdline_main(config=config)
  File "/Users/jayant.dhingra/Desktop/couchbase-lite-tests/.venv/lib/python3.13/site-packages/pluggy/_hooks.py", line 513, in __call__
    return self._hookexec(self.name, self._hookimpls.copy(), kwargs, firstresult)
  File "/Users/jayant.dhingra/Desktop/couchbase-lite-tests/.venv/lib/python3.13/site-packages/pluggy/_manager.py", line 120, in _hookexec
    return self._inner_hookexec(hook_name, methods, kwargs, firstresult)
  File "/Users/jayant.dhingra/Desktop/couchbase-lite-tests/.venv/lib/python3.13/site-packages/pluggy/_callers.py", line 103, in _multicall
    res = hook_impl.function(*args)
  File "/Users/jayant.dhingra/Desktop/couchbase-lite-tests/.venv/lib/python3.13/site-packages/_pytest/main.py", line 365, in pytest_cmdline_main
    return wrap_session(config, _main)
  File "/Users/jayant.dhingra/Desktop/couchbase-lite-tests/.venv/lib/python3.13/site-packages/_pytest/main.py", line 318, in wrap_session
    session.exitstatus = doit(config, session) or 0
  File "/Users/jayant.dhingra/Desktop/couchbase-lite-tests/.venv/lib/python3.13/site-packages/_pytest/main.py", line 372, in _main
    config.hook.pytest_runtestloop(session=session)
  File "/Users/jayant.dhingra/Desktop/couchbase-lite-tests/.venv/lib/python3.13/site-packages/pluggy/_hooks.py", line 513, in __call__
    return self._hookexec(self.name, self._hookimpls.copy(), kwargs, firstresult)
  File "/Users/jayant.dhingra/Desktop/couchbase-lite-tests/.venv/lib/python3.13/site-packages/pluggy/_manager.py", line 120, in _hookexec
    return self._inner_hookexec(hook_name, methods, kwargs, firstresult)
  File "/Users/jayant.dhingra/Desktop/couchbase-lite-tests/.venv/lib/python3.13/site-packages/pluggy/_callers.py", line 103, in _multicall
    res = hook_impl.function(*args)
  File "/Users/jayant.dhingra/Desktop/couchbase-lite-tests/.venv/lib/python3.13/site-packages/_pytest/main.py", line 396, in pytest_runtestloop
    item.config.hook.pytest_runtest_protocol(item=item, nextitem=nextitem)
  File "/Users/jayant.dhingra/Desktop/couchbase-lite-tests/.venv/lib/python3.13/site-packages/pluggy/_hooks.py", line 513, in __call__
    return self._hookexec(self.name, self._hookimpls.copy(), kwargs, firstresult)
  File "/Users/jayant.dhingra/Desktop/couchbase-lite-tests/.venv/lib/python3.13/site-packages/pluggy/_manager.py", line 120, in _hookexec
    return self._inner_hookexec(hook_name, methods, kwargs, firstresult)
  File "/Users/jayant.dhingra/Desktop/couchbase-lite-tests/.venv/lib/python3.13/site-packages/pluggy/_callers.py", line 103, in _multicall
    res = hook_impl.function(*args)
  File "/Users/jayant.dhingra/Desktop/couchbase-lite-tests/.venv/lib/python3.13/site-packages/_pytest/runner.py", line 118, in pytest_runtest_protocol
    runtestprotocol(item, nextitem=nextitem)
  File "/Users/jayant.dhingra/Desktop/couchbase-lite-tests/.venv/lib/python3.13/site-packages/_pytest/runner.py", line 137, in runtestprotocol
    reports.append(call_and_report(item, "call", log))
  File "/Users/jayant.dhingra/Desktop/couchbase-lite-tests/.venv/lib/python3.13/site-packages/_pytest/runner.py", line 244, in call_and_report
    call = CallInfo.from_call(
  File "/Users/jayant.dhingra/Desktop/couchbase-lite-tests/.venv/lib/python3.13/site-packages/_pytest/runner.py", line 353, in from_call
    result: TResult | None = func()
  File "/Users/jayant.dhingra/Desktop/couchbase-lite-tests/.venv/lib/python3.13/site-packages/_pytest/runner.py", line 245, in <lambda>
    lambda: runtest_hook(item=item, **kwds),
  File "/Users/jayant.dhingra/Desktop/couchbase-lite-tests/.venv/lib/python3.13/site-packages/pluggy/_hooks.py", line 513, in __call__
    return self._hookexec(self.name, self._hookimpls.copy(), kwargs, firstresult)
  File "/Users/jayant.dhingra/Desktop/couchbase-lite-tests/.venv/lib/python3.13/site-packages/pluggy/_manager.py", line 120, in _hookexec
    return self._inner_hookexec(hook_name, methods, kwargs, firstresult)
  File "/Users/jayant.dhingra/Desktop/couchbase-lite-tests/.venv/lib/python3.13/site-packages/pluggy/_callers.py", line 103, in _multicall
    res = hook_impl.function(*args)
  File "/Users/jayant.dhingra/Desktop/couchbase-lite-tests/.venv/lib/python3.13/site-packages/_pytest/runner.py", line 179, in pytest_runtest_call
    item.runtest()
  File "/Users/jayant.dhingra/Desktop/couchbase-lite-tests/.venv/lib/python3.13/site-packages/pytest_asyncio/plugin.py", line 469, in runtest
    super().runtest()
  File "/Users/jayant.dhingra/Desktop/couchbase-lite-tests/.venv/lib/python3.13/site-packages/_pytest/python.py", line 1720, in runtest
    self.ihook.pytest_pyfunc_call(pyfuncitem=self)
  File "/Users/jayant.dhingra/Desktop/couchbase-lite-tests/.venv/lib/python3.13/site-packages/pluggy/_hooks.py", line 513, in __call__
    return self._hookexec(self.name, self._hookimpls.copy(), kwargs, firstresult)
  File "/Users/jayant.dhingra/Desktop/couchbase-lite-tests/.venv/lib/python3.13/site-packages/pluggy/_manager.py", line 120, in _hookexec
    return self._inner_hookexec(hook_name, methods, kwargs, firstresult)
  File "/Users/jayant.dhingra/Desktop/couchbase-lite-tests/.venv/lib/python3.13/site-packages/pluggy/_callers.py", line 103, in _multicall
    res = hook_impl.function(*args)
  File "/Users/jayant.dhingra/Desktop/couchbase-lite-tests/.venv/lib/python3.13/site-packages/_pytest/python.py", line 166, in pytest_pyfunc_call
    result = testfunction(**testargs)
  File "/Users/jayant.dhingra/Desktop/couchbase-lite-tests/.venv/lib/python3.13/site-packages/pytest_asyncio/plugin.py", line 716, in inner
    runner.run(coro, context=context)
  File "/opt/homebrew/Cellar/python@3.13/3.13.7/Frameworks/Python.framework/Versions/3.13/lib/python3.13/asyncio/runners.py", line 118, in run
    return self._loop.run_until_complete(task)
  File "/opt/homebrew/Cellar/python@3.13/3.13.7/Frameworks/Python.framework/Versions/3.13/lib/python3.13/asyncio/base_events.py", line 712, in run_until_complete
    self.run_forever()
  File "/opt/homebrew/Cellar/python@3.13/3.13.7/Frameworks/Python.framework/Versions/3.13/lib/python3.13/asyncio/base_events.py", line 683, in run_forever
    self._run_once()
  File "/opt/homebrew/Cellar/python@3.13/3.13.7/Frameworks/Python.framework/Versions/3.13/lib/python3.13/asyncio/base_events.py", line 2050, in _run_once
    handle._run()
  File "/opt/homebrew/Cellar/python@3.13/3.13.7/Frameworks/Python.framework/Versions/3.13/lib/python3.13/asyncio/events.py", line 89, in _run
    self._context.run(self._callback, *self._args)
  File "/Users/jayant.dhingra/Desktop/couchbase-lite-tests/tests/dev_e2e/test_replication_auto_purge.py", line 676, in test_remove_user_from_role
    dbs = await cblpytest.test_servers[0].create_and_reset_db(["db1"], dataset="posts")
  File "/Users/jayant.dhingra/Desktop/couchbase-lite-tests/client/src/cbltest/api/testserver.py", line 92, in create_and_reset_db
    await self.__request_factory.send_request(self.__index, request)
FAILED
tests/dev_e2e/test_replication_auto_purge.py::TestReplicationAutoPurge::test_remove_user_from_role[False] 2026-08-27 14:27:23,650 [INFO]: 🧹 Couchbase Server and Sync Gateway cleanup started
2026-08-27 14:27:23,655 [DEBUG]: 🧹 SGW <cbltest.api.syncgateway.SyncGateway object at 0x11378b230>: found databases ['posts'], deleting...
2026-08-27 14:27:23,704 [DEBUG]: 🧹 CBS <cbltest.api.couchbaseserver.CouchbaseServer object at 0x11378b620>: found buckets ['posts'], deleting...
2026-08-27 14:27:25,033 [DEBUG]: 🧹 CBS <cbltest.api.couchbaseserver.CouchbaseServer object at 0x11378b620>: waiting for all buckets to be deleted...
2026-08-27 14:27:25,036 [INFO]: 🧹 Couchbase Server and Sync Gateway cleanup finished
2026-08-27 14:27:25,036 [INFO]: Starting test: test_remove_user_from_role
2026-08-27 14:27:25,037 [INFO]: Moving to step 1:
2026-08-27 14:27:25,037 [INFO]: 	Reset SG and load `posts` dataset
2026-08-27 14:27:43,995 [INFO]: Moving to step 2:
2026-08-27 14:27:43,996 [INFO]: 	Reset local database and load `posts` dataset
2026-08-27 14:27:43,996 [DEBUG]: Sending (test_remove_user_from_role) -> 3917af92-025e-4519-be8e-49ffccb813ad v1 POST /reset to http://localhost:5173
2026-08-27 14:27:43,997 [ERROR]: Failed to send (test_remove_user_from_role) -> 3917af92-025e-4519-be8e-49ffccb813ad v1 POST /reset to http://localhost:5173 (Cannot write to closing transport)
Stack (most recent call last):
  File "/Users/jayant.dhingra/Desktop/couchbase-lite-tests/.venv/bin/pytest", line 10, in <module>
    sys.exit(console_main())
  File "/Users/jayant.dhingra/Desktop/couchbase-lite-tests/.venv/lib/python3.13/site-packages/_pytest/config/__init__.py", line 223, in console_main
    code = main()
  File "/Users/jayant.dhingra/Desktop/couchbase-lite-tests/.venv/lib/python3.13/site-packages/_pytest/config/__init__.py", line 199, in main
    ret: ExitCode | int = config.hook.pytest_cmdline_main(config=config)
  File "/Users/jayant.dhingra/Desktop/couchbase-lite-tests/.venv/lib/python3.13/site-packages/pluggy/_hooks.py", line 513, in __call__
    return self._hookexec(self.name, self._hookimpls.copy(), kwargs, firstresult)
  File "/Users/jayant.dhingra/Desktop/couchbase-lite-tests/.venv/lib/python3.13/site-packages/pluggy/_manager.py", line 120, in _hookexec
    return self._inner_hookexec(hook_name, methods, kwargs, firstresult)
  File "/Users/jayant.dhingra/Desktop/couchbase-lite-tests/.venv/lib/python3.13/site-packages/pluggy/_callers.py", line 103, in _multicall
    res = hook_impl.function(*args)
  File "/Users/jayant.dhingra/Desktop/couchbase-lite-tests/.venv/lib/python3.13/site-packages/_pytest/main.py", line 365, in pytest_cmdline_main
    return wrap_session(config, _main)
  File "/Users/jayant.dhingra/Desktop/couchbase-lite-tests/.venv/lib/python3.13/site-packages/_pytest/main.py", line 318, in wrap_session
    session.exitstatus = doit(config, session) or 0
  File "/Users/jayant.dhingra/Desktop/couchbase-lite-tests/.venv/lib/python3.13/site-packages/_pytest/main.py", line 372, in _main
    config.hook.pytest_runtestloop(session=session)
  File "/Users/jayant.dhingra/Desktop/couchbase-lite-tests/.venv/lib/python3.13/site-packages/pluggy/_hooks.py", line 513, in __call__
    return self._hookexec(self.name, self._hookimpls.copy(), kwargs, firstresult)
  File "/Users/jayant.dhingra/Desktop/couchbase-lite-tests/.venv/lib/python3.13/site-packages/pluggy/_manager.py", line 120, in _hookexec
    return self._inner_hookexec(hook_name, methods, kwargs, firstresult)
  File "/Users/jayant.dhingra/Desktop/couchbase-lite-tests/.venv/lib/python3.13/site-packages/pluggy/_callers.py", line 103, in _multicall
    res = hook_impl.function(*args)
  File "/Users/jayant.dhingra/Desktop/couchbase-lite-tests/.venv/lib/python3.13/site-packages/_pytest/main.py", line 396, in pytest_runtestloop
    item.config.hook.pytest_runtest_protocol(item=item, nextitem=nextitem)
  File "/Users/jayant.dhingra/Desktop/couchbase-lite-tests/.venv/lib/python3.13/site-packages/pluggy/_hooks.py", line 513, in __call__
    return self._hookexec(self.name, self._hookimpls.copy(), kwargs, firstresult)
  File "/Users/jayant.dhingra/Desktop/couchbase-lite-tests/.venv/lib/python3.13/site-packages/pluggy/_manager.py", line 120, in _hookexec
    return self._inner_hookexec(hook_name, methods, kwargs, firstresult)
  File "/Users/jayant.dhingra/Desktop/couchbase-lite-tests/.venv/lib/python3.13/site-packages/pluggy/_callers.py", line 103, in _multicall
    res = hook_impl.function(*args)
  File "/Users/jayant.dhingra/Desktop/couchbase-lite-tests/.venv/lib/python3.13/site-packages/_pytest/runner.py", line 118, in pytest_runtest_protocol
    runtestprotocol(item, nextitem=nextitem)
  File "/Users/jayant.dhingra/Desktop/couchbase-lite-tests/.venv/lib/python3.13/site-packages/_pytest/runner.py", line 137, in runtestprotocol
    reports.append(call_and_report(item, "call", log))
  File "/Users/jayant.dhingra/Desktop/couchbase-lite-tests/.venv/lib/python3.13/site-packages/_pytest/runner.py", line 244, in call_and_report
    call = CallInfo.from_call(
  File "/Users/jayant.dhingra/Desktop/couchbase-lite-tests/.venv/lib/python3.13/site-packages/_pytest/runner.py", line 353, in from_call
    result: TResult | None = func()
  File "/Users/jayant.dhingra/Desktop/couchbase-lite-tests/.venv/lib/python3.13/site-packages/_pytest/runner.py", line 245, in <lambda>
    lambda: runtest_hook(item=item, **kwds),
  File "/Users/jayant.dhingra/Desktop/couchbase-lite-tests/.venv/lib/python3.13/site-packages/pluggy/_hooks.py", line 513, in __call__
    return self._hookexec(self.name, self._hookimpls.copy(), kwargs, firstresult)
  File "/Users/jayant.dhingra/Desktop/couchbase-lite-tests/.venv/lib/python3.13/site-packages/pluggy/_manager.py", line 120, in _hookexec
    return self._inner_hookexec(hook_name, methods, kwargs, firstresult)
  File "/Users/jayant.dhingra/Desktop/couchbase-lite-tests/.venv/lib/python3.13/site-packages/pluggy/_callers.py", line 103, in _multicall
    res = hook_impl.function(*args)
  File "/Users/jayant.dhingra/Desktop/couchbase-lite-tests/.venv/lib/python3.13/site-packages/_pytest/runner.py", line 179, in pytest_runtest_call
    item.runtest()
  File "/Users/jayant.dhingra/Desktop/couchbase-lite-tests/.venv/lib/python3.13/site-packages/pytest_asyncio/plugin.py", line 469, in runtest
    super().runtest()
  File "/Users/jayant.dhingra/Desktop/couchbase-lite-tests/.venv/lib/python3.13/site-packages/_pytest/python.py", line 1720, in runtest
    self.ihook.pytest_pyfunc_call(pyfuncitem=self)
  File "/Users/jayant.dhingra/Desktop/couchbase-lite-tests/.venv/lib/python3.13/site-packages/pluggy/_hooks.py", line 513, in __call__
    return self._hookexec(self.name, self._hookimpls.copy(), kwargs, firstresult)
  File "/Users/jayant.dhingra/Desktop/couchbase-lite-tests/.venv/lib/python3.13/site-packages/pluggy/_manager.py", line 120, in _hookexec
    return self._inner_hookexec(hook_name, methods, kwargs, firstresult)
  File "/Users/jayant.dhingra/Desktop/couchbase-lite-tests/.venv/lib/python3.13/site-packages/pluggy/_callers.py", line 103, in _multicall
    res = hook_impl.function(*args)
  File "/Users/jayant.dhingra/Desktop/couchbase-lite-tests/.venv/lib/python3.13/site-packages/_pytest/python.py", line 166, in pytest_pyfunc_call
    result = testfunction(**testargs)
  File "/Users/jayant.dhingra/Desktop/couchbase-lite-tests/.venv/lib/python3.13/site-packages/pytest_asyncio/plugin.py", line 716, in inner
    runner.run(coro, context=context)
  File "/opt/homebrew/Cellar/python@3.13/3.13.7/Frameworks/Python.framework/Versions/3.13/lib/python3.13/asyncio/runners.py", line 118, in run
    return self._loop.run_until_complete(task)
  File "/opt/homebrew/Cellar/python@3.13/3.13.7/Frameworks/Python.framework/Versions/3.13/lib/python3.13/asyncio/base_events.py", line 712, in run_until_complete
    self.run_forever()
  File "/opt/homebrew/Cellar/python@3.13/3.13.7/Frameworks/Python.framework/Versions/3.13/lib/python3.13/asyncio/base_events.py", line 683, in run_forever
    self._run_once()
  File "/opt/homebrew/Cellar/python@3.13/3.13.7/Frameworks/Python.framework/Versions/3.13/lib/python3.13/asyncio/base_events.py", line 2050, in _run_once
    handle._run()
  File "/opt/homebrew/Cellar/python@3.13/3.13.7/Frameworks/Python.framework/Versions/3.13/lib/python3.13/asyncio/events.py", line 89, in _run
    self._context.run(self._callback, *self._args)
  File "/Users/jayant.dhingra/Desktop/couchbase-lite-tests/tests/dev_e2e/test_replication_auto_purge.py", line 676, in test_remove_user_from_role
    dbs = await cblpytest.test_servers[0].create_and_reset_db(["db1"], dataset="posts")
  File "/Users/jayant.dhingra/Desktop/couchbase-lite-tests/client/src/cbltest/api/testserver.py", line 92, in create_and_reset_db
    await self.__request_factory.send_request(self.__index, request)
FAILED
tests/dev_e2e/test_replication_auto_purge.py::TestReplicationAutoPurge::test_remove_role_from_channel[True] 2026-08-27 14:27:44,015 [INFO]: 🧹 Couchbase Server and Sync Gateway cleanup started
2026-08-27 14:27:44,017 [DEBUG]: 🧹 SGW <cbltest.api.syncgateway.SyncGateway object at 0x11378b230>: found databases ['posts'], deleting...
2026-08-27 14:27:44,065 [DEBUG]: 🧹 CBS <cbltest.api.couchbaseserver.CouchbaseServer object at 0x11378b620>: found buckets ['posts'], deleting...
2026-08-27 14:27:44,767 [DEBUG]: 🧹 CBS <cbltest.api.couchbaseserver.CouchbaseServer object at 0x11378b620>: waiting for all buckets to be deleted...
2026-08-27 14:27:44,769 [INFO]: 🧹 Couchbase Server and Sync Gateway cleanup finished
2026-08-27 14:27:44,769 [INFO]: Starting test: test_remove_role_from_channel
2026-08-27 14:27:44,770 [INFO]: Moving to step 1:
2026-08-27 14:27:44,770 [INFO]: 	Reset SG and load `posts` dataset
2026-08-27 14:28:04,327 [INFO]: Moving to step 2:
2026-08-27 14:28:04,327 [INFO]: 	Reset local database and load `posts` dataset
2026-08-27 14:28:04,327 [DEBUG]: Sending (test_remove_role_from_channel) -> 3917af92-025e-4519-be8e-49ffccb813ad v1 POST /reset to http://localhost:5173
2026-08-27 14:28:04,328 [ERROR]: Failed to send (test_remove_role_from_channel) -> 3917af92-025e-4519-be8e-49ffccb813ad v1 POST /reset to http://localhost:5173 (Cannot write to closing transport)
Stack (most recent call last):
  File "/Users/jayant.dhingra/Desktop/couchbase-lite-tests/.venv/bin/pytest", line 10, in <module>
    sys.exit(console_main())
  File "/Users/jayant.dhingra/Desktop/couchbase-lite-tests/.venv/lib/python3.13/site-packages/_pytest/config/__init__.py", line 223, in console_main
    code = main()
  File "/Users/jayant.dhingra/Desktop/couchbase-lite-tests/.venv/lib/python3.13/site-packages/_pytest/config/__init__.py", line 199, in main
    ret: ExitCode | int = config.hook.pytest_cmdline_main(config=config)
  File "/Users/jayant.dhingra/Desktop/couchbase-lite-tests/.venv/lib/python3.13/site-packages/pluggy/_hooks.py", line 513, in __call__
    return self._hookexec(self.name, self._hookimpls.copy(), kwargs, firstresult)
  File "/Users/jayant.dhingra/Desktop/couchbase-lite-tests/.venv/lib/python3.13/site-packages/pluggy/_manager.py", line 120, in _hookexec
    return self._inner_hookexec(hook_name, methods, kwargs, firstresult)
  File "/Users/jayant.dhingra/Desktop/couchbase-lite-tests/.venv/lib/python3.13/site-packages/pluggy/_callers.py", line 103, in _multicall
    res = hook_impl.function(*args)
  File "/Users/jayant.dhingra/Desktop/couchbase-lite-tests/.venv/lib/python3.13/site-packages/_pytest/main.py", line 365, in pytest_cmdline_main
    return wrap_session(config, _main)
  File "/Users/jayant.dhingra/Desktop/couchbase-lite-tests/.venv/lib/python3.13/site-packages/_pytest/main.py", line 318, in wrap_session
    session.exitstatus = doit(config, session) or 0
  File "/Users/jayant.dhingra/Desktop/couchbase-lite-tests/.venv/lib/python3.13/site-packages/_pytest/main.py", line 372, in _main
    config.hook.pytest_runtestloop(session=session)
  File "/Users/jayant.dhingra/Desktop/couchbase-lite-tests/.venv/lib/python3.13/site-packages/pluggy/_hooks.py", line 513, in __call__
    return self._hookexec(self.name, self._hookimpls.copy(), kwargs, firstresult)
  File "/Users/jayant.dhingra/Desktop/couchbase-lite-tests/.venv/lib/python3.13/site-packages/pluggy/_manager.py", line 120, in _hookexec
    return self._inner_hookexec(hook_name, methods, kwargs, firstresult)
  File "/Users/jayant.dhingra/Desktop/couchbase-lite-tests/.venv/lib/python3.13/site-packages/pluggy/_callers.py", line 103, in _multicall
    res = hook_impl.function(*args)
  File "/Users/jayant.dhingra/Desktop/couchbase-lite-tests/.venv/lib/python3.13/site-packages/_pytest/main.py", line 396, in pytest_runtestloop
    item.config.hook.pytest_runtest_protocol(item=item, nextitem=nextitem)
  File "/Users/jayant.dhingra/Desktop/couchbase-lite-tests/.venv/lib/python3.13/site-packages/pluggy/_hooks.py", line 513, in __call__
    return self._hookexec(self.name, self._hookimpls.copy(), kwargs, firstresult)
  File "/Users/jayant.dhingra/Desktop/couchbase-lite-tests/.venv/lib/python3.13/site-packages/pluggy/_manager.py", line 120, in _hookexec
    return self._inner_hookexec(hook_name, methods, kwargs, firstresult)
  File "/Users/jayant.dhingra/Desktop/couchbase-lite-tests/.venv/lib/python3.13/site-packages/pluggy/_callers.py", line 103, in _multicall
    res = hook_impl.function(*args)
  File "/Users/jayant.dhingra/Desktop/couchbase-lite-tests/.venv/lib/python3.13/site-packages/_pytest/runner.py", line 118, in pytest_runtest_protocol
    runtestprotocol(item, nextitem=nextitem)
  File "/Users/jayant.dhingra/Desktop/couchbase-lite-tests/.venv/lib/python3.13/site-packages/_pytest/runner.py", line 137, in runtestprotocol
    reports.append(call_and_report(item, "call", log))
  File "/Users/jayant.dhingra/Desktop/couchbase-lite-tests/.venv/lib/python3.13/site-packages/_pytest/runner.py", line 244, in call_and_report
    call = CallInfo.from_call(
  File "/Users/jayant.dhingra/Desktop/couchbase-lite-tests/.venv/lib/python3.13/site-packages/_pytest/runner.py", line 353, in from_call
    result: TResult | None = func()
  File "/Users/jayant.dhingra/Desktop/couchbase-lite-tests/.venv/lib/python3.13/site-packages/_pytest/runner.py", line 245, in <lambda>
    lambda: runtest_hook(item=item, **kwds),
  File "/Users/jayant.dhingra/Desktop/couchbase-lite-tests/.venv/lib/python3.13/site-packages/pluggy/_hooks.py", line 513, in __call__
    return self._hookexec(self.name, self._hookimpls.copy(), kwargs, firstresult)
  File "/Users/jayant.dhingra/Desktop/couchbase-lite-tests/.venv/lib/python3.13/site-packages/pluggy/_manager.py", line 120, in _hookexec
    return self._inner_hookexec(hook_name, methods, kwargs, firstresult)
  File "/Users/jayant.dhingra/Desktop/couchbase-lite-tests/.venv/lib/python3.13/site-packages/pluggy/_callers.py", line 103, in _multicall
    res = hook_impl.function(*args)
  File "/Users/jayant.dhingra/Desktop/couchbase-lite-tests/.venv/lib/python3.13/site-packages/_pytest/runner.py", line 179, in pytest_runtest_call
    item.runtest()
  File "/Users/jayant.dhingra/Desktop/couchbase-lite-tests/.venv/lib/python3.13/site-packages/pytest_asyncio/plugin.py", line 469, in runtest
    super().runtest()
  File "/Users/jayant.dhingra/Desktop/couchbase-lite-tests/.venv/lib/python3.13/site-packages/_pytest/python.py", line 1720, in runtest
    self.ihook.pytest_pyfunc_call(pyfuncitem=self)
  File "/Users/jayant.dhingra/Desktop/couchbase-lite-tests/.venv/lib/python3.13/site-packages/pluggy/_hooks.py", line 513, in __call__
    return self._hookexec(self.name, self._hookimpls.copy(), kwargs, firstresult)
  File "/Users/jayant.dhingra/Desktop/couchbase-lite-tests/.venv/lib/python3.13/site-packages/pluggy/_manager.py", line 120, in _hookexec
    return self._inner_hookexec(hook_name, methods, kwargs, firstresult)
  File "/Users/jayant.dhingra/Desktop/couchbase-lite-tests/.venv/lib/python3.13/site-packages/pluggy/_callers.py", line 103, in _multicall
    res = hook_impl.function(*args)
  File "/Users/jayant.dhingra/Desktop/couchbase-lite-tests/.venv/lib/python3.13/site-packages/_pytest/python.py", line 166, in pytest_pyfunc_call
    result = testfunction(**testargs)
  File "/Users/jayant.dhingra/Desktop/couchbase-lite-tests/.venv/lib/python3.13/site-packages/pytest_asyncio/plugin.py", line 716, in inner
    runner.run(coro, context=context)
  File "/opt/homebrew/Cellar/python@3.13/3.13.7/Frameworks/Python.framework/Versions/3.13/lib/python3.13/asyncio/runners.py", line 118, in run
    return self._loop.run_until_complete(task)
  File "/opt/homebrew/Cellar/python@3.13/3.13.7/Frameworks/Python.framework/Versions/3.13/lib/python3.13/asyncio/base_events.py", line 712, in run_until_complete
    self.run_forever()
  File "/opt/homebrew/Cellar/python@3.13/3.13.7/Frameworks/Python.framework/Versions/3.13/lib/python3.13/asyncio/base_events.py", line 683, in run_forever
    self._run_once()
  File "/opt/homebrew/Cellar/python@3.13/3.13.7/Frameworks/Python.framework/Versions/3.13/lib/python3.13/asyncio/base_events.py", line 2050, in _run_once
    handle._run()
  File "/opt/homebrew/Cellar/python@3.13/3.13.7/Frameworks/Python.framework/Versions/3.13/lib/python3.13/asyncio/events.py", line 89, in _run
    self._context.run(self._callback, *self._args)
  File "/Users/jayant.dhingra/Desktop/couchbase-lite-tests/tests/dev_e2e/test_replication_auto_purge.py", line 780, in test_remove_role_from_channel
    dbs = await cblpytest.test_servers[0].create_and_reset_db(["db1"], dataset="posts")
  File "/Users/jayant.dhingra/Desktop/couchbase-lite-tests/client/src/cbltest/api/testserver.py", line 92, in create_and_reset_db
    await self.__request_factory.send_request(self.__index, request)
FAILED
tests/dev_e2e/test_replication_auto_purge.py::TestReplicationAutoPurge::test_remove_role_from_channel[False] 2026-08-27 14:28:04,344 [INFO]: 🧹 Couchbase Server and Sync Gateway cleanup started
2026-08-27 14:28:04,347 [DEBUG]: 🧹 SGW <cbltest.api.syncgateway.SyncGateway object at 0x11378b230>: found databases ['posts'], deleting...
2026-08-27 14:28:04,395 [DEBUG]: 🧹 CBS <cbltest.api.couchbaseserver.CouchbaseServer object at 0x11378b620>: found buckets ['posts'], deleting...
2026-08-27 14:28:05,565 [DEBUG]: 🧹 CBS <cbltest.api.couchbaseserver.CouchbaseServer object at 0x11378b620>: waiting for all buckets to be deleted...
2026-08-27 14:28:05,568 [INFO]: 🧹 Couchbase Server and Sync Gateway cleanup finished
2026-08-27 14:28:05,568 [INFO]: Starting test: test_remove_role_from_channel
2026-08-27 14:28:05,569 [INFO]: Moving to step 1:
2026-08-27 14:28:05,569 [INFO]: 	Reset SG and load `posts` dataset
2026-08-27 14:28:24,659 [INFO]: Moving to step 2:
2026-08-27 14:28:24,659 [INFO]: 	Reset local database and load `posts` dataset
2026-08-27 14:28:24,659 [DEBUG]: Sending (test_remove_role_from_channel) -> 3917af92-025e-4519-be8e-49ffccb813ad v1 POST /reset to http://localhost:5173
2026-08-27 14:28:24,660 [ERROR]: Failed to send (test_remove_role_from_channel) -> 3917af92-025e-4519-be8e-49ffccb813ad v1 POST /reset to http://localhost:5173 (Cannot write to closing transport)
Stack (most recent call last):
  File "/Users/jayant.dhingra/Desktop/couchbase-lite-tests/.venv/bin/pytest", line 10, in <module>
    sys.exit(console_main())
  File "/Users/jayant.dhingra/Desktop/couchbase-lite-tests/.venv/lib/python3.13/site-packages/_pytest/config/__init__.py", line 223, in console_main
    code = main()
  File "/Users/jayant.dhingra/Desktop/couchbase-lite-tests/.venv/lib/python3.13/site-packages/_pytest/config/__init__.py", line 199, in main
    ret: ExitCode | int = config.hook.pytest_cmdline_main(config=config)
  File "/Users/jayant.dhingra/Desktop/couchbase-lite-tests/.venv/lib/python3.13/site-packages/pluggy/_hooks.py", line 513, in __call__
    return self._hookexec(self.name, self._hookimpls.copy(), kwargs, firstresult)
  File "/Users/jayant.dhingra/Desktop/couchbase-lite-tests/.venv/lib/python3.13/site-packages/pluggy/_manager.py", line 120, in _hookexec
    return self._inner_hookexec(hook_name, methods, kwargs, firstresult)
  File "/Users/jayant.dhingra/Desktop/couchbase-lite-tests/.venv/lib/python3.13/site-packages/pluggy/_callers.py", line 103, in _multicall
    res = hook_impl.function(*args)
  File "/Users/jayant.dhingra/Desktop/couchbase-lite-tests/.venv/lib/python3.13/site-packages/_pytest/main.py", line 365, in pytest_cmdline_main
    return wrap_session(config, _main)
  File "/Users/jayant.dhingra/Desktop/couchbase-lite-tests/.venv/lib/python3.13/site-packages/_pytest/main.py", line 318, in wrap_session
    session.exitstatus = doit(config, session) or 0
  File "/Users/jayant.dhingra/Desktop/couchbase-lite-tests/.venv/lib/python3.13/site-packages/_pytest/main.py", line 372, in _main
    config.hook.pytest_runtestloop(session=session)
  File "/Users/jayant.dhingra/Desktop/couchbase-lite-tests/.venv/lib/python3.13/site-packages/pluggy/_hooks.py", line 513, in __call__
    return self._hookexec(self.name, self._hookimpls.copy(), kwargs, firstresult)
  File "/Users/jayant.dhingra/Desktop/couchbase-lite-tests/.venv/lib/python3.13/site-packages/pluggy/_manager.py", line 120, in _hookexec
    return self._inner_hookexec(hook_name, methods, kwargs, firstresult)
  File "/Users/jayant.dhingra/Desktop/couchbase-lite-tests/.venv/lib/python3.13/site-packages/pluggy/_callers.py", line 103, in _multicall
    res = hook_impl.function(*args)
  File "/Users/jayant.dhingra/Desktop/couchbase-lite-tests/.venv/lib/python3.13/site-packages/_pytest/main.py", line 396, in pytest_runtestloop
    item.config.hook.pytest_runtest_protocol(item=item, nextitem=nextitem)
  File "/Users/jayant.dhingra/Desktop/couchbase-lite-tests/.venv/lib/python3.13/site-packages/pluggy/_hooks.py", line 513, in __call__
    return self._hookexec(self.name, self._hookimpls.copy(), kwargs, firstresult)
  File "/Users/jayant.dhingra/Desktop/couchbase-lite-tests/.venv/lib/python3.13/site-packages/pluggy/_manager.py", line 120, in _hookexec
    return self._inner_hookexec(hook_name, methods, kwargs, firstresult)
  File "/Users/jayant.dhingra/Desktop/couchbase-lite-tests/.venv/lib/python3.13/site-packages/pluggy/_callers.py", line 103, in _multicall
    res = hook_impl.function(*args)
  File "/Users/jayant.dhingra/Desktop/couchbase-lite-tests/.venv/lib/python3.13/site-packages/_pytest/runner.py", line 118, in pytest_runtest_protocol
    runtestprotocol(item, nextitem=nextitem)
  File "/Users/jayant.dhingra/Desktop/couchbase-lite-tests/.venv/lib/python3.13/site-packages/_pytest/runner.py", line 137, in runtestprotocol
    reports.append(call_and_report(item, "call", log))
  File "/Users/jayant.dhingra/Desktop/couchbase-lite-tests/.venv/lib/python3.13/site-packages/_pytest/runner.py", line 244, in call_and_report
    call = CallInfo.from_call(
  File "/Users/jayant.dhingra/Desktop/couchbase-lite-tests/.venv/lib/python3.13/site-packages/_pytest/runner.py", line 353, in from_call
    result: TResult | None = func()
  File "/Users/jayant.dhingra/Desktop/couchbase-lite-tests/.venv/lib/python3.13/site-packages/_pytest/runner.py", line 245, in <lambda>
    lambda: runtest_hook(item=item, **kwds),
  File "/Users/jayant.dhingra/Desktop/couchbase-lite-tests/.venv/lib/python3.13/site-packages/pluggy/_hooks.py", line 513, in __call__
    return self._hookexec(self.name, self._hookimpls.copy(), kwargs, firstresult)
  File "/Users/jayant.dhingra/Desktop/couchbase-lite-tests/.venv/lib/python3.13/site-packages/pluggy/_manager.py", line 120, in _hookexec
    return self._inner_hookexec(hook_name, methods, kwargs, firstresult)
  File "/Users/jayant.dhingra/Desktop/couchbase-lite-tests/.venv/lib/python3.13/site-packages/pluggy/_callers.py", line 103, in _multicall
    res = hook_impl.function(*args)
  File "/Users/jayant.dhingra/Desktop/couchbase-lite-tests/.venv/lib/python3.13/site-packages/_pytest/runner.py", line 179, in pytest_runtest_call
    item.runtest()
  File "/Users/jayant.dhingra/Desktop/couchbase-lite-tests/.venv/lib/python3.13/site-packages/pytest_asyncio/plugin.py", line 469, in runtest
    super().runtest()
  File "/Users/jayant.dhingra/Desktop/couchbase-lite-tests/.venv/lib/python3.13/site-packages/_pytest/python.py", line 1720, in runtest
    self.ihook.pytest_pyfunc_call(pyfuncitem=self)
  File "/Users/jayant.dhingra/Desktop/couchbase-lite-tests/.venv/lib/python3.13/site-packages/pluggy/_hooks.py", line 513, in __call__
    return self._hookexec(self.name, self._hookimpls.copy(), kwargs, firstresult)
  File "/Users/jayant.dhingra/Desktop/couchbase-lite-tests/.venv/lib/python3.13/site-packages/pluggy/_manager.py", line 120, in _hookexec
    return self._inner_hookexec(hook_name, methods, kwargs, firstresult)
  File "/Users/jayant.dhingra/Desktop/couchbase-lite-tests/.venv/lib/python3.13/site-packages/pluggy/_callers.py", line 103, in _multicall
    res = hook_impl.function(*args)
  File "/Users/jayant.dhingra/Desktop/couchbase-lite-tests/.venv/lib/python3.13/site-packages/_pytest/python.py", line 166, in pytest_pyfunc_call
    result = testfunction(**testargs)
  File "/Users/jayant.dhingra/Desktop/couchbase-lite-tests/.venv/lib/python3.13/site-packages/pytest_asyncio/plugin.py", line 716, in inner
    runner.run(coro, context=context)
  File "/opt/homebrew/Cellar/python@3.13/3.13.7/Frameworks/Python.framework/Versions/3.13/lib/python3.13/asyncio/runners.py", line 118, in run
    return self._loop.run_until_complete(task)
  File "/opt/homebrew/Cellar/python@3.13/3.13.7/Frameworks/Python.framework/Versions/3.13/lib/python3.13/asyncio/base_events.py", line 712, in run_until_complete
    self.run_forever()
  File "/opt/homebrew/Cellar/python@3.13/3.13.7/Frameworks/Python.framework/Versions/3.13/lib/python3.13/asyncio/base_events.py", line 683, in run_forever
    self._run_once()
  File "/opt/homebrew/Cellar/python@3.13/3.13.7/Frameworks/Python.framework/Versions/3.13/lib/python3.13/asyncio/base_events.py", line 2050, in _run_once
    handle._run()
  File "/opt/homebrew/Cellar/python@3.13/3.13.7/Frameworks/Python.framework/Versions/3.13/lib/python3.13/asyncio/events.py", line 89, in _run
    self._context.run(self._callback, *self._args)
  File "/Users/jayant.dhingra/Desktop/couchbase-lite-tests/tests/dev_e2e/test_replication_auto_purge.py", line 780, in test_remove_role_from_channel
    dbs = await cblpytest.test_servers[0].create_and_reset_db(["db1"], dataset="posts")
  File "/Users/jayant.dhingra/Desktop/couchbase-lite-tests/client/src/cbltest/api/testserver.py", line 92, in create_and_reset_db
    await self.__request_factory.send_request(self.__index, request)
FAILED
tests/dev_e2e/test_replication_auto_purge.py::TestReplicationAutoPurge::test_pull_after_restore_access 2026-08-27 14:28:24,678 [INFO]: 🧹 Couchbase Server and Sync Gateway cleanup started
2026-08-27 14:28:24,680 [DEBUG]: 🧹 SGW <cbltest.api.syncgateway.SyncGateway object at 0x11378b230>: found databases ['posts'], deleting...
2026-08-27 14:28:24,729 [DEBUG]: 🧹 CBS <cbltest.api.couchbaseserver.CouchbaseServer object at 0x11378b620>: found buckets ['posts'], deleting...
2026-08-27 14:28:25,608 [DEBUG]: 🧹 CBS <cbltest.api.couchbaseserver.CouchbaseServer object at 0x11378b620>: waiting for all buckets to be deleted...
2026-08-27 14:28:25,611 [INFO]: 🧹 Couchbase Server and Sync Gateway cleanup finished
2026-08-27 14:28:25,611 [INFO]: Starting test: test_pull_after_restore_access
2026-08-27 14:28:25,611 [INFO]: Moving to step 1:
2026-08-27 14:28:25,611 [INFO]: 	Reset SG and load `posts` dataset
2026-08-27 14:28:44,964 [INFO]: Moving to step 2:
2026-08-27 14:28:44,964 [INFO]: 	Reset local database and load `posts` dataset
2026-08-27 14:28:44,964 [DEBUG]: Sending (test_pull_after_restore_access) -> 3917af92-025e-4519-be8e-49ffccb813ad v1 POST /reset to http://localhost:5173
2026-08-27 14:28:44,965 [ERROR]: Failed to send (test_pull_after_restore_access) -> 3917af92-025e-4519-be8e-49ffccb813ad v1 POST /reset to http://localhost:5173 (Cannot write to closing transport)
Stack (most recent call last):
  File "/Users/jayant.dhingra/Desktop/couchbase-lite-tests/.venv/bin/pytest", line 10, in <module>
    sys.exit(console_main())
  File "/Users/jayant.dhingra/Desktop/couchbase-lite-tests/.venv/lib/python3.13/site-packages/_pytest/config/__init__.py", line 223, in console_main
    code = main()
  File "/Users/jayant.dhingra/Desktop/couchbase-lite-tests/.venv/lib/python3.13/site-packages/_pytest/config/__init__.py", line 199, in main
    ret: ExitCode | int = config.hook.pytest_cmdline_main(config=config)
  File "/Users/jayant.dhingra/Desktop/couchbase-lite-tests/.venv/lib/python3.13/site-packages/pluggy/_hooks.py", line 513, in __call__
    return self._hookexec(self.name, self._hookimpls.copy(), kwargs, firstresult)
  File "/Users/jayant.dhingra/Desktop/couchbase-lite-tests/.venv/lib/python3.13/site-packages/pluggy/_manager.py", line 120, in _hookexec
    return self._inner_hookexec(hook_name, methods, kwargs, firstresult)
  File "/Users/jayant.dhingra/Desktop/couchbase-lite-tests/.venv/lib/python3.13/site-packages/pluggy/_callers.py", line 103, in _multicall
    res = hook_impl.function(*args)
  File "/Users/jayant.dhingra/Desktop/couchbase-lite-tests/.venv/lib/python3.13/site-packages/_pytest/main.py", line 365, in pytest_cmdline_main
    return wrap_session(config, _main)
  File "/Users/jayant.dhingra/Desktop/couchbase-lite-tests/.venv/lib/python3.13/site-packages/_pytest/main.py", line 318, in wrap_session
    session.exitstatus = doit(config, session) or 0
  File "/Users/jayant.dhingra/Desktop/couchbase-lite-tests/.venv/lib/python3.13/site-packages/_pytest/main.py", line 372, in _main
    config.hook.pytest_runtestloop(session=session)
  File "/Users/jayant.dhingra/Desktop/couchbase-lite-tests/.venv/lib/python3.13/site-packages/pluggy/_hooks.py", line 513, in __call__
    return self._hookexec(self.name, self._hookimpls.copy(), kwargs, firstresult)
  File "/Users/jayant.dhingra/Desktop/couchbase-lite-tests/.venv/lib/python3.13/site-packages/pluggy/_manager.py", line 120, in _hookexec
    return self._inner_hookexec(hook_name, methods, kwargs, firstresult)
  File "/Users/jayant.dhingra/Desktop/couchbase-lite-tests/.venv/lib/python3.13/site-packages/pluggy/_callers.py", line 103, in _multicall
    res = hook_impl.function(*args)
  File "/Users/jayant.dhingra/Desktop/couchbase-lite-tests/.venv/lib/python3.13/site-packages/_pytest/main.py", line 396, in pytest_runtestloop
    item.config.hook.pytest_runtest_protocol(item=item, nextitem=nextitem)
  File "/Users/jayant.dhingra/Desktop/couchbase-lite-tests/.venv/lib/python3.13/site-packages/pluggy/_hooks.py", line 513, in __call__
    return self._hookexec(self.name, self._hookimpls.copy(), kwargs, firstresult)
  File "/Users/jayant.dhingra/Desktop/couchbase-lite-tests/.venv/lib/python3.13/site-packages/pluggy/_manager.py", line 120, in _hookexec
    return self._inner_hookexec(hook_name, methods, kwargs, firstresult)
  File "/Users/jayant.dhingra/Desktop/couchbase-lite-tests/.venv/lib/python3.13/site-packages/pluggy/_callers.py", line 103, in _multicall
    res = hook_impl.function(*args)
  File "/Users/jayant.dhingra/Desktop/couchbase-lite-tests/.venv/lib/python3.13/site-packages/_pytest/runner.py", line 118, in pytest_runtest_protocol
    runtestprotocol(item, nextitem=nextitem)
  File "/Users/jayant.dhingra/Desktop/couchbase-lite-tests/.venv/lib/python3.13/site-packages/_pytest/runner.py", line 137, in runtestprotocol
    reports.append(call_and_report(item, "call", log))
  File "/Users/jayant.dhingra/Desktop/couchbase-lite-tests/.venv/lib/python3.13/site-packages/_pytest/runner.py", line 244, in call_and_report
    call = CallInfo.from_call(
  File "/Users/jayant.dhingra/Desktop/couchbase-lite-tests/.venv/lib/python3.13/site-packages/_pytest/runner.py", line 353, in from_call
    result: TResult | None = func()
  File "/Users/jayant.dhingra/Desktop/couchbase-lite-tests/.venv/lib/python3.13/site-packages/_pytest/runner.py", line 245, in <lambda>
    lambda: runtest_hook(item=item, **kwds),
  File "/Users/jayant.dhingra/Desktop/couchbase-lite-tests/.venv/lib/python3.13/site-packages/pluggy/_hooks.py", line 513, in __call__
    return self._hookexec(self.name, self._hookimpls.copy(), kwargs, firstresult)
  File "/Users/jayant.dhingra/Desktop/couchbase-lite-tests/.venv/lib/python3.13/site-packages/pluggy/_manager.py", line 120, in _hookexec
    return self._inner_hookexec(hook_name, methods, kwargs, firstresult)
  File "/Users/jayant.dhingra/Desktop/couchbase-lite-tests/.venv/lib/python3.13/site-packages/pluggy/_callers.py", line 103, in _multicall
    res = hook_impl.function(*args)
  File "/Users/jayant.dhingra/Desktop/couchbase-lite-tests/.venv/lib/python3.13/site-packages/_pytest/runner.py", line 179, in pytest_runtest_call
    item.runtest()
  File "/Users/jayant.dhingra/Desktop/couchbase-lite-tests/.venv/lib/python3.13/site-packages/pytest_asyncio/plugin.py", line 469, in runtest
    super().runtest()
  File "/Users/jayant.dhingra/Desktop/couchbase-lite-tests/.venv/lib/python3.13/site-packages/_pytest/python.py", line 1720, in runtest
    self.ihook.pytest_pyfunc_call(pyfuncitem=self)
  File "/Users/jayant.dhingra/Desktop/couchbase-lite-tests/.venv/lib/python3.13/site-packages/pluggy/_hooks.py", line 513, in __call__
    return self._hookexec(self.name, self._hookimpls.copy(), kwargs, firstresult)
  File "/Users/jayant.dhingra/Desktop/couchbase-lite-tests/.venv/lib/python3.13/site-packages/pluggy/_manager.py", line 120, in _hookexec
    return self._inner_hookexec(hook_name, methods, kwargs, firstresult)
  File "/Users/jayant.dhingra/Desktop/couchbase-lite-tests/.venv/lib/python3.13/site-packages/pluggy/_callers.py", line 103, in _multicall
    res = hook_impl.function(*args)
  File "/Users/jayant.dhingra/Desktop/couchbase-lite-tests/.venv/lib/python3.13/site-packages/_pytest/python.py", line 166, in pytest_pyfunc_call
    result = testfunction(**testargs)
  File "/Users/jayant.dhingra/Desktop/couchbase-lite-tests/.venv/lib/python3.13/site-packages/pytest_asyncio/plugin.py", line 716, in inner
    runner.run(coro, context=context)
  File "/opt/homebrew/Cellar/python@3.13/3.13.7/Frameworks/Python.framework/Versions/3.13/lib/python3.13/asyncio/runners.py", line 118, in run
    return self._loop.run_until_complete(task)
  File "/opt/homebrew/Cellar/python@3.13/3.13.7/Frameworks/Python.framework/Versions/3.13/lib/python3.13/asyncio/base_events.py", line 712, in run_until_complete
    self.run_forever()
  File "/opt/homebrew/Cellar/python@3.13/3.13.7/Frameworks/Python.framework/Versions/3.13/lib/python3.13/asyncio/base_events.py", line 683, in run_forever
    self._run_once()
  File "/opt/homebrew/Cellar/python@3.13/3.13.7/Frameworks/Python.framework/Versions/3.13/lib/python3.13/asyncio/base_events.py", line 2050, in _run_once
    handle._run()
  File "/opt/homebrew/Cellar/python@3.13/3.13.7/Frameworks/Python.framework/Versions/3.13/lib/python3.13/asyncio/events.py", line 89, in _run
    self._context.run(self._callback, *self._args)
  File "/Users/jayant.dhingra/Desktop/couchbase-lite-tests/tests/dev_e2e/test_replication_auto_purge.py", line 909, in test_pull_after_restore_access
    dbs = await cblpytest.test_servers[0].create_and_reset_db(["db1"], dataset="posts")
  File "/Users/jayant.dhingra/Desktop/couchbase-lite-tests/client/src/cbltest/api/testserver.py", line 92, in create_and_reset_db
    await self.__request_factory.send_request(self.__index, request)
FAILED
tests/dev_e2e/test_replication_auto_purge.py::TestReplicationAutoPurge::test_push_after_remove_access 2026-08-27 14:28:44,984 [INFO]: 🧹 Couchbase Server and Sync Gateway cleanup started
2026-08-27 14:28:44,986 [DEBUG]: 🧹 SGW <cbltest.api.syncgateway.SyncGateway object at 0x11378b230>: found databases ['posts'], deleting...
2026-08-27 14:28:45,032 [DEBUG]: 🧹 CBS <cbltest.api.couchbaseserver.CouchbaseServer object at 0x11378b620>: found buckets ['posts'], deleting...
2026-08-27 14:28:45,614 [DEBUG]: 🧹 CBS <cbltest.api.couchbaseserver.CouchbaseServer object at 0x11378b620>: waiting for all buckets to be deleted...
2026-08-27 14:28:45,618 [INFO]: 🧹 Couchbase Server and Sync Gateway cleanup finished
2026-08-27 14:28:45,618 [INFO]: Starting test: test_push_after_remove_access
2026-08-27 14:28:45,619 [INFO]: Moving to step 1:
2026-08-27 14:28:45,619 [INFO]: 	Reset SG and load `posts` dataset
2026-08-27 14:29:05,308 [INFO]: Moving to step 2:
2026-08-27 14:29:05,309 [INFO]: 	Reset local database and load `posts` dataset
2026-08-27 14:29:05,309 [DEBUG]: Sending (test_push_after_remove_access) -> 3917af92-025e-4519-be8e-49ffccb813ad v1 POST /reset to http://localhost:5173
2026-08-27 14:29:05,309 [ERROR]: Failed to send (test_push_after_remove_access) -> 3917af92-025e-4519-be8e-49ffccb813ad v1 POST /reset to http://localhost:5173 (Cannot write to closing transport)
Stack (most recent call last):
  File "/Users/jayant.dhingra/Desktop/couchbase-lite-tests/.venv/bin/pytest", line 10, in <module>
    sys.exit(console_main())
  File "/Users/jayant.dhingra/Desktop/couchbase-lite-tests/.venv/lib/python3.13/site-packages/_pytest/config/__init__.py", line 223, in console_main
    code = main()
  File "/Users/jayant.dhingra/Desktop/couchbase-lite-tests/.venv/lib/python3.13/site-packages/_pytest/config/__init__.py", line 199, in main
    ret: ExitCode | int = config.hook.pytest_cmdline_main(config=config)
  File "/Users/jayant.dhingra/Desktop/couchbase-lite-tests/.venv/lib/python3.13/site-packages/pluggy/_hooks.py", line 513, in __call__
    return self._hookexec(self.name, self._hookimpls.copy(), kwargs, firstresult)
  File "/Users/jayant.dhingra/Desktop/couchbase-lite-tests/.venv/lib/python3.13/site-packages/pluggy/_manager.py", line 120, in _hookexec
    return self._inner_hookexec(hook_name, methods, kwargs, firstresult)
  File "/Users/jayant.dhingra/Desktop/couchbase-lite-tests/.venv/lib/python3.13/site-packages/pluggy/_callers.py", line 103, in _multicall
    res = hook_impl.function(*args)
  File "/Users/jayant.dhingra/Desktop/couchbase-lite-tests/.venv/lib/python3.13/site-packages/_pytest/main.py", line 365, in pytest_cmdline_main
    return wrap_session(config, _main)
  File "/Users/jayant.dhingra/Desktop/couchbase-lite-tests/.venv/lib/python3.13/site-packages/_pytest/main.py", line 318, in wrap_session
    session.exitstatus = doit(config, session) or 0
  File "/Users/jayant.dhingra/Desktop/couchbase-lite-tests/.venv/lib/python3.13/site-packages/_pytest/main.py", line 372, in _main
    config.hook.pytest_runtestloop(session=session)
  File "/Users/jayant.dhingra/Desktop/couchbase-lite-tests/.venv/lib/python3.13/site-packages/pluggy/_hooks.py", line 513, in __call__
    return self._hookexec(self.name, self._hookimpls.copy(), kwargs, firstresult)
  File "/Users/jayant.dhingra/Desktop/couchbase-lite-tests/.venv/lib/python3.13/site-packages/pluggy/_manager.py", line 120, in _hookexec
    return self._inner_hookexec(hook_name, methods, kwargs, firstresult)
  File "/Users/jayant.dhingra/Desktop/couchbase-lite-tests/.venv/lib/python3.13/site-packages/pluggy/_callers.py", line 103, in _multicall
    res = hook_impl.function(*args)
  File "/Users/jayant.dhingra/Desktop/couchbase-lite-tests/.venv/lib/python3.13/site-packages/_pytest/main.py", line 396, in pytest_runtestloop
    item.config.hook.pytest_runtest_protocol(item=item, nextitem=nextitem)
  File "/Users/jayant.dhingra/Desktop/couchbase-lite-tests/.venv/lib/python3.13/site-packages/pluggy/_hooks.py", line 513, in __call__
    return self._hookexec(self.name, self._hookimpls.copy(), kwargs, firstresult)
  File "/Users/jayant.dhingra/Desktop/couchbase-lite-tests/.venv/lib/python3.13/site-packages/pluggy/_manager.py", line 120, in _hookexec
    return self._inner_hookexec(hook_name, methods, kwargs, firstresult)
  File "/Users/jayant.dhingra/Desktop/couchbase-lite-tests/.venv/lib/python3.13/site-packages/pluggy/_callers.py", line 103, in _multicall
    res = hook_impl.function(*args)
  File "/Users/jayant.dhingra/Desktop/couchbase-lite-tests/.venv/lib/python3.13/site-packages/_pytest/runner.py", line 118, in pytest_runtest_protocol
    runtestprotocol(item, nextitem=nextitem)
  File "/Users/jayant.dhingra/Desktop/couchbase-lite-tests/.venv/lib/python3.13/site-packages/_pytest/runner.py", line 137, in runtestprotocol
    reports.append(call_and_report(item, "call", log))
  File "/Users/jayant.dhingra/Desktop/couchbase-lite-tests/.venv/lib/python3.13/site-packages/_pytest/runner.py", line 244, in call_and_report
    call = CallInfo.from_call(
  File "/Users/jayant.dhingra/Desktop/couchbase-lite-tests/.venv/lib/python3.13/site-packages/_pytest/runner.py", line 353, in from_call
    result: TResult | None = func()
  File "/Users/jayant.dhingra/Desktop/couchbase-lite-tests/.venv/lib/python3.13/site-packages/_pytest/runner.py", line 245, in <lambda>
    lambda: runtest_hook(item=item, **kwds),
  File "/Users/jayant.dhingra/Desktop/couchbase-lite-tests/.venv/lib/python3.13/site-packages/pluggy/_hooks.py", line 513, in __call__
    return self._hookexec(self.name, self._hookimpls.copy(), kwargs, firstresult)
  File "/Users/jayant.dhingra/Desktop/couchbase-lite-tests/.venv/lib/python3.13/site-packages/pluggy/_manager.py", line 120, in _hookexec
    return self._inner_hookexec(hook_name, methods, kwargs, firstresult)
  File "/Users/jayant.dhingra/Desktop/couchbase-lite-tests/.venv/lib/python3.13/site-packages/pluggy/_callers.py", line 103, in _multicall
    res = hook_impl.function(*args)
  File "/Users/jayant.dhingra/Desktop/couchbase-lite-tests/.venv/lib/python3.13/site-packages/_pytest/runner.py", line 179, in pytest_runtest_call
    item.runtest()
  File "/Users/jayant.dhingra/Desktop/couchbase-lite-tests/.venv/lib/python3.13/site-packages/pytest_asyncio/plugin.py", line 469, in runtest
    super().runtest()
  File "/Users/jayant.dhingra/Desktop/couchbase-lite-tests/.venv/lib/python3.13/site-packages/_pytest/python.py", line 1720, in runtest
    self.ihook.pytest_pyfunc_call(pyfuncitem=self)
  File "/Users/jayant.dhingra/Desktop/couchbase-lite-tests/.venv/lib/python3.13/site-packages/pluggy/_hooks.py", line 513, in __call__
    return self._hookexec(self.name, self._hookimpls.copy(), kwargs, firstresult)
  File "/Users/jayant.dhingra/Desktop/couchbase-lite-tests/.venv/lib/python3.13/site-packages/pluggy/_manager.py", line 120, in _hookexec
    return self._inner_hookexec(hook_name, methods, kwargs, firstresult)
  File "/Users/jayant.dhingra/Desktop/couchbase-lite-tests/.venv/lib/python3.13/site-packages/pluggy/_callers.py", line 103, in _multicall
    res = hook_impl.function(*args)
  File "/Users/jayant.dhingra/Desktop/couchbase-lite-tests/.venv/lib/python3.13/site-packages/_pytest/python.py", line 166, in pytest_pyfunc_call
    result = testfunction(**testargs)
  File "/Users/jayant.dhingra/Desktop/couchbase-lite-tests/.venv/lib/python3.13/site-packages/pytest_asyncio/plugin.py", line 716, in inner
    runner.run(coro, context=context)
  File "/opt/homebrew/Cellar/python@3.13/3.13.7/Frameworks/Python.framework/Versions/3.13/lib/python3.13/asyncio/runners.py", line 118, in run
    return self._loop.run_until_complete(task)
  File "/opt/homebrew/Cellar/python@3.13/3.13.7/Frameworks/Python.framework/Versions/3.13/lib/python3.13/asyncio/base_events.py", line 712, in run_until_complete
    self.run_forever()
  File "/opt/homebrew/Cellar/python@3.13/3.13.7/Frameworks/Python.framework/Versions/3.13/lib/python3.13/asyncio/base_events.py", line 683, in run_forever
    self._run_once()
  File "/opt/homebrew/Cellar/python@3.13/3.13.7/Frameworks/Python.framework/Versions/3.13/lib/python3.13/asyncio/base_events.py", line 2050, in _run_once
    handle._run()
  File "/opt/homebrew/Cellar/python@3.13/3.13.7/Frameworks/Python.framework/Versions/3.13/lib/python3.13/asyncio/events.py", line 89, in _run
    self._context.run(self._callback, *self._args)
  File "/Users/jayant.dhingra/Desktop/couchbase-lite-tests/tests/dev_e2e/test_replication_auto_purge.py", line 1035, in test_push_after_remove_access
    dbs = await cblpytest.test_servers[0].create_and_reset_db(["db1"], dataset="posts")
  File "/Users/jayant.dhingra/Desktop/couchbase-lite-tests/client/src/cbltest/api/testserver.py", line 92, in create_and_reset_db
    await self.__request_factory.send_request(self.__index, request)
FAILED
tests/dev_e2e/test_replication_auto_purge.py::TestReplicationAutoPurge::test_auto_purge_after_resurrection[delete] 2026-08-27 14:29:05,328 [INFO]: 🧹 Couchbase Server and Sync Gateway cleanup started
2026-08-27 14:29:05,330 [DEBUG]: 🧹 SGW <cbltest.api.syncgateway.SyncGateway object at 0x11378b230>: found databases ['posts'], deleting...
2026-08-27 14:29:05,377 [DEBUG]: 🧹 CBS <cbltest.api.couchbaseserver.CouchbaseServer object at 0x11378b620>: found buckets ['posts'], deleting...
2026-08-27 14:29:06,595 [DEBUG]: 🧹 CBS <cbltest.api.couchbaseserver.CouchbaseServer object at 0x11378b620>: waiting for all buckets to be deleted...
2026-08-27 14:29:06,598 [INFO]: 🧹 Couchbase Server and Sync Gateway cleanup finished
2026-08-27 14:29:06,598 [INFO]: Starting test: test_auto_purge_after_resurrection
2026-08-27 14:29:06,599 [INFO]: Moving to step 1:
2026-08-27 14:29:06,599 [INFO]: 	Reset SG and load `posts` dataset
2026-08-27 14:29:25,652 [INFO]: Moving to step 2:
2026-08-27 14:29:25,652 [INFO]: 	Reset local database and load `posts` dataset
2026-08-27 14:29:25,652 [DEBUG]: Sending (test_auto_purge_after_resurrection) -> 3917af92-025e-4519-be8e-49ffccb813ad v1 POST /reset to http://localhost:5173
2026-08-27 14:29:25,653 [ERROR]: Failed to send (test_auto_purge_after_resurrection) -> 3917af92-025e-4519-be8e-49ffccb813ad v1 POST /reset to http://localhost:5173 (Cannot write to closing transport)
Stack (most recent call last):
  File "/Users/jayant.dhingra/Desktop/couchbase-lite-tests/.venv/bin/pytest", line 10, in <module>
    sys.exit(console_main())
  File "/Users/jayant.dhingra/Desktop/couchbase-lite-tests/.venv/lib/python3.13/site-packages/_pytest/config/__init__.py", line 223, in console_main
    code = main()
  File "/Users/jayant.dhingra/Desktop/couchbase-lite-tests/.venv/lib/python3.13/site-packages/_pytest/config/__init__.py", line 199, in main
    ret: ExitCode | int = config.hook.pytest_cmdline_main(config=config)
  File "/Users/jayant.dhingra/Desktop/couchbase-lite-tests/.venv/lib/python3.13/site-packages/pluggy/_hooks.py", line 513, in __call__
    return self._hookexec(self.name, self._hookimpls.copy(), kwargs, firstresult)
  File "/Users/jayant.dhingra/Desktop/couchbase-lite-tests/.venv/lib/python3.13/site-packages/pluggy/_manager.py", line 120, in _hookexec
    return self._inner_hookexec(hook_name, methods, kwargs, firstresult)
  File "/Users/jayant.dhingra/Desktop/couchbase-lite-tests/.venv/lib/python3.13/site-packages/pluggy/_callers.py", line 103, in _multicall
    res = hook_impl.function(*args)
  File "/Users/jayant.dhingra/Desktop/couchbase-lite-tests/.venv/lib/python3.13/site-packages/_pytest/main.py", line 365, in pytest_cmdline_main
    return wrap_session(config, _main)
  File "/Users/jayant.dhingra/Desktop/couchbase-lite-tests/.venv/lib/python3.13/site-packages/_pytest/main.py", line 318, in wrap_session
    session.exitstatus = doit(config, session) or 0
  File "/Users/jayant.dhingra/Desktop/couchbase-lite-tests/.venv/lib/python3.13/site-packages/_pytest/main.py", line 372, in _main
    config.hook.pytest_runtestloop(session=session)
  File "/Users/jayant.dhingra/Desktop/couchbase-lite-tests/.venv/lib/python3.13/site-packages/pluggy/_hooks.py", line 513, in __call__
    return self._hookexec(self.name, self._hookimpls.copy(), kwargs, firstresult)
  File "/Users/jayant.dhingra/Desktop/couchbase-lite-tests/.venv/lib/python3.13/site-packages/pluggy/_manager.py", line 120, in _hookexec
    return self._inner_hookexec(hook_name, methods, kwargs, firstresult)
  File "/Users/jayant.dhingra/Desktop/couchbase-lite-tests/.venv/lib/python3.13/site-packages/pluggy/_callers.py", line 103, in _multicall
    res = hook_impl.function(*args)
  File "/Users/jayant.dhingra/Desktop/couchbase-lite-tests/.venv/lib/python3.13/site-packages/_pytest/main.py", line 396, in pytest_runtestloop
    item.config.hook.pytest_runtest_protocol(item=item, nextitem=nextitem)
  File "/Users/jayant.dhingra/Desktop/couchbase-lite-tests/.venv/lib/python3.13/site-packages/pluggy/_hooks.py", line 513, in __call__
    return self._hookexec(self.name, self._hookimpls.copy(), kwargs, firstresult)
  File "/Users/jayant.dhingra/Desktop/couchbase-lite-tests/.venv/lib/python3.13/site-packages/pluggy/_manager.py", line 120, in _hookexec
    return self._inner_hookexec(hook_name, methods, kwargs, firstresult)
  File "/Users/jayant.dhingra/Desktop/couchbase-lite-tests/.venv/lib/python3.13/site-packages/pluggy/_callers.py", line 103, in _multicall
    res = hook_impl.function(*args)
  File "/Users/jayant.dhingra/Desktop/couchbase-lite-tests/.venv/lib/python3.13/site-packages/_pytest/runner.py", line 118, in pytest_runtest_protocol
    runtestprotocol(item, nextitem=nextitem)
  File "/Users/jayant.dhingra/Desktop/couchbase-lite-tests/.venv/lib/python3.13/site-packages/_pytest/runner.py", line 137, in runtestprotocol
    reports.append(call_and_report(item, "call", log))
  File "/Users/jayant.dhingra/Desktop/couchbase-lite-tests/.venv/lib/python3.13/site-packages/_pytest/runner.py", line 244, in call_and_report
    call = CallInfo.from_call(
  File "/Users/jayant.dhingra/Desktop/couchbase-lite-tests/.venv/lib/python3.13/site-packages/_pytest/runner.py", line 353, in from_call
    result: TResult | None = func()
  File "/Users/jayant.dhingra/Desktop/couchbase-lite-tests/.venv/lib/python3.13/site-packages/_pytest/runner.py", line 245, in <lambda>
    lambda: runtest_hook(item=item, **kwds),
  File "/Users/jayant.dhingra/Desktop/couchbase-lite-tests/.venv/lib/python3.13/site-packages/pluggy/_hooks.py", line 513, in __call__
    return self._hookexec(self.name, self._hookimpls.copy(), kwargs, firstresult)
  File "/Users/jayant.dhingra/Desktop/couchbase-lite-tests/.venv/lib/python3.13/site-packages/pluggy/_manager.py", line 120, in _hookexec
    return self._inner_hookexec(hook_name, methods, kwargs, firstresult)
  File "/Users/jayant.dhingra/Desktop/couchbase-lite-tests/.venv/lib/python3.13/site-packages/pluggy/_callers.py", line 103, in _multicall
    res = hook_impl.function(*args)
  File "/Users/jayant.dhingra/Desktop/couchbase-lite-tests/.venv/lib/python3.13/site-packages/_pytest/runner.py", line 179, in pytest_runtest_call
    item.runtest()
  File "/Users/jayant.dhingra/Desktop/couchbase-lite-tests/.venv/lib/python3.13/site-packages/pytest_asyncio/plugin.py", line 469, in runtest
    super().runtest()
  File "/Users/jayant.dhingra/Desktop/couchbase-lite-tests/.venv/lib/python3.13/site-packages/_pytest/python.py", line 1720, in runtest
    self.ihook.pytest_pyfunc_call(pyfuncitem=self)
  File "/Users/jayant.dhingra/Desktop/couchbase-lite-tests/.venv/lib/python3.13/site-packages/pluggy/_hooks.py", line 513, in __call__
    return self._hookexec(self.name, self._hookimpls.copy(), kwargs, firstresult)
  File "/Users/jayant.dhingra/Desktop/couchbase-lite-tests/.venv/lib/python3.13/site-packages/pluggy/_manager.py", line 120, in _hookexec
    return self._inner_hookexec(hook_name, methods, kwargs, firstresult)
  File "/Users/jayant.dhingra/Desktop/couchbase-lite-tests/.venv/lib/python3.13/site-packages/pluggy/_callers.py", line 103, in _multicall
    res = hook_impl.function(*args)
  File "/Users/jayant.dhingra/Desktop/couchbase-lite-tests/.venv/lib/python3.13/site-packages/_pytest/python.py", line 166, in pytest_pyfunc_call
    result = testfunction(**testargs)
  File "/Users/jayant.dhingra/Desktop/couchbase-lite-tests/.venv/lib/python3.13/site-packages/pytest_asyncio/plugin.py", line 716, in inner
    runner.run(coro, context=context)
  File "/opt/homebrew/Cellar/python@3.13/3.13.7/Frameworks/Python.framework/Versions/3.13/lib/python3.13/asyncio/runners.py", line 118, in run
    return self._loop.run_until_complete(task)
  File "/opt/homebrew/Cellar/python@3.13/3.13.7/Frameworks/Python.framework/Versions/3.13/lib/python3.13/asyncio/base_events.py", line 712, in run_until_complete
    self.run_forever()
  File "/opt/homebrew/Cellar/python@3.13/3.13.7/Frameworks/Python.framework/Versions/3.13/lib/python3.13/asyncio/base_events.py", line 683, in run_forever
    self._run_once()
  File "/opt/homebrew/Cellar/python@3.13/3.13.7/Frameworks/Python.framework/Versions/3.13/lib/python3.13/asyncio/base_events.py", line 2050, in _run_once
    handle._run()
  File "/opt/homebrew/Cellar/python@3.13/3.13.7/Frameworks/Python.framework/Versions/3.13/lib/python3.13/asyncio/events.py", line 89, in _run
    self._context.run(self._callback, *self._args)
  File "/Users/jayant.dhingra/Desktop/couchbase-lite-tests/tests/dev_e2e/test_replication_auto_purge.py", line 1150, in test_auto_purge_after_resurrection
    dbs = await cblpytest.test_servers[0].create_and_reset_db(["db1"], dataset="posts")
  File "/Users/jayant.dhingra/Desktop/couchbase-lite-tests/client/src/cbltest/api/testserver.py", line 92, in create_and_reset_db
    await self.__request_factory.send_request(self.__index, request)
FAILED
tests/dev_e2e/test_replication_auto_purge.py::TestReplicationAutoPurge::test_auto_purge_after_resurrection[purge] 2026-08-27 14:29:25,673 [INFO]: 🧹 Couchbase Server and Sync Gateway cleanup started
2026-08-27 14:29:25,676 [DEBUG]: 🧹 SGW <cbltest.api.syncgateway.SyncGateway object at 0x11378b230>: found databases ['posts'], deleting...
2026-08-27 14:29:25,726 [DEBUG]: 🧹 CBS <cbltest.api.couchbaseserver.CouchbaseServer object at 0x11378b620>: found buckets ['posts'], deleting...
2026-08-27 14:29:26,527 [DEBUG]: 🧹 CBS <cbltest.api.couchbaseserver.CouchbaseServer object at 0x11378b620>: waiting for all buckets to be deleted...
2026-08-27 14:29:26,531 [INFO]: 🧹 Couchbase Server and Sync Gateway cleanup finished
2026-08-27 14:29:26,531 [INFO]: Starting test: test_auto_purge_after_resurrection
2026-08-27 14:29:26,532 [INFO]: Moving to step 1:
2026-08-27 14:29:26,532 [INFO]: 	Reset SG and load `posts` dataset
2026-08-27 14:29:46,011 [INFO]: Moving to step 2:
2026-08-27 14:29:46,012 [INFO]: 	Reset local database and load `posts` dataset
2026-08-27 14:29:46,013 [DEBUG]: Sending (test_auto_purge_after_resurrection) -> 3917af92-025e-4519-be8e-49ffccb813ad v1 POST /reset to http://localhost:5173
2026-08-27 14:29:46,014 [ERROR]: Failed to send (test_auto_purge_after_resurrection) -> 3917af92-025e-4519-be8e-49ffccb813ad v1 POST /reset to http://localhost:5173 (Cannot write to closing transport)
Stack (most recent call last):
  File "/Users/jayant.dhingra/Desktop/couchbase-lite-tests/.venv/bin/pytest", line 10, in <module>
    sys.exit(console_main())
  File "/Users/jayant.dhingra/Desktop/couchbase-lite-tests/.venv/lib/python3.13/site-packages/_pytest/config/__init__.py", line 223, in console_main
    code = main()
  File "/Users/jayant.dhingra/Desktop/couchbase-lite-tests/.venv/lib/python3.13/site-packages/_pytest/config/__init__.py", line 199, in main
    ret: ExitCode | int = config.hook.pytest_cmdline_main(config=config)
  File "/Users/jayant.dhingra/Desktop/couchbase-lite-tests/.venv/lib/python3.13/site-packages/pluggy/_hooks.py", line 513, in __call__
    return self._hookexec(self.name, self._hookimpls.copy(), kwargs, firstresult)
  File "/Users/jayant.dhingra/Desktop/couchbase-lite-tests/.venv/lib/python3.13/site-packages/pluggy/_manager.py", line 120, in _hookexec
    return self._inner_hookexec(hook_name, methods, kwargs, firstresult)
  File "/Users/jayant.dhingra/Desktop/couchbase-lite-tests/.venv/lib/python3.13/site-packages/pluggy/_callers.py", line 103, in _multicall
    res = hook_impl.function(*args)
  File "/Users/jayant.dhingra/Desktop/couchbase-lite-tests/.venv/lib/python3.13/site-packages/_pytest/main.py", line 365, in pytest_cmdline_main
    return wrap_session(config, _main)
  File "/Users/jayant.dhingra/Desktop/couchbase-lite-tests/.venv/lib/python3.13/site-packages/_pytest/main.py", line 318, in wrap_session
    session.exitstatus = doit(config, session) or 0
  File "/Users/jayant.dhingra/Desktop/couchbase-lite-tests/.venv/lib/python3.13/site-packages/_pytest/main.py", line 372, in _main
    config.hook.pytest_runtestloop(session=session)
  File "/Users/jayant.dhingra/Desktop/couchbase-lite-tests/.venv/lib/python3.13/site-packages/pluggy/_hooks.py", line 513, in __call__
    return self._hookexec(self.name, self._hookimpls.copy(), kwargs, firstresult)
  File "/Users/jayant.dhingra/Desktop/couchbase-lite-tests/.venv/lib/python3.13/site-packages/pluggy/_manager.py", line 120, in _hookexec
    return self._inner_hookexec(hook_name, methods, kwargs, firstresult)
  File "/Users/jayant.dhingra/Desktop/couchbase-lite-tests/.venv/lib/python3.13/site-packages/pluggy/_callers.py", line 103, in _multicall
    res = hook_impl.function(*args)
  File "/Users/jayant.dhingra/Desktop/couchbase-lite-tests/.venv/lib/python3.13/site-packages/_pytest/main.py", line 396, in pytest_runtestloop
    item.config.hook.pytest_runtest_protocol(item=item, nextitem=nextitem)
  File "/Users/jayant.dhingra/Desktop/couchbase-lite-tests/.venv/lib/python3.13/site-packages/pluggy/_hooks.py", line 513, in __call__
    return self._hookexec(self.name, self._hookimpls.copy(), kwargs, firstresult)
  File "/Users/jayant.dhingra/Desktop/couchbase-lite-tests/.venv/lib/python3.13/site-packages/pluggy/_manager.py", line 120, in _hookexec
    return self._inner_hookexec(hook_name, methods, kwargs, firstresult)
  File "/Users/jayant.dhingra/Desktop/couchbase-lite-tests/.venv/lib/python3.13/site-packages/pluggy/_callers.py", line 103, in _multicall
    res = hook_impl.function(*args)
  File "/Users/jayant.dhingra/Desktop/couchbase-lite-tests/.venv/lib/python3.13/site-packages/_pytest/runner.py", line 118, in pytest_runtest_protocol
    runtestprotocol(item, nextitem=nextitem)
  File "/Users/jayant.dhingra/Desktop/couchbase-lite-tests/.venv/lib/python3.13/site-packages/_pytest/runner.py", line 137, in runtestprotocol
    reports.append(call_and_report(item, "call", log))
  File "/Users/jayant.dhingra/Desktop/couchbase-lite-tests/.venv/lib/python3.13/site-packages/_pytest/runner.py", line 244, in call_and_report
    call = CallInfo.from_call(
  File "/Users/jayant.dhingra/Desktop/couchbase-lite-tests/.venv/lib/python3.13/site-packages/_pytest/runner.py", line 353, in from_call
    result: TResult | None = func()
  File "/Users/jayant.dhingra/Desktop/couchbase-lite-tests/.venv/lib/python3.13/site-packages/_pytest/runner.py", line 245, in <lambda>
    lambda: runtest_hook(item=item, **kwds),
  File "/Users/jayant.dhingra/Desktop/couchbase-lite-tests/.venv/lib/python3.13/site-packages/pluggy/_hooks.py", line 513, in __call__
    return self._hookexec(self.name, self._hookimpls.copy(), kwargs, firstresult)
  File "/Users/jayant.dhingra/Desktop/couchbase-lite-tests/.venv/lib/python3.13/site-packages/pluggy/_manager.py", line 120, in _hookexec
    return self._inner_hookexec(hook_name, methods, kwargs, firstresult)
  File "/Users/jayant.dhingra/Desktop/couchbase-lite-tests/.venv/lib/python3.13/site-packages/pluggy/_callers.py", line 103, in _multicall
    res = hook_impl.function(*args)
  File "/Users/jayant.dhingra/Desktop/couchbase-lite-tests/.venv/lib/python3.13/site-packages/_pytest/runner.py", line 179, in pytest_runtest_call
    item.runtest()
  File "/Users/jayant.dhingra/Desktop/couchbase-lite-tests/.venv/lib/python3.13/site-packages/pytest_asyncio/plugin.py", line 469, in runtest
    super().runtest()
  File "/Users/jayant.dhingra/Desktop/couchbase-lite-tests/.venv/lib/python3.13/site-packages/_pytest/python.py", line 1720, in runtest
    self.ihook.pytest_pyfunc_call(pyfuncitem=self)
  File "/Users/jayant.dhingra/Desktop/couchbase-lite-tests/.venv/lib/python3.13/site-packages/pluggy/_hooks.py", line 513, in __call__
    return self._hookexec(self.name, self._hookimpls.copy(), kwargs, firstresult)
  File "/Users/jayant.dhingra/Desktop/couchbase-lite-tests/.venv/lib/python3.13/site-packages/pluggy/_manager.py", line 120, in _hookexec
    return self._inner_hookexec(hook_name, methods, kwargs, firstresult)
  File "/Users/jayant.dhingra/Desktop/couchbase-lite-tests/.venv/lib/python3.13/site-packages/pluggy/_callers.py", line 103, in _multicall
    res = hook_impl.function(*args)
  File "/Users/jayant.dhingra/Desktop/couchbase-lite-tests/.venv/lib/python3.13/site-packages/_pytest/python.py", line 166, in pytest_pyfunc_call
    result = testfunction(**testargs)
  File "/Users/jayant.dhingra/Desktop/couchbase-lite-tests/.venv/lib/python3.13/site-packages/pytest_asyncio/plugin.py", line 716, in inner
    runner.run(coro, context=context)
  File "/opt/homebrew/Cellar/python@3.13/3.13.7/Frameworks/Python.framework/Versions/3.13/lib/python3.13/asyncio/runners.py", line 118, in run
    return self._loop.run_until_complete(task)
  File "/opt/homebrew/Cellar/python@3.13/3.13.7/Frameworks/Python.framework/Versions/3.13/lib/python3.13/asyncio/base_events.py", line 712, in run_until_complete
    self.run_forever()
  File "/opt/homebrew/Cellar/python@3.13/3.13.7/Frameworks/Python.framework/Versions/3.13/lib/python3.13/asyncio/base_events.py", line 683, in run_forever
    self._run_once()
  File "/opt/homebrew/Cellar/python@3.13/3.13.7/Frameworks/Python.framework/Versions/3.13/lib/python3.13/asyncio/base_events.py", line 2050, in _run_once
    handle._run()
  File "/opt/homebrew/Cellar/python@3.13/3.13.7/Frameworks/Python.framework/Versions/3.13/lib/python3.13/asyncio/events.py", line 89, in _run
    self._context.run(self._callback, *self._args)
  File "/Users/jayant.dhingra/Desktop/couchbase-lite-tests/tests/dev_e2e/test_replication_auto_purge.py", line 1150, in test_auto_purge_after_resurrection
    dbs = await cblpytest.test_servers[0].create_and_reset_db(["db1"], dataset="posts")
  File "/Users/jayant.dhingra/Desktop/couchbase-lite-tests/client/src/cbltest/api/testserver.py", line 92, in create_and_reset_db
    await self.__request_factory.send_request(self.__index, request)
FAILED
tests/dev_e2e/test_replication_behavior.py::TestReplicationBehavior::test_pull_empty_database_active_only 2026-08-27 14:29:46,033 [INFO]: 🧹 Couchbase Server and Sync Gateway cleanup started
2026-08-27 14:29:46,036 [DEBUG]: 🧹 SGW <cbltest.api.syncgateway.SyncGateway object at 0x11378b230>: found databases ['posts'], deleting...
2026-08-27 14:29:46,086 [DEBUG]: 🧹 CBS <cbltest.api.couchbaseserver.CouchbaseServer object at 0x11378b620>: found buckets ['posts'], deleting...
2026-08-27 14:29:46,608 [DEBUG]: 🧹 CBS <cbltest.api.couchbaseserver.CouchbaseServer object at 0x11378b620>: waiting for all buckets to be deleted...
2026-08-27 14:29:46,613 [INFO]: 🧹 Couchbase Server and Sync Gateway cleanup finished
2026-08-27 14:29:46,613 [INFO]: Starting test: test_pull_empty_database_active_only
2026-08-27 14:29:46,614 [INFO]: Moving to step 1:
2026-08-27 14:29:46,614 [INFO]: 	Reset SG and load `names` dataset
2026-08-27 14:29:53,839 [INFO]: Moving to step 2:
2026-08-27 14:29:53,839 [INFO]: 	Delete name_101 through name_150 on sync gateway
2026-08-27 14:29:53,999 [INFO]: Moving to step 3:
2026-08-27 14:29:53,999 [INFO]: 	Reset local database, and load `empty` dataset
2026-08-27 14:29:53,999 [DEBUG]: Sending (test_pull_empty_database_active_only) -> 3917af92-025e-4519-be8e-49ffccb813ad v1 POST /reset to http://localhost:5173
2026-08-27 14:29:54,000 [ERROR]: Failed to send (test_pull_empty_database_active_only) -> 3917af92-025e-4519-be8e-49ffccb813ad v1 POST /reset to http://localhost:5173 (Cannot write to closing transport)
Stack (most recent call last):
  File "/Users/jayant.dhingra/Desktop/couchbase-lite-tests/.venv/bin/pytest", line 10, in <module>
    sys.exit(console_main())
  File "/Users/jayant.dhingra/Desktop/couchbase-lite-tests/.venv/lib/python3.13/site-packages/_pytest/config/__init__.py", line 223, in console_main
    code = main()
  File "/Users/jayant.dhingra/Desktop/couchbase-lite-tests/.venv/lib/python3.13/site-packages/_pytest/config/__init__.py", line 199, in main
    ret: ExitCode | int = config.hook.pytest_cmdline_main(config=config)
  File "/Users/jayant.dhingra/Desktop/couchbase-lite-tests/.venv/lib/python3.13/site-packages/pluggy/_hooks.py", line 513, in __call__
    return self._hookexec(self.name, self._hookimpls.copy(), kwargs, firstresult)
  File "/Users/jayant.dhingra/Desktop/couchbase-lite-tests/.venv/lib/python3.13/site-packages/pluggy/_manager.py", line 120, in _hookexec
    return self._inner_hookexec(hook_name, methods, kwargs, firstresult)
  File "/Users/jayant.dhingra/Desktop/couchbase-lite-tests/.venv/lib/python3.13/site-packages/pluggy/_callers.py", line 103, in _multicall
    res = hook_impl.function(*args)
  File "/Users/jayant.dhingra/Desktop/couchbase-lite-tests/.venv/lib/python3.13/site-packages/_pytest/main.py", line 365, in pytest_cmdline_main
    return wrap_session(config, _main)
  File "/Users/jayant.dhingra/Desktop/couchbase-lite-tests/.venv/lib/python3.13/site-packages/_pytest/main.py", line 318, in wrap_session
    session.exitstatus = doit(config, session) or 0
  File "/Users/jayant.dhingra/Desktop/couchbase-lite-tests/.venv/lib/python3.13/site-packages/_pytest/main.py", line 372, in _main
    config.hook.pytest_runtestloop(session=session)
  File "/Users/jayant.dhingra/Desktop/couchbase-lite-tests/.venv/lib/python3.13/site-packages/pluggy/_hooks.py", line 513, in __call__
    return self._hookexec(self.name, self._hookimpls.copy(), kwargs, firstresult)
  File "/Users/jayant.dhingra/Desktop/couchbase-lite-tests/.venv/lib/python3.13/site-packages/pluggy/_manager.py", line 120, in _hookexec
    return self._inner_hookexec(hook_name, methods, kwargs, firstresult)
  File "/Users/jayant.dhingra/Desktop/couchbase-lite-tests/.venv/lib/python3.13/site-packages/pluggy/_callers.py", line 103, in _multicall
    res = hook_impl.function(*args)
  File "/Users/jayant.dhingra/Desktop/couchbase-lite-tests/.venv/lib/python3.13/site-packages/_pytest/main.py", line 396, in pytest_runtestloop
    item.config.hook.pytest_runtest_protocol(item=item, nextitem=nextitem)
  File "/Users/jayant.dhingra/Desktop/couchbase-lite-tests/.venv/lib/python3.13/site-packages/pluggy/_hooks.py", line 513, in __call__
    return self._hookexec(self.name, self._hookimpls.copy(), kwargs, firstresult)
  File "/Users/jayant.dhingra/Desktop/couchbase-lite-tests/.venv/lib/python3.13/site-packages/pluggy/_manager.py", line 120, in _hookexec
    return self._inner_hookexec(hook_name, methods, kwargs, firstresult)
  File "/Users/jayant.dhingra/Desktop/couchbase-lite-tests/.venv/lib/python3.13/site-packages/pluggy/_callers.py", line 103, in _multicall
    res = hook_impl.function(*args)
  File "/Users/jayant.dhingra/Desktop/couchbase-lite-tests/.venv/lib/python3.13/site-packages/_pytest/runner.py", line 118, in pytest_runtest_protocol
    runtestprotocol(item, nextitem=nextitem)
  File "/Users/jayant.dhingra/Desktop/couchbase-lite-tests/.venv/lib/python3.13/site-packages/_pytest/runner.py", line 137, in runtestprotocol
    reports.append(call_and_report(item, "call", log))
  File "/Users/jayant.dhingra/Desktop/couchbase-lite-tests/.venv/lib/python3.13/site-packages/_pytest/runner.py", line 244, in call_and_report
    call = CallInfo.from_call(
  File "/Users/jayant.dhingra/Desktop/couchbase-lite-tests/.venv/lib/python3.13/site-packages/_pytest/runner.py", line 353, in from_call
    result: TResult | None = func()
  File "/Users/jayant.dhingra/Desktop/couchbase-lite-tests/.venv/lib/python3.13/site-packages/_pytest/runner.py", line 245, in <lambda>
    lambda: runtest_hook(item=item, **kwds),
  File "/Users/jayant.dhingra/Desktop/couchbase-lite-tests/.venv/lib/python3.13/site-packages/pluggy/_hooks.py", line 513, in __call__
    return self._hookexec(self.name, self._hookimpls.copy(), kwargs, firstresult)
  File "/Users/jayant.dhingra/Desktop/couchbase-lite-tests/.venv/lib/python3.13/site-packages/pluggy/_manager.py", line 120, in _hookexec
    return self._inner_hookexec(hook_name, methods, kwargs, firstresult)
  File "/Users/jayant.dhingra/Desktop/couchbase-lite-tests/.venv/lib/python3.13/site-packages/pluggy/_callers.py", line 103, in _multicall
    res = hook_impl.function(*args)
  File "/Users/jayant.dhingra/Desktop/couchbase-lite-tests/.venv/lib/python3.13/site-packages/_pytest/runner.py", line 179, in pytest_runtest_call
    item.runtest()
  File "/Users/jayant.dhingra/Desktop/couchbase-lite-tests/.venv/lib/python3.13/site-packages/pytest_asyncio/plugin.py", line 469, in runtest
    super().runtest()
  File "/Users/jayant.dhingra/Desktop/couchbase-lite-tests/.venv/lib/python3.13/site-packages/_pytest/python.py", line 1720, in runtest
    self.ihook.pytest_pyfunc_call(pyfuncitem=self)
  File "/Users/jayant.dhingra/Desktop/couchbase-lite-tests/.venv/lib/python3.13/site-packages/pluggy/_hooks.py", line 513, in __call__
    return self._hookexec(self.name, self._hookimpls.copy(), kwargs, firstresult)
  File "/Users/jayant.dhingra/Desktop/couchbase-lite-tests/.venv/lib/python3.13/site-packages/pluggy/_manager.py", line 120, in _hookexec
    return self._inner_hookexec(hook_name, methods, kwargs, firstresult)
  File "/Users/jayant.dhingra/Desktop/couchbase-lite-tests/.venv/lib/python3.13/site-packages/pluggy/_callers.py", line 103, in _multicall
    res = hook_impl.function(*args)
  File "/Users/jayant.dhingra/Desktop/couchbase-lite-tests/.venv/lib/python3.13/site-packages/_pytest/python.py", line 166, in pytest_pyfunc_call
    result = testfunction(**testargs)
  File "/Users/jayant.dhingra/Desktop/couchbase-lite-tests/.venv/lib/python3.13/site-packages/pytest_asyncio/plugin.py", line 716, in inner
    runner.run(coro, context=context)
  File "/opt/homebrew/Cellar/python@3.13/3.13.7/Frameworks/Python.framework/Versions/3.13/lib/python3.13/asyncio/runners.py", line 118, in run
    return self._loop.run_until_complete(task)
  File "/opt/homebrew/Cellar/python@3.13/3.13.7/Frameworks/Python.framework/Versions/3.13/lib/python3.13/asyncio/base_events.py", line 712, in run_until_complete
    self.run_forever()
  File "/opt/homebrew/Cellar/python@3.13/3.13.7/Frameworks/Python.framework/Versions/3.13/lib/python3.13/asyncio/base_events.py", line 683, in run_forever
    self._run_once()
  File "/opt/homebrew/Cellar/python@3.13/3.13.7/Frameworks/Python.framework/Versions/3.13/lib/python3.13/asyncio/base_events.py", line 2050, in _run_once
    handle._run()
  File "/opt/homebrew/Cellar/python@3.13/3.13.7/Frameworks/Python.framework/Versions/3.13/lib/python3.13/asyncio/events.py", line 89, in _run
    self._context.run(self._callback, *self._args)
  File "/Users/jayant.dhingra/Desktop/couchbase-lite-tests/tests/dev_e2e/test_replication_behavior.py", line 38, in test_pull_empty_database_active_only
    dbs = await cblpytest.test_servers[0].create_and_reset_db(["db1"])
  File "/Users/jayant.dhingra/Desktop/couchbase-lite-tests/client/src/cbltest/api/testserver.py", line 92, in create_and_reset_db
    await self.__request_factory.send_request(self.__index, request)
FAILED
tests/dev_e2e/test_replication_behavior.py::TestReplicationBehavior::test_pull_resurrected_doc 2026-08-27 14:29:54,012 [INFO]: 🧹 Couchbase Server and Sync Gateway cleanup started
2026-08-27 14:29:54,015 [DEBUG]: 🧹 SGW <cbltest.api.syncgateway.SyncGateway object at 0x11378b230>: found databases ['names'], deleting...
2026-08-27 14:29:54,060 [DEBUG]: 🧹 CBS <cbltest.api.couchbaseserver.CouchbaseServer object at 0x11378b620>: found buckets ['names'], deleting...
2026-08-27 14:29:55,378 [DEBUG]: 🧹 CBS <cbltest.api.couchbaseserver.CouchbaseServer object at 0x11378b620>: waiting for all buckets to be deleted...
2026-08-27 14:29:55,381 [INFO]: 🧹 Couchbase Server and Sync Gateway cleanup finished
2026-08-27 14:29:55,381 [INFO]: Starting test: test_pull_resurrected_doc
SKIPPED
tests/dev_e2e/test_replication_blob.py::TestReplicationBlob::test_pull_non_blob_changes_with_delta_sync_and_compact 2026-08-27 14:29:55,382 [INFO]: 🧹 Couchbase Server and Sync Gateway cleanup started
2026-08-27 14:29:55,385 [DEBUG]: 🧹 SGW <cbltest.api.syncgateway.SyncGateway object at 0x11378b230>: found databases [], deleting...
2026-08-27 14:29:55,388 [DEBUG]: 🧹 CBS <cbltest.api.couchbaseserver.CouchbaseServer object at 0x11378b620>: no buckets to delete
2026-08-27 14:29:55,388 [INFO]: 🧹 Couchbase Server and Sync Gateway cleanup finished
2026-08-27 14:29:55,388 [INFO]: Starting test: test_pull_non_blob_changes_with_delta_sync_and_compact
SKIPPED
tests/dev_e2e/test_replication_blob.py::TestReplicationBlob::test_blob_replication 2026-08-27 14:29:55,389 [INFO]: 🧹 Couchbase Server and Sync Gateway cleanup started
2026-08-27 14:29:55,391 [DEBUG]: 🧹 SGW <cbltest.api.syncgateway.SyncGateway object at 0x11378b230>: found databases [], deleting...
2026-08-27 14:29:55,394 [DEBUG]: 🧹 CBS <cbltest.api.couchbaseserver.CouchbaseServer object at 0x11378b620>: no buckets to delete
2026-08-27 14:29:55,394 [INFO]: 🧹 Couchbase Server and Sync Gateway cleanup finished
2026-08-27 14:29:55,394 [INFO]: Starting test: test_blob_replication
2026-08-27 14:29:55,394 [INFO]: Moving to step 1:
2026-08-27 14:29:55,394 [INFO]: 	Reset SG and load `names` dataset.
2026-08-27 14:30:22,874 [INFO]: Moving to step 2:
2026-08-27 14:30:22,874 [INFO]: 	Reset empty local database
2026-08-27 14:30:22,874 [DEBUG]: Sending (test_blob_replication) -> 3917af92-025e-4519-be8e-49ffccb813ad v1 POST /reset to http://localhost:5173
2026-08-27 14:30:22,875 [ERROR]: Failed to send (test_blob_replication) -> 3917af92-025e-4519-be8e-49ffccb813ad v1 POST /reset to http://localhost:5173 (Cannot write to closing transport)
Stack (most recent call last):
  File "/Users/jayant.dhingra/Desktop/couchbase-lite-tests/.venv/bin/pytest", line 10, in <module>
    sys.exit(console_main())
  File "/Users/jayant.dhingra/Desktop/couchbase-lite-tests/.venv/lib/python3.13/site-packages/_pytest/config/__init__.py", line 223, in console_main
    code = main()
  File "/Users/jayant.dhingra/Desktop/couchbase-lite-tests/.venv/lib/python3.13/site-packages/_pytest/config/__init__.py", line 199, in main
    ret: ExitCode | int = config.hook.pytest_cmdline_main(config=config)
  File "/Users/jayant.dhingra/Desktop/couchbase-lite-tests/.venv/lib/python3.13/site-packages/pluggy/_hooks.py", line 513, in __call__
    return self._hookexec(self.name, self._hookimpls.copy(), kwargs, firstresult)
  File "/Users/jayant.dhingra/Desktop/couchbase-lite-tests/.venv/lib/python3.13/site-packages/pluggy/_manager.py", line 120, in _hookexec
    return self._inner_hookexec(hook_name, methods, kwargs, firstresult)
  File "/Users/jayant.dhingra/Desktop/couchbase-lite-tests/.venv/lib/python3.13/site-packages/pluggy/_callers.py", line 103, in _multicall
    res = hook_impl.function(*args)
  File "/Users/jayant.dhingra/Desktop/couchbase-lite-tests/.venv/lib/python3.13/site-packages/_pytest/main.py", line 365, in pytest_cmdline_main
    return wrap_session(config, _main)
  File "/Users/jayant.dhingra/Desktop/couchbase-lite-tests/.venv/lib/python3.13/site-packages/_pytest/main.py", line 318, in wrap_session
    session.exitstatus = doit(config, session) or 0
  File "/Users/jayant.dhingra/Desktop/couchbase-lite-tests/.venv/lib/python3.13/site-packages/_pytest/main.py", line 372, in _main
    config.hook.pytest_runtestloop(session=session)
  File "/Users/jayant.dhingra/Desktop/couchbase-lite-tests/.venv/lib/python3.13/site-packages/pluggy/_hooks.py", line 513, in __call__
    return self._hookexec(self.name, self._hookimpls.copy(), kwargs, firstresult)
  File "/Users/jayant.dhingra/Desktop/couchbase-lite-tests/.venv/lib/python3.13/site-packages/pluggy/_manager.py", line 120, in _hookexec
    return self._inner_hookexec(hook_name, methods, kwargs, firstresult)
  File "/Users/jayant.dhingra/Desktop/couchbase-lite-tests/.venv/lib/python3.13/site-packages/pluggy/_callers.py", line 103, in _multicall
    res = hook_impl.function(*args)
  File "/Users/jayant.dhingra/Desktop/couchbase-lite-tests/.venv/lib/python3.13/site-packages/_pytest/main.py", line 396, in pytest_runtestloop
    item.config.hook.pytest_runtest_protocol(item=item, nextitem=nextitem)
  File "/Users/jayant.dhingra/Desktop/couchbase-lite-tests/.venv/lib/python3.13/site-packages/pluggy/_hooks.py", line 513, in __call__
    return self._hookexec(self.name, self._hookimpls.copy(), kwargs, firstresult)
  File "/Users/jayant.dhingra/Desktop/couchbase-lite-tests/.venv/lib/python3.13/site-packages/pluggy/_manager.py", line 120, in _hookexec
    return self._inner_hookexec(hook_name, methods, kwargs, firstresult)
  File "/Users/jayant.dhingra/Desktop/couchbase-lite-tests/.venv/lib/python3.13/site-packages/pluggy/_callers.py", line 103, in _multicall
    res = hook_impl.function(*args)
  File "/Users/jayant.dhingra/Desktop/couchbase-lite-tests/.venv/lib/python3.13/site-packages/_pytest/runner.py", line 118, in pytest_runtest_protocol
    runtestprotocol(item, nextitem=nextitem)
  File "/Users/jayant.dhingra/Desktop/couchbase-lite-tests/.venv/lib/python3.13/site-packages/_pytest/runner.py", line 137, in runtestprotocol
    reports.append(call_and_report(item, "call", log))
  File "/Users/jayant.dhingra/Desktop/couchbase-lite-tests/.venv/lib/python3.13/site-packages/_pytest/runner.py", line 244, in call_and_report
    call = CallInfo.from_call(
  File "/Users/jayant.dhingra/Desktop/couchbase-lite-tests/.venv/lib/python3.13/site-packages/_pytest/runner.py", line 353, in from_call
    result: TResult | None = func()
  File "/Users/jayant.dhingra/Desktop/couchbase-lite-tests/.venv/lib/python3.13/site-packages/_pytest/runner.py", line 245, in <lambda>
    lambda: runtest_hook(item=item, **kwds),
  File "/Users/jayant.dhingra/Desktop/couchbase-lite-tests/.venv/lib/python3.13/site-packages/pluggy/_hooks.py", line 513, in __call__
    return self._hookexec(self.name, self._hookimpls.copy(), kwargs, firstresult)
  File "/Users/jayant.dhingra/Desktop/couchbase-lite-tests/.venv/lib/python3.13/site-packages/pluggy/_manager.py", line 120, in _hookexec
    return self._inner_hookexec(hook_name, methods, kwargs, firstresult)
  File "/Users/jayant.dhingra/Desktop/couchbase-lite-tests/.venv/lib/python3.13/site-packages/pluggy/_callers.py", line 103, in _multicall
    res = hook_impl.function(*args)
  File "/Users/jayant.dhingra/Desktop/couchbase-lite-tests/.venv/lib/python3.13/site-packages/_pytest/runner.py", line 179, in pytest_runtest_call
    item.runtest()
  File "/Users/jayant.dhingra/Desktop/couchbase-lite-tests/.venv/lib/python3.13/site-packages/pytest_asyncio/plugin.py", line 469, in runtest
    super().runtest()
  File "/Users/jayant.dhingra/Desktop/couchbase-lite-tests/.venv/lib/python3.13/site-packages/_pytest/python.py", line 1720, in runtest
    self.ihook.pytest_pyfunc_call(pyfuncitem=self)
  File "/Users/jayant.dhingra/Desktop/couchbase-lite-tests/.venv/lib/python3.13/site-packages/pluggy/_hooks.py", line 513, in __call__
    return self._hookexec(self.name, self._hookimpls.copy(), kwargs, firstresult)
  File "/Users/jayant.dhingra/Desktop/couchbase-lite-tests/.venv/lib/python3.13/site-packages/pluggy/_manager.py", line 120, in _hookexec
    return self._inner_hookexec(hook_name, methods, kwargs, firstresult)
  File "/Users/jayant.dhingra/Desktop/couchbase-lite-tests/.venv/lib/python3.13/site-packages/pluggy/_callers.py", line 103, in _multicall
    res = hook_impl.function(*args)
  File "/Users/jayant.dhingra/Desktop/couchbase-lite-tests/.venv/lib/python3.13/site-packages/_pytest/python.py", line 166, in pytest_pyfunc_call
    result = testfunction(**testargs)
  File "/Users/jayant.dhingra/Desktop/couchbase-lite-tests/.venv/lib/python3.13/site-packages/pytest_asyncio/plugin.py", line 716, in inner
    runner.run(coro, context=context)
  File "/opt/homebrew/Cellar/python@3.13/3.13.7/Frameworks/Python.framework/Versions/3.13/lib/python3.13/asyncio/runners.py", line 118, in run
    return self._loop.run_until_complete(task)
  File "/opt/homebrew/Cellar/python@3.13/3.13.7/Frameworks/Python.framework/Versions/3.13/lib/python3.13/asyncio/base_events.py", line 712, in run_until_complete
    self.run_forever()
  File "/opt/homebrew/Cellar/python@3.13/3.13.7/Frameworks/Python.framework/Versions/3.13/lib/python3.13/asyncio/base_events.py", line 683, in run_forever
    self._run_once()
  File "/opt/homebrew/Cellar/python@3.13/3.13.7/Frameworks/Python.framework/Versions/3.13/lib/python3.13/asyncio/base_events.py", line 2050, in _run_once
    handle._run()
  File "/opt/homebrew/Cellar/python@3.13/3.13.7/Frameworks/Python.framework/Versions/3.13/lib/python3.13/asyncio/events.py", line 89, in _run
    self._context.run(self._callback, *self._args)
  File "/Users/jayant.dhingra/Desktop/couchbase-lite-tests/tests/dev_e2e/test_replication_blob.py", line 201, in test_blob_replication
    dbs = await cblpytest.test_servers[0].create_and_reset_db(["db1"])
  File "/Users/jayant.dhingra/Desktop/couchbase-lite-tests/client/src/cbltest/api/testserver.py", line 92, in create_and_reset_db
    await self.__request_factory.send_request(self.__index, request)
FAILED
tests/dev_e2e/test_replication_filter.py::TestReplicationFilter::test_push_document_ids_filter 2026-08-27 14:30:22,887 [INFO]: 🧹 Couchbase Server and Sync Gateway cleanup started
2026-08-27 14:30:22,890 [DEBUG]: 🧹 SGW <cbltest.api.syncgateway.SyncGateway object at 0x11378b230>: found databases ['names'], deleting...
2026-08-27 14:30:22,935 [DEBUG]: 🧹 CBS <cbltest.api.couchbaseserver.CouchbaseServer object at 0x11378b620>: found buckets ['names'], deleting...
2026-08-27 14:30:23,359 [DEBUG]: 🧹 CBS <cbltest.api.couchbaseserver.CouchbaseServer object at 0x11378b620>: waiting for all buckets to be deleted...
2026-08-27 14:30:23,361 [INFO]: 🧹 Couchbase Server and Sync Gateway cleanup finished
2026-08-27 14:30:23,362 [INFO]: Starting test: test_push_document_ids_filter
2026-08-27 14:30:23,362 [INFO]: Moving to step 1:
2026-08-27 14:30:23,362 [INFO]: 	Reset SG and load `travel` dataset.
2026-08-27 14:31:10,493 [INFO]: Moving to step 2:
2026-08-27 14:31:10,493 [INFO]: 	Reset local database, and load `travel` dataset.
2026-08-27 14:31:10,493 [DEBUG]: Sending (test_push_document_ids_filter) -> 3917af92-025e-4519-be8e-49ffccb813ad v1 POST /reset to http://localhost:5173
2026-08-27 14:31:10,495 [ERROR]: Failed to send (test_push_document_ids_filter) -> 3917af92-025e-4519-be8e-49ffccb813ad v1 POST /reset to http://localhost:5173 (Cannot write to closing transport)
Stack (most recent call last):
  File "/Users/jayant.dhingra/Desktop/couchbase-lite-tests/.venv/bin/pytest", line 10, in <module>
    sys.exit(console_main())
  File "/Users/jayant.dhingra/Desktop/couchbase-lite-tests/.venv/lib/python3.13/site-packages/_pytest/config/__init__.py", line 223, in console_main
    code = main()
  File "/Users/jayant.dhingra/Desktop/couchbase-lite-tests/.venv/lib/python3.13/site-packages/_pytest/config/__init__.py", line 199, in main
    ret: ExitCode | int = config.hook.pytest_cmdline_main(config=config)
  File "/Users/jayant.dhingra/Desktop/couchbase-lite-tests/.venv/lib/python3.13/site-packages/pluggy/_hooks.py", line 513, in __call__
    return self._hookexec(self.name, self._hookimpls.copy(), kwargs, firstresult)
  File "/Users/jayant.dhingra/Desktop/couchbase-lite-tests/.venv/lib/python3.13/site-packages/pluggy/_manager.py", line 120, in _hookexec
    return self._inner_hookexec(hook_name, methods, kwargs, firstresult)
  File "/Users/jayant.dhingra/Desktop/couchbase-lite-tests/.venv/lib/python3.13/site-packages/pluggy/_callers.py", line 103, in _multicall
    res = hook_impl.function(*args)
  File "/Users/jayant.dhingra/Desktop/couchbase-lite-tests/.venv/lib/python3.13/site-packages/_pytest/main.py", line 365, in pytest_cmdline_main
    return wrap_session(config, _main)
  File "/Users/jayant.dhingra/Desktop/couchbase-lite-tests/.venv/lib/python3.13/site-packages/_pytest/main.py", line 318, in wrap_session
    session.exitstatus = doit(config, session) or 0
  File "/Users/jayant.dhingra/Desktop/couchbase-lite-tests/.venv/lib/python3.13/site-packages/_pytest/main.py", line 372, in _main
    config.hook.pytest_runtestloop(session=session)
  File "/Users/jayant.dhingra/Desktop/couchbase-lite-tests/.venv/lib/python3.13/site-packages/pluggy/_hooks.py", line 513, in __call__
    return self._hookexec(self.name, self._hookimpls.copy(), kwargs, firstresult)
  File "/Users/jayant.dhingra/Desktop/couchbase-lite-tests/.venv/lib/python3.13/site-packages/pluggy/_manager.py", line 120, in _hookexec
    return self._inner_hookexec(hook_name, methods, kwargs, firstresult)
  File "/Users/jayant.dhingra/Desktop/couchbase-lite-tests/.venv/lib/python3.13/site-packages/pluggy/_callers.py", line 103, in _multicall
    res = hook_impl.function(*args)
  File "/Users/jayant.dhingra/Desktop/couchbase-lite-tests/.venv/lib/python3.13/site-packages/_pytest/main.py", line 396, in pytest_runtestloop
    item.config.hook.pytest_runtest_protocol(item=item, nextitem=nextitem)
  File "/Users/jayant.dhingra/Desktop/couchbase-lite-tests/.venv/lib/python3.13/site-packages/pluggy/_hooks.py", line 513, in __call__
    return self._hookexec(self.name, self._hookimpls.copy(), kwargs, firstresult)
  File "/Users/jayant.dhingra/Desktop/couchbase-lite-tests/.venv/lib/python3.13/site-packages/pluggy/_manager.py", line 120, in _hookexec
    return self._inner_hookexec(hook_name, methods, kwargs, firstresult)
  File "/Users/jayant.dhingra/Desktop/couchbase-lite-tests/.venv/lib/python3.13/site-packages/pluggy/_callers.py", line 103, in _multicall
    res = hook_impl.function(*args)
  File "/Users/jayant.dhingra/Desktop/couchbase-lite-tests/.venv/lib/python3.13/site-packages/_pytest/runner.py", line 118, in pytest_runtest_protocol
    runtestprotocol(item, nextitem=nextitem)
  File "/Users/jayant.dhingra/Desktop/couchbase-lite-tests/.venv/lib/python3.13/site-packages/_pytest/runner.py", line 137, in runtestprotocol
    reports.append(call_and_report(item, "call", log))
  File "/Users/jayant.dhingra/Desktop/couchbase-lite-tests/.venv/lib/python3.13/site-packages/_pytest/runner.py", line 244, in call_and_report
    call = CallInfo.from_call(
  File "/Users/jayant.dhingra/Desktop/couchbase-lite-tests/.venv/lib/python3.13/site-packages/_pytest/runner.py", line 353, in from_call
    result: TResult | None = func()
  File "/Users/jayant.dhingra/Desktop/couchbase-lite-tests/.venv/lib/python3.13/site-packages/_pytest/runner.py", line 245, in <lambda>
    lambda: runtest_hook(item=item, **kwds),
  File "/Users/jayant.dhingra/Desktop/couchbase-lite-tests/.venv/lib/python3.13/site-packages/pluggy/_hooks.py", line 513, in __call__
    return self._hookexec(self.name, self._hookimpls.copy(), kwargs, firstresult)
  File "/Users/jayant.dhingra/Desktop/couchbase-lite-tests/.venv/lib/python3.13/site-packages/pluggy/_manager.py", line 120, in _hookexec
    return self._inner_hookexec(hook_name, methods, kwargs, firstresult)
  File "/Users/jayant.dhingra/Desktop/couchbase-lite-tests/.venv/lib/python3.13/site-packages/pluggy/_callers.py", line 103, in _multicall
    res = hook_impl.function(*args)
  File "/Users/jayant.dhingra/Desktop/couchbase-lite-tests/.venv/lib/python3.13/site-packages/_pytest/runner.py", line 179, in pytest_runtest_call
    item.runtest()
  File "/Users/jayant.dhingra/Desktop/couchbase-lite-tests/.venv/lib/python3.13/site-packages/pytest_asyncio/plugin.py", line 469, in runtest
    super().runtest()
  File "/Users/jayant.dhingra/Desktop/couchbase-lite-tests/.venv/lib/python3.13/site-packages/_pytest/python.py", line 1720, in runtest
    self.ihook.pytest_pyfunc_call(pyfuncitem=self)
  File "/Users/jayant.dhingra/Desktop/couchbase-lite-tests/.venv/lib/python3.13/site-packages/pluggy/_hooks.py", line 513, in __call__
    return self._hookexec(self.name, self._hookimpls.copy(), kwargs, firstresult)
  File "/Users/jayant.dhingra/Desktop/couchbase-lite-tests/.venv/lib/python3.13/site-packages/pluggy/_manager.py", line 120, in _hookexec
    return self._inner_hookexec(hook_name, methods, kwargs, firstresult)
  File "/Users/jayant.dhingra/Desktop/couchbase-lite-tests/.venv/lib/python3.13/site-packages/pluggy/_callers.py", line 103, in _multicall
    res = hook_impl.function(*args)
  File "/Users/jayant.dhingra/Desktop/couchbase-lite-tests/.venv/lib/python3.13/site-packages/_pytest/python.py", line 166, in pytest_pyfunc_call
    result = testfunction(**testargs)
  File "/Users/jayant.dhingra/Desktop/couchbase-lite-tests/.venv/lib/python3.13/site-packages/pytest_asyncio/plugin.py", line 716, in inner
    runner.run(coro, context=context)
  File "/opt/homebrew/Cellar/python@3.13/3.13.7/Frameworks/Python.framework/Versions/3.13/lib/python3.13/asyncio/runners.py", line 118, in run
    return self._loop.run_until_complete(task)
  File "/opt/homebrew/Cellar/python@3.13/3.13.7/Frameworks/Python.framework/Versions/3.13/lib/python3.13/asyncio/base_events.py", line 712, in run_until_complete
    self.run_forever()
  File "/opt/homebrew/Cellar/python@3.13/3.13.7/Frameworks/Python.framework/Versions/3.13/lib/python3.13/asyncio/base_events.py", line 683, in run_forever
    self._run_once()
  File "/opt/homebrew/Cellar/python@3.13/3.13.7/Frameworks/Python.framework/Versions/3.13/lib/python3.13/asyncio/base_events.py", line 2050, in _run_once
    handle._run()
  File "/opt/homebrew/Cellar/python@3.13/3.13.7/Frameworks/Python.framework/Versions/3.13/lib/python3.13/asyncio/events.py", line 89, in _run
    self._context.run(self._callback, *self._args)
  File "/Users/jayant.dhingra/Desktop/couchbase-lite-tests/tests/dev_e2e/test_replication_filter.py", line 40, in test_push_document_ids_filter
    dbs = await cblpytest.test_servers[0].create_and_reset_db(["db1"], dataset="travel")
  File "/Users/jayant.dhingra/Desktop/couchbase-lite-tests/client/src/cbltest/api/testserver.py", line 92, in create_and_reset_db
    await self.__request_factory.send_request(self.__index, request)
FAILED
tests/dev_e2e/test_replication_filter.py::TestReplicationFilter::test_pull_document_ids_filter 2026-08-27 14:31:10,511 [INFO]: 🧹 Couchbase Server and Sync Gateway cleanup started
2026-08-27 14:31:10,513 [DEBUG]: 🧹 SGW <cbltest.api.syncgateway.SyncGateway object at 0x11378b230>: found databases ['travel'], deleting...
2026-08-27 14:31:10,580 [DEBUG]: 🧹 CBS <cbltest.api.couchbaseserver.CouchbaseServer object at 0x11378b620>: found buckets ['travel'], deleting...
2026-08-27 14:31:11,966 [DEBUG]: 🧹 CBS <cbltest.api.couchbaseserver.CouchbaseServer object at 0x11378b620>: waiting for all buckets to be deleted...
2026-08-27 14:31:11,969 [INFO]: 🧹 Couchbase Server and Sync Gateway cleanup finished
2026-08-27 14:31:11,969 [INFO]: Starting test: test_pull_document_ids_filter
2026-08-27 14:31:11,969 [INFO]: Moving to step 1:
2026-08-27 14:31:11,969 [INFO]: 	Reset SG and load `travel` dataset.
2026-08-27 14:31:59,032 [INFO]: Moving to step 2:
2026-08-27 14:31:59,032 [INFO]: 	Reset local database, and load `travel` dataset.
2026-08-27 14:31:59,032 [DEBUG]: Sending (test_pull_document_ids_filter) -> 3917af92-025e-4519-be8e-49ffccb813ad v1 POST /reset to http://localhost:5173
2026-08-27 14:31:59,033 [ERROR]: Failed to send (test_pull_document_ids_filter) -> 3917af92-025e-4519-be8e-49ffccb813ad v1 POST /reset to http://localhost:5173 (Cannot write to closing transport)
Stack (most recent call last):
  File "/Users/jayant.dhingra/Desktop/couchbase-lite-tests/.venv/bin/pytest", line 10, in <module>
    sys.exit(console_main())
  File "/Users/jayant.dhingra/Desktop/couchbase-lite-tests/.venv/lib/python3.13/site-packages/_pytest/config/__init__.py", line 223, in console_main
    code = main()
  File "/Users/jayant.dhingra/Desktop/couchbase-lite-tests/.venv/lib/python3.13/site-packages/_pytest/config/__init__.py", line 199, in main
    ret: ExitCode | int = config.hook.pytest_cmdline_main(config=config)
  File "/Users/jayant.dhingra/Desktop/couchbase-lite-tests/.venv/lib/python3.13/site-packages/pluggy/_hooks.py", line 513, in __call__
    return self._hookexec(self.name, self._hookimpls.copy(), kwargs, firstresult)
  File "/Users/jayant.dhingra/Desktop/couchbase-lite-tests/.venv/lib/python3.13/site-packages/pluggy/_manager.py", line 120, in _hookexec
    return self._inner_hookexec(hook_name, methods, kwargs, firstresult)
  File "/Users/jayant.dhingra/Desktop/couchbase-lite-tests/.venv/lib/python3.13/site-packages/pluggy/_callers.py", line 103, in _multicall
    res = hook_impl.function(*args)
  File "/Users/jayant.dhingra/Desktop/couchbase-lite-tests/.venv/lib/python3.13/site-packages/_pytest/main.py", line 365, in pytest_cmdline_main
    return wrap_session(config, _main)
  File "/Users/jayant.dhingra/Desktop/couchbase-lite-tests/.venv/lib/python3.13/site-packages/_pytest/main.py", line 318, in wrap_session
    session.exitstatus = doit(config, session) or 0
  File "/Users/jayant.dhingra/Desktop/couchbase-lite-tests/.venv/lib/python3.13/site-packages/_pytest/main.py", line 372, in _main
    config.hook.pytest_runtestloop(session=session)
  File "/Users/jayant.dhingra/Desktop/couchbase-lite-tests/.venv/lib/python3.13/site-packages/pluggy/_hooks.py", line 513, in __call__
    return self._hookexec(self.name, self._hookimpls.copy(), kwargs, firstresult)
  File "/Users/jayant.dhingra/Desktop/couchbase-lite-tests/.venv/lib/python3.13/site-packages/pluggy/_manager.py", line 120, in _hookexec
    return self._inner_hookexec(hook_name, methods, kwargs, firstresult)
  File "/Users/jayant.dhingra/Desktop/couchbase-lite-tests/.venv/lib/python3.13/site-packages/pluggy/_callers.py", line 103, in _multicall
    res = hook_impl.function(*args)
  File "/Users/jayant.dhingra/Desktop/couchbase-lite-tests/.venv/lib/python3.13/site-packages/_pytest/main.py", line 396, in pytest_runtestloop
    item.config.hook.pytest_runtest_protocol(item=item, nextitem=nextitem)
  File "/Users/jayant.dhingra/Desktop/couchbase-lite-tests/.venv/lib/python3.13/site-packages/pluggy/_hooks.py", line 513, in __call__
    return self._hookexec(self.name, self._hookimpls.copy(), kwargs, firstresult)
  File "/Users/jayant.dhingra/Desktop/couchbase-lite-tests/.venv/lib/python3.13/site-packages/pluggy/_manager.py", line 120, in _hookexec
    return self._inner_hookexec(hook_name, methods, kwargs, firstresult)
  File "/Users/jayant.dhingra/Desktop/couchbase-lite-tests/.venv/lib/python3.13/site-packages/pluggy/_callers.py", line 103, in _multicall
    res = hook_impl.function(*args)
  File "/Users/jayant.dhingra/Desktop/couchbase-lite-tests/.venv/lib/python3.13/site-packages/_pytest/runner.py", line 118, in pytest_runtest_protocol
    runtestprotocol(item, nextitem=nextitem)
  File "/Users/jayant.dhingra/Desktop/couchbase-lite-tests/.venv/lib/python3.13/site-packages/_pytest/runner.py", line 137, in runtestprotocol
    reports.append(call_and_report(item, "call", log))
  File "/Users/jayant.dhingra/Desktop/couchbase-lite-tests/.venv/lib/python3.13/site-packages/_pytest/runner.py", line 244, in call_and_report
    call = CallInfo.from_call(
  File "/Users/jayant.dhingra/Desktop/couchbase-lite-tests/.venv/lib/python3.13/site-packages/_pytest/runner.py", line 353, in from_call
    result: TResult | None = func()
  File "/Users/jayant.dhingra/Desktop/couchbase-lite-tests/.venv/lib/python3.13/site-packages/_pytest/runner.py", line 245, in <lambda>
    lambda: runtest_hook(item=item, **kwds),
  File "/Users/jayant.dhingra/Desktop/couchbase-lite-tests/.venv/lib/python3.13/site-packages/pluggy/_hooks.py", line 513, in __call__
    return self._hookexec(self.name, self._hookimpls.copy(), kwargs, firstresult)
  File "/Users/jayant.dhingra/Desktop/couchbase-lite-tests/.venv/lib/python3.13/site-packages/pluggy/_manager.py", line 120, in _hookexec
    return self._inner_hookexec(hook_name, methods, kwargs, firstresult)
  File "/Users/jayant.dhingra/Desktop/couchbase-lite-tests/.venv/lib/python3.13/site-packages/pluggy/_callers.py", line 103, in _multicall
    res = hook_impl.function(*args)
  File "/Users/jayant.dhingra/Desktop/couchbase-lite-tests/.venv/lib/python3.13/site-packages/_pytest/runner.py", line 179, in pytest_runtest_call
    item.runtest()
  File "/Users/jayant.dhingra/Desktop/couchbase-lite-tests/.venv/lib/python3.13/site-packages/pytest_asyncio/plugin.py", line 469, in runtest
    super().runtest()
  File "/Users/jayant.dhingra/Desktop/couchbase-lite-tests/.venv/lib/python3.13/site-packages/_pytest/python.py", line 1720, in runtest
    self.ihook.pytest_pyfunc_call(pyfuncitem=self)
  File "/Users/jayant.dhingra/Desktop/couchbase-lite-tests/.venv/lib/python3.13/site-packages/pluggy/_hooks.py", line 513, in __call__
    return self._hookexec(self.name, self._hookimpls.copy(), kwargs, firstresult)
  File "/Users/jayant.dhingra/Desktop/couchbase-lite-tests/.venv/lib/python3.13/site-packages/pluggy/_manager.py", line 120, in _hookexec
    return self._inner_hookexec(hook_name, methods, kwargs, firstresult)
  File "/Users/jayant.dhingra/Desktop/couchbase-lite-tests/.venv/lib/python3.13/site-packages/pluggy/_callers.py", line 103, in _multicall
    res = hook_impl.function(*args)
  File "/Users/jayant.dhingra/Desktop/couchbase-lite-tests/.venv/lib/python3.13/site-packages/_pytest/python.py", line 166, in pytest_pyfunc_call
    result = testfunction(**testargs)
  File "/Users/jayant.dhingra/Desktop/couchbase-lite-tests/.venv/lib/python3.13/site-packages/pytest_asyncio/plugin.py", line 716, in inner
    runner.run(coro, context=context)
  File "/opt/homebrew/Cellar/python@3.13/3.13.7/Frameworks/Python.framework/Versions/3.13/lib/python3.13/asyncio/runners.py", line 118, in run
    return self._loop.run_until_complete(task)
  File "/opt/homebrew/Cellar/python@3.13/3.13.7/Frameworks/Python.framework/Versions/3.13/lib/python3.13/asyncio/base_events.py", line 712, in run_until_complete
    self.run_forever()
  File "/opt/homebrew/Cellar/python@3.13/3.13.7/Frameworks/Python.framework/Versions/3.13/lib/python3.13/asyncio/base_events.py", line 683, in run_forever
    self._run_once()
  File "/opt/homebrew/Cellar/python@3.13/3.13.7/Frameworks/Python.framework/Versions/3.13/lib/python3.13/asyncio/base_events.py", line 2050, in _run_once
    handle._run()
  File "/opt/homebrew/Cellar/python@3.13/3.13.7/Frameworks/Python.framework/Versions/3.13/lib/python3.13/asyncio/events.py", line 89, in _run
    self._context.run(self._callback, *self._args)
  File "/Users/jayant.dhingra/Desktop/couchbase-lite-tests/tests/dev_e2e/test_replication_filter.py", line 121, in test_pull_document_ids_filter
    dbs = await cblpytest.test_servers[0].create_and_reset_db(["db1"], dataset="travel")
  File "/Users/jayant.dhingra/Desktop/couchbase-lite-tests/client/src/cbltest/api/testserver.py", line 92, in create_and_reset_db
    await self.__request_factory.send_request(self.__index, request)
FAILED
tests/dev_e2e/test_replication_filter.py::TestReplicationFilter::test_pull_channels_filter 2026-08-27 14:31:59,046 [INFO]: 🧹 Couchbase Server and Sync Gateway cleanup started
2026-08-27 14:31:59,049 [DEBUG]: 🧹 SGW <cbltest.api.syncgateway.SyncGateway object at 0x11378b230>: found databases ['travel'], deleting...
2026-08-27 14:31:59,109 [DEBUG]: 🧹 CBS <cbltest.api.couchbaseserver.CouchbaseServer object at 0x11378b620>: found buckets ['travel'], deleting...
2026-08-27 14:31:59,516 [DEBUG]: 🧹 CBS <cbltest.api.couchbaseserver.CouchbaseServer object at 0x11378b620>: waiting for all buckets to be deleted...
2026-08-27 14:31:59,519 [INFO]: 🧹 Couchbase Server and Sync Gateway cleanup finished
2026-08-27 14:31:59,519 [INFO]: Starting test: test_pull_channels_filter
2026-08-27 14:31:59,520 [INFO]: Moving to step 1:
2026-08-27 14:31:59,520 [INFO]: 	Reset SG and load `travel` dataset.
2026-08-27 14:32:46,412 [INFO]: Moving to step 2:
2026-08-27 14:32:46,412 [INFO]: 	Reset local database, and load `travel` dataset.
2026-08-27 14:32:46,413 [DEBUG]: Sending (test_pull_channels_filter) -> 3917af92-025e-4519-be8e-49ffccb813ad v1 POST /reset to http://localhost:5173
2026-08-27 14:32:46,414 [ERROR]: Failed to send (test_pull_channels_filter) -> 3917af92-025e-4519-be8e-49ffccb813ad v1 POST /reset to http://localhost:5173 (Cannot write to closing transport)
Stack (most recent call last):
  File "/Users/jayant.dhingra/Desktop/couchbase-lite-tests/.venv/bin/pytest", line 10, in <module>
    sys.exit(console_main())
  File "/Users/jayant.dhingra/Desktop/couchbase-lite-tests/.venv/lib/python3.13/site-packages/_pytest/config/__init__.py", line 223, in console_main
    code = main()
  File "/Users/jayant.dhingra/Desktop/couchbase-lite-tests/.venv/lib/python3.13/site-packages/_pytest/config/__init__.py", line 199, in main
    ret: ExitCode | int = config.hook.pytest_cmdline_main(config=config)
  File "/Users/jayant.dhingra/Desktop/couchbase-lite-tests/.venv/lib/python3.13/site-packages/pluggy/_hooks.py", line 513, in __call__
    return self._hookexec(self.name, self._hookimpls.copy(), kwargs, firstresult)
  File "/Users/jayant.dhingra/Desktop/couchbase-lite-tests/.venv/lib/python3.13/site-packages/pluggy/_manager.py", line 120, in _hookexec
    return self._inner_hookexec(hook_name, methods, kwargs, firstresult)
  File "/Users/jayant.dhingra/Desktop/couchbase-lite-tests/.venv/lib/python3.13/site-packages/pluggy/_callers.py", line 103, in _multicall
    res = hook_impl.function(*args)
  File "/Users/jayant.dhingra/Desktop/couchbase-lite-tests/.venv/lib/python3.13/site-packages/_pytest/main.py", line 365, in pytest_cmdline_main
    return wrap_session(config, _main)
  File "/Users/jayant.dhingra/Desktop/couchbase-lite-tests/.venv/lib/python3.13/site-packages/_pytest/main.py", line 318, in wrap_session
    session.exitstatus = doit(config, session) or 0
  File "/Users/jayant.dhingra/Desktop/couchbase-lite-tests/.venv/lib/python3.13/site-packages/_pytest/main.py", line 372, in _main
    config.hook.pytest_runtestloop(session=session)
  File "/Users/jayant.dhingra/Desktop/couchbase-lite-tests/.venv/lib/python3.13/site-packages/pluggy/_hooks.py", line 513, in __call__
    return self._hookexec(self.name, self._hookimpls.copy(), kwargs, firstresult)
  File "/Users/jayant.dhingra/Desktop/couchbase-lite-tests/.venv/lib/python3.13/site-packages/pluggy/_manager.py", line 120, in _hookexec
    return self._inner_hookexec(hook_name, methods, kwargs, firstresult)
  File "/Users/jayant.dhingra/Desktop/couchbase-lite-tests/.venv/lib/python3.13/site-packages/pluggy/_callers.py", line 103, in _multicall
    res = hook_impl.function(*args)
  File "/Users/jayant.dhingra/Desktop/couchbase-lite-tests/.venv/lib/python3.13/site-packages/_pytest/main.py", line 396, in pytest_runtestloop
    item.config.hook.pytest_runtest_protocol(item=item, nextitem=nextitem)
  File "/Users/jayant.dhingra/Desktop/couchbase-lite-tests/.venv/lib/python3.13/site-packages/pluggy/_hooks.py", line 513, in __call__
    return self._hookexec(self.name, self._hookimpls.copy(), kwargs, firstresult)
  File "/Users/jayant.dhingra/Desktop/couchbase-lite-tests/.venv/lib/python3.13/site-packages/pluggy/_manager.py", line 120, in _hookexec
    return self._inner_hookexec(hook_name, methods, kwargs, firstresult)
  File "/Users/jayant.dhingra/Desktop/couchbase-lite-tests/.venv/lib/python3.13/site-packages/pluggy/_callers.py", line 103, in _multicall
    res = hook_impl.function(*args)
  File "/Users/jayant.dhingra/Desktop/couchbase-lite-tests/.venv/lib/python3.13/site-packages/_pytest/runner.py", line 118, in pytest_runtest_protocol
    runtestprotocol(item, nextitem=nextitem)
  File "/Users/jayant.dhingra/Desktop/couchbase-lite-tests/.venv/lib/python3.13/site-packages/_pytest/runner.py", line 137, in runtestprotocol
    reports.append(call_and_report(item, "call", log))
  File "/Users/jayant.dhingra/Desktop/couchbase-lite-tests/.venv/lib/python3.13/site-packages/_pytest/runner.py", line 244, in call_and_report
    call = CallInfo.from_call(
  File "/Users/jayant.dhingra/Desktop/couchbase-lite-tests/.venv/lib/python3.13/site-packages/_pytest/runner.py", line 353, in from_call
    result: TResult | None = func()
  File "/Users/jayant.dhingra/Desktop/couchbase-lite-tests/.venv/lib/python3.13/site-packages/_pytest/runner.py", line 245, in <lambda>
    lambda: runtest_hook(item=item, **kwds),
  File "/Users/jayant.dhingra/Desktop/couchbase-lite-tests/.venv/lib/python3.13/site-packages/pluggy/_hooks.py", line 513, in __call__
    return self._hookexec(self.name, self._hookimpls.copy(), kwargs, firstresult)
  File "/Users/jayant.dhingra/Desktop/couchbase-lite-tests/.venv/lib/python3.13/site-packages/pluggy/_manager.py", line 120, in _hookexec
    return self._inner_hookexec(hook_name, methods, kwargs, firstresult)
  File "/Users/jayant.dhingra/Desktop/couchbase-lite-tests/.venv/lib/python3.13/site-packages/pluggy/_callers.py", line 103, in _multicall
    res = hook_impl.function(*args)
  File "/Users/jayant.dhingra/Desktop/couchbase-lite-tests/.venv/lib/python3.13/site-packages/_pytest/runner.py", line 179, in pytest_runtest_call
    item.runtest()
  File "/Users/jayant.dhingra/Desktop/couchbase-lite-tests/.venv/lib/python3.13/site-packages/pytest_asyncio/plugin.py", line 469, in runtest
    super().runtest()
  File "/Users/jayant.dhingra/Desktop/couchbase-lite-tests/.venv/lib/python3.13/site-packages/_pytest/python.py", line 1720, in runtest
    self.ihook.pytest_pyfunc_call(pyfuncitem=self)
  File "/Users/jayant.dhingra/Desktop/couchbase-lite-tests/.venv/lib/python3.13/site-packages/pluggy/_hooks.py", line 513, in __call__
    return self._hookexec(self.name, self._hookimpls.copy(), kwargs, firstresult)
  File "/Users/jayant.dhingra/Desktop/couchbase-lite-tests/.venv/lib/python3.13/site-packages/pluggy/_manager.py", line 120, in _hookexec
    return self._inner_hookexec(hook_name, methods, kwargs, firstresult)
  File "/Users/jayant.dhingra/Desktop/couchbase-lite-tests/.venv/lib/python3.13/site-packages/pluggy/_callers.py", line 103, in _multicall
    res = hook_impl.function(*args)
  File "/Users/jayant.dhingra/Desktop/couchbase-lite-tests/.venv/lib/python3.13/site-packages/_pytest/python.py", line 166, in pytest_pyfunc_call
    result = testfunction(**testargs)
  File "/Users/jayant.dhingra/Desktop/couchbase-lite-tests/.venv/lib/python3.13/site-packages/pytest_asyncio/plugin.py", line 716, in inner
    runner.run(coro, context=context)
  File "/opt/homebrew/Cellar/python@3.13/3.13.7/Frameworks/Python.framework/Versions/3.13/lib/python3.13/asyncio/runners.py", line 118, in run
    return self._loop.run_until_complete(task)
  File "/opt/homebrew/Cellar/python@3.13/3.13.7/Frameworks/Python.framework/Versions/3.13/lib/python3.13/asyncio/base_events.py", line 712, in run_until_complete
    self.run_forever()
  File "/opt/homebrew/Cellar/python@3.13/3.13.7/Frameworks/Python.framework/Versions/3.13/lib/python3.13/asyncio/base_events.py", line 683, in run_forever
    self._run_once()
  File "/opt/homebrew/Cellar/python@3.13/3.13.7/Frameworks/Python.framework/Versions/3.13/lib/python3.13/asyncio/base_events.py", line 2050, in _run_once
    handle._run()
  File "/opt/homebrew/Cellar/python@3.13/3.13.7/Frameworks/Python.framework/Versions/3.13/lib/python3.13/asyncio/events.py", line 89, in _run
    self._context.run(self._callback, *self._args)
  File "/Users/jayant.dhingra/Desktop/couchbase-lite-tests/tests/dev_e2e/test_replication_filter.py", line 211, in test_pull_channels_filter
    dbs = await cblpytest.test_servers[0].create_and_reset_db(["db1"], dataset="travel")
  File "/Users/jayant.dhingra/Desktop/couchbase-lite-tests/client/src/cbltest/api/testserver.py", line 92, in create_and_reset_db
    await self.__request_factory.send_request(self.__index, request)
FAILED
tests/dev_e2e/test_replication_filter.py::TestReplicationFilter::test_replicate_public_channel 2026-08-27 14:32:46,430 [INFO]: 🧹 Couchbase Server and Sync Gateway cleanup started
2026-08-27 14:32:46,433 [DEBUG]: 🧹 SGW <cbltest.api.syncgateway.SyncGateway object at 0x11378b230>: found databases ['travel'], deleting...
2026-08-27 14:32:46,495 [DEBUG]: 🧹 CBS <cbltest.api.couchbaseserver.CouchbaseServer object at 0x11378b620>: found buckets ['travel'], deleting...
2026-08-27 14:32:47,842 [DEBUG]: 🧹 CBS <cbltest.api.couchbaseserver.CouchbaseServer object at 0x11378b620>: waiting for all buckets to be deleted...
2026-08-27 14:32:47,845 [INFO]: 🧹 Couchbase Server and Sync Gateway cleanup finished
2026-08-27 14:32:47,845 [INFO]: Starting test: test_replicate_public_channel
2026-08-27 14:32:47,845 [INFO]: Moving to step 1:
2026-08-27 14:32:47,845 [INFO]: 	Reset SG and load `names` dataset.
2026-08-27 14:32:54,987 [INFO]: Moving to step 2:
2026-08-27 14:32:54,987 [INFO]: 	Reset local database, and load `empty` dataset.
2026-08-27 14:32:54,988 [DEBUG]: Sending (test_replicate_public_channel) -> 3917af92-025e-4519-be8e-49ffccb813ad v1 POST /reset to http://localhost:5173
2026-08-27 14:32:54,989 [ERROR]: Failed to send (test_replicate_public_channel) -> 3917af92-025e-4519-be8e-49ffccb813ad v1 POST /reset to http://localhost:5173 (Cannot write to closing transport)
Stack (most recent call last):
  File "/Users/jayant.dhingra/Desktop/couchbase-lite-tests/.venv/bin/pytest", line 10, in <module>
    sys.exit(console_main())
  File "/Users/jayant.dhingra/Desktop/couchbase-lite-tests/.venv/lib/python3.13/site-packages/_pytest/config/__init__.py", line 223, in console_main
    code = main()
  File "/Users/jayant.dhingra/Desktop/couchbase-lite-tests/.venv/lib/python3.13/site-packages/_pytest/config/__init__.py", line 199, in main
    ret: ExitCode | int = config.hook.pytest_cmdline_main(config=config)
  File "/Users/jayant.dhingra/Desktop/couchbase-lite-tests/.venv/lib/python3.13/site-packages/pluggy/_hooks.py", line 513, in __call__
    return self._hookexec(self.name, self._hookimpls.copy(), kwargs, firstresult)
  File "/Users/jayant.dhingra/Desktop/couchbase-lite-tests/.venv/lib/python3.13/site-packages/pluggy/_manager.py", line 120, in _hookexec
    return self._inner_hookexec(hook_name, methods, kwargs, firstresult)
  File "/Users/jayant.dhingra/Desktop/couchbase-lite-tests/.venv/lib/python3.13/site-packages/pluggy/_callers.py", line 103, in _multicall
    res = hook_impl.function(*args)
  File "/Users/jayant.dhingra/Desktop/couchbase-lite-tests/.venv/lib/python3.13/site-packages/_pytest/main.py", line 365, in pytest_cmdline_main
    return wrap_session(config, _main)
  File "/Users/jayant.dhingra/Desktop/couchbase-lite-tests/.venv/lib/python3.13/site-packages/_pytest/main.py", line 318, in wrap_session
    session.exitstatus = doit(config, session) or 0
  File "/Users/jayant.dhingra/Desktop/couchbase-lite-tests/.venv/lib/python3.13/site-packages/_pytest/main.py", line 372, in _main
    config.hook.pytest_runtestloop(session=session)
  File "/Users/jayant.dhingra/Desktop/couchbase-lite-tests/.venv/lib/python3.13/site-packages/pluggy/_hooks.py", line 513, in __call__
    return self._hookexec(self.name, self._hookimpls.copy(), kwargs, firstresult)
  File "/Users/jayant.dhingra/Desktop/couchbase-lite-tests/.venv/lib/python3.13/site-packages/pluggy/_manager.py", line 120, in _hookexec
    return self._inner_hookexec(hook_name, methods, kwargs, firstresult)
  File "/Users/jayant.dhingra/Desktop/couchbase-lite-tests/.venv/lib/python3.13/site-packages/pluggy/_callers.py", line 103, in _multicall
    res = hook_impl.function(*args)
  File "/Users/jayant.dhingra/Desktop/couchbase-lite-tests/.venv/lib/python3.13/site-packages/_pytest/main.py", line 396, in pytest_runtestloop
    item.config.hook.pytest_runtest_protocol(item=item, nextitem=nextitem)
  File "/Users/jayant.dhingra/Desktop/couchbase-lite-tests/.venv/lib/python3.13/site-packages/pluggy/_hooks.py", line 513, in __call__
    return self._hookexec(self.name, self._hookimpls.copy(), kwargs, firstresult)
  File "/Users/jayant.dhingra/Desktop/couchbase-lite-tests/.venv/lib/python3.13/site-packages/pluggy/_manager.py", line 120, in _hookexec
    return self._inner_hookexec(hook_name, methods, kwargs, firstresult)
  File "/Users/jayant.dhingra/Desktop/couchbase-lite-tests/.venv/lib/python3.13/site-packages/pluggy/_callers.py", line 103, in _multicall
    res = hook_impl.function(*args)
  File "/Users/jayant.dhingra/Desktop/couchbase-lite-tests/.venv/lib/python3.13/site-packages/_pytest/runner.py", line 118, in pytest_runtest_protocol
    runtestprotocol(item, nextitem=nextitem)
  File "/Users/jayant.dhingra/Desktop/couchbase-lite-tests/.venv/lib/python3.13/site-packages/_pytest/runner.py", line 137, in runtestprotocol
    reports.append(call_and_report(item, "call", log))
  File "/Users/jayant.dhingra/Desktop/couchbase-lite-tests/.venv/lib/python3.13/site-packages/_pytest/runner.py", line 244, in call_and_report
    call = CallInfo.from_call(
  File "/Users/jayant.dhingra/Desktop/couchbase-lite-tests/.venv/lib/python3.13/site-packages/_pytest/runner.py", line 353, in from_call
    result: TResult | None = func()
  File "/Users/jayant.dhingra/Desktop/couchbase-lite-tests/.venv/lib/python3.13/site-packages/_pytest/runner.py", line 245, in <lambda>
    lambda: runtest_hook(item=item, **kwds),
  File "/Users/jayant.dhingra/Desktop/couchbase-lite-tests/.venv/lib/python3.13/site-packages/pluggy/_hooks.py", line 513, in __call__
    return self._hookexec(self.name, self._hookimpls.copy(), kwargs, firstresult)
  File "/Users/jayant.dhingra/Desktop/couchbase-lite-tests/.venv/lib/python3.13/site-packages/pluggy/_manager.py", line 120, in _hookexec
    return self._inner_hookexec(hook_name, methods, kwargs, firstresult)
  File "/Users/jayant.dhingra/Desktop/couchbase-lite-tests/.venv/lib/python3.13/site-packages/pluggy/_callers.py", line 103, in _multicall
    res = hook_impl.function(*args)
  File "/Users/jayant.dhingra/Desktop/couchbase-lite-tests/.venv/lib/python3.13/site-packages/_pytest/runner.py", line 179, in pytest_runtest_call
    item.runtest()
  File "/Users/jayant.dhingra/Desktop/couchbase-lite-tests/.venv/lib/python3.13/site-packages/pytest_asyncio/plugin.py", line 469, in runtest
    super().runtest()
  File "/Users/jayant.dhingra/Desktop/couchbase-lite-tests/.venv/lib/python3.13/site-packages/_pytest/python.py", line 1720, in runtest
    self.ihook.pytest_pyfunc_call(pyfuncitem=self)
  File "/Users/jayant.dhingra/Desktop/couchbase-lite-tests/.venv/lib/python3.13/site-packages/pluggy/_hooks.py", line 513, in __call__
    return self._hookexec(self.name, self._hookimpls.copy(), kwargs, firstresult)
  File "/Users/jayant.dhingra/Desktop/couchbase-lite-tests/.venv/lib/python3.13/site-packages/pluggy/_manager.py", line 120, in _hookexec
    return self._inner_hookexec(hook_name, methods, kwargs, firstresult)
  File "/Users/jayant.dhingra/Desktop/couchbase-lite-tests/.venv/lib/python3.13/site-packages/pluggy/_callers.py", line 103, in _multicall
    res = hook_impl.function(*args)
  File "/Users/jayant.dhingra/Desktop/couchbase-lite-tests/.venv/lib/python3.13/site-packages/_pytest/python.py", line 166, in pytest_pyfunc_call
    result = testfunction(**testargs)
  File "/Users/jayant.dhingra/Desktop/couchbase-lite-tests/.venv/lib/python3.13/site-packages/pytest_asyncio/plugin.py", line 716, in inner
    runner.run(coro, context=context)
  File "/opt/homebrew/Cellar/python@3.13/3.13.7/Frameworks/Python.framework/Versions/3.13/lib/python3.13/asyncio/runners.py", line 118, in run
    return self._loop.run_until_complete(task)
  File "/opt/homebrew/Cellar/python@3.13/3.13.7/Frameworks/Python.framework/Versions/3.13/lib/python3.13/asyncio/base_events.py", line 712, in run_until_complete
    self.run_forever()
  File "/opt/homebrew/Cellar/python@3.13/3.13.7/Frameworks/Python.framework/Versions/3.13/lib/python3.13/asyncio/base_events.py", line 683, in run_forever
    self._run_once()
  File "/opt/homebrew/Cellar/python@3.13/3.13.7/Frameworks/Python.framework/Versions/3.13/lib/python3.13/asyncio/base_events.py", line 2050, in _run_once
    handle._run()
  File "/opt/homebrew/Cellar/python@3.13/3.13.7/Frameworks/Python.framework/Versions/3.13/lib/python3.13/asyncio/events.py", line 89, in _run
    self._context.run(self._callback, *self._args)
  File "/Users/jayant.dhingra/Desktop/couchbase-lite-tests/tests/dev_e2e/test_replication_filter.py", line 332, in test_replicate_public_channel
    dbs = await cblpytest.test_servers[0].create_and_reset_db(["db1"])
  File "/Users/jayant.dhingra/Desktop/couchbase-lite-tests/client/src/cbltest/api/testserver.py", line 92, in create_and_reset_db
    await self.__request_factory.send_request(self.__index, request)
FAILED
tests/dev_e2e/test_replication_filter.py::TestReplicationFilter::test_custom_push_filter 2026-08-27 14:32:55,008 [INFO]: 🧹 Couchbase Server and Sync Gateway cleanup started
2026-08-27 14:32:55,011 [DEBUG]: 🧹 SGW <cbltest.api.syncgateway.SyncGateway object at 0x11378b230>: found databases ['names'], deleting...
2026-08-27 14:32:55,058 [DEBUG]: 🧹 CBS <cbltest.api.couchbaseserver.CouchbaseServer object at 0x11378b620>: found buckets ['names'], deleting...
2026-08-27 14:32:55,501 [DEBUG]: 🧹 CBS <cbltest.api.couchbaseserver.CouchbaseServer object at 0x11378b620>: waiting for all buckets to be deleted...
2026-08-27 14:32:55,505 [INFO]: 🧹 Couchbase Server and Sync Gateway cleanup finished
2026-08-27 14:32:55,506 [INFO]: Starting test: test_custom_push_filter
2026-08-27 14:32:55,507 [INFO]: Moving to step 1:
2026-08-27 14:32:55,507 [INFO]: 	Reset SG and load `names` dataset.
2026-08-27 14:33:23,808 [INFO]: Moving to step 2:
2026-08-27 14:33:23,808 [INFO]: 	Reset local database, and load `names` dataset.
2026-08-27 14:33:23,809 [DEBUG]: Sending (test_custom_push_filter) -> 3917af92-025e-4519-be8e-49ffccb813ad v1 POST /reset to http://localhost:5173
2026-08-27 14:33:23,810 [ERROR]: Failed to send (test_custom_push_filter) -> 3917af92-025e-4519-be8e-49ffccb813ad v1 POST /reset to http://localhost:5173 (Cannot write to closing transport)
Stack (most recent call last):
  File "/Users/jayant.dhingra/Desktop/couchbase-lite-tests/.venv/bin/pytest", line 10, in <module>
    sys.exit(console_main())
  File "/Users/jayant.dhingra/Desktop/couchbase-lite-tests/.venv/lib/python3.13/site-packages/_pytest/config/__init__.py", line 223, in console_main
    code = main()
  File "/Users/jayant.dhingra/Desktop/couchbase-lite-tests/.venv/lib/python3.13/site-packages/_pytest/config/__init__.py", line 199, in main
    ret: ExitCode | int = config.hook.pytest_cmdline_main(config=config)
  File "/Users/jayant.dhingra/Desktop/couchbase-lite-tests/.venv/lib/python3.13/site-packages/pluggy/_hooks.py", line 513, in __call__
    return self._hookexec(self.name, self._hookimpls.copy(), kwargs, firstresult)
  File "/Users/jayant.dhingra/Desktop/couchbase-lite-tests/.venv/lib/python3.13/site-packages/pluggy/_manager.py", line 120, in _hookexec
    return self._inner_hookexec(hook_name, methods, kwargs, firstresult)
  File "/Users/jayant.dhingra/Desktop/couchbase-lite-tests/.venv/lib/python3.13/site-packages/pluggy/_callers.py", line 103, in _multicall
    res = hook_impl.function(*args)
  File "/Users/jayant.dhingra/Desktop/couchbase-lite-tests/.venv/lib/python3.13/site-packages/_pytest/main.py", line 365, in pytest_cmdline_main
    return wrap_session(config, _main)
  File "/Users/jayant.dhingra/Desktop/couchbase-lite-tests/.venv/lib/python3.13/site-packages/_pytest/main.py", line 318, in wrap_session
    session.exitstatus = doit(config, session) or 0
  File "/Users/jayant.dhingra/Desktop/couchbase-lite-tests/.venv/lib/python3.13/site-packages/_pytest/main.py", line 372, in _main
    config.hook.pytest_runtestloop(session=session)
  File "/Users/jayant.dhingra/Desktop/couchbase-lite-tests/.venv/lib/python3.13/site-packages/pluggy/_hooks.py", line 513, in __call__
    return self._hookexec(self.name, self._hookimpls.copy(), kwargs, firstresult)
  File "/Users/jayant.dhingra/Desktop/couchbase-lite-tests/.venv/lib/python3.13/site-packages/pluggy/_manager.py", line 120, in _hookexec
    return self._inner_hookexec(hook_name, methods, kwargs, firstresult)
  File "/Users/jayant.dhingra/Desktop/couchbase-lite-tests/.venv/lib/python3.13/site-packages/pluggy/_callers.py", line 103, in _multicall
    res = hook_impl.function(*args)
  File "/Users/jayant.dhingra/Desktop/couchbase-lite-tests/.venv/lib/python3.13/site-packages/_pytest/main.py", line 396, in pytest_runtestloop
    item.config.hook.pytest_runtest_protocol(item=item, nextitem=nextitem)
  File "/Users/jayant.dhingra/Desktop/couchbase-lite-tests/.venv/lib/python3.13/site-packages/pluggy/_hooks.py", line 513, in __call__
    return self._hookexec(self.name, self._hookimpls.copy(), kwargs, firstresult)
  File "/Users/jayant.dhingra/Desktop/couchbase-lite-tests/.venv/lib/python3.13/site-packages/pluggy/_manager.py", line 120, in _hookexec
    return self._inner_hookexec(hook_name, methods, kwargs, firstresult)
  File "/Users/jayant.dhingra/Desktop/couchbase-lite-tests/.venv/lib/python3.13/site-packages/pluggy/_callers.py", line 103, in _multicall
    res = hook_impl.function(*args)
  File "/Users/jayant.dhingra/Desktop/couchbase-lite-tests/.venv/lib/python3.13/site-packages/_pytest/runner.py", line 118, in pytest_runtest_protocol
    runtestprotocol(item, nextitem=nextitem)
  File "/Users/jayant.dhingra/Desktop/couchbase-lite-tests/.venv/lib/python3.13/site-packages/_pytest/runner.py", line 137, in runtestprotocol
    reports.append(call_and_report(item, "call", log))
  File "/Users/jayant.dhingra/Desktop/couchbase-lite-tests/.venv/lib/python3.13/site-packages/_pytest/runner.py", line 244, in call_and_report
    call = CallInfo.from_call(
  File "/Users/jayant.dhingra/Desktop/couchbase-lite-tests/.venv/lib/python3.13/site-packages/_pytest/runner.py", line 353, in from_call
    result: TResult | None = func()
  File "/Users/jayant.dhingra/Desktop/couchbase-lite-tests/.venv/lib/python3.13/site-packages/_pytest/runner.py", line 245, in <lambda>
    lambda: runtest_hook(item=item, **kwds),
  File "/Users/jayant.dhingra/Desktop/couchbase-lite-tests/.venv/lib/python3.13/site-packages/pluggy/_hooks.py", line 513, in __call__
    return self._hookexec(self.name, self._hookimpls.copy(), kwargs, firstresult)
  File "/Users/jayant.dhingra/Desktop/couchbase-lite-tests/.venv/lib/python3.13/site-packages/pluggy/_manager.py", line 120, in _hookexec
    return self._inner_hookexec(hook_name, methods, kwargs, firstresult)
  File "/Users/jayant.dhingra/Desktop/couchbase-lite-tests/.venv/lib/python3.13/site-packages/pluggy/_callers.py", line 103, in _multicall
    res = hook_impl.function(*args)
  File "/Users/jayant.dhingra/Desktop/couchbase-lite-tests/.venv/lib/python3.13/site-packages/_pytest/runner.py", line 179, in pytest_runtest_call
    item.runtest()
  File "/Users/jayant.dhingra/Desktop/couchbase-lite-tests/.venv/lib/python3.13/site-packages/pytest_asyncio/plugin.py", line 469, in runtest
    super().runtest()
  File "/Users/jayant.dhingra/Desktop/couchbase-lite-tests/.venv/lib/python3.13/site-packages/_pytest/python.py", line 1720, in runtest
    self.ihook.pytest_pyfunc_call(pyfuncitem=self)
  File "/Users/jayant.dhingra/Desktop/couchbase-lite-tests/.venv/lib/python3.13/site-packages/pluggy/_hooks.py", line 513, in __call__
    return self._hookexec(self.name, self._hookimpls.copy(), kwargs, firstresult)
  File "/Users/jayant.dhingra/Desktop/couchbase-lite-tests/.venv/lib/python3.13/site-packages/pluggy/_manager.py", line 120, in _hookexec
    return self._inner_hookexec(hook_name, methods, kwargs, firstresult)
  File "/Users/jayant.dhingra/Desktop/couchbase-lite-tests/.venv/lib/python3.13/site-packages/pluggy/_callers.py", line 103, in _multicall
    res = hook_impl.function(*args)
  File "/Users/jayant.dhingra/Desktop/couchbase-lite-tests/.venv/lib/python3.13/site-packages/_pytest/python.py", line 166, in pytest_pyfunc_call
    result = testfunction(**testargs)
  File "/Users/jayant.dhingra/Desktop/couchbase-lite-tests/.venv/lib/python3.13/site-packages/pytest_asyncio/plugin.py", line 716, in inner
    runner.run(coro, context=context)
  File "/opt/homebrew/Cellar/python@3.13/3.13.7/Frameworks/Python.framework/Versions/3.13/lib/python3.13/asyncio/runners.py", line 118, in run
    return self._loop.run_until_complete(task)
  File "/opt/homebrew/Cellar/python@3.13/3.13.7/Frameworks/Python.framework/Versions/3.13/lib/python3.13/asyncio/base_events.py", line 712, in run_until_complete
    self.run_forever()
  File "/opt/homebrew/Cellar/python@3.13/3.13.7/Frameworks/Python.framework/Versions/3.13/lib/python3.13/asyncio/base_events.py", line 683, in run_forever
    self._run_once()
  File "/opt/homebrew/Cellar/python@3.13/3.13.7/Frameworks/Python.framework/Versions/3.13/lib/python3.13/asyncio/base_events.py", line 2050, in _run_once
    handle._run()
  File "/opt/homebrew/Cellar/python@3.13/3.13.7/Frameworks/Python.framework/Versions/3.13/lib/python3.13/asyncio/events.py", line 89, in _run
    self._context.run(self._callback, *self._args)
  File "/Users/jayant.dhingra/Desktop/couchbase-lite-tests/tests/dev_e2e/test_replication_filter.py", line 437, in test_custom_push_filter
    dbs = await cblpytest.test_servers[0].create_and_reset_db(["db1"], dataset="names")
  File "/Users/jayant.dhingra/Desktop/couchbase-lite-tests/client/src/cbltest/api/testserver.py", line 92, in create_and_reset_db
    await self.__request_factory.send_request(self.__index, request)
FAILED
tests/dev_e2e/test_replication_filter.py::TestReplicationFilter::test_custom_pull_filter 2026-08-27 14:33:23,828 [INFO]: 🧹 Couchbase Server and Sync Gateway cleanup started
2026-08-27 14:33:23,830 [DEBUG]: 🧹 SGW <cbltest.api.syncgateway.SyncGateway object at 0x11378b230>: found databases ['names'], deleting...
2026-08-27 14:33:23,876 [DEBUG]: 🧹 CBS <cbltest.api.couchbaseserver.CouchbaseServer object at 0x11378b620>: found buckets ['names'], deleting...
2026-08-27 14:33:24,595 [DEBUG]: 🧹 CBS <cbltest.api.couchbaseserver.CouchbaseServer object at 0x11378b620>: waiting for all buckets to be deleted...
2026-08-27 14:33:24,598 [INFO]: 🧹 Couchbase Server and Sync Gateway cleanup finished
2026-08-27 14:33:24,599 [INFO]: Starting test: test_custom_pull_filter
2026-08-27 14:33:24,599 [INFO]: Moving to step 1:
2026-08-27 14:33:24,599 [INFO]: 	Reset SG and load `names` dataset.
2026-08-27 14:33:33,869 [INFO]: Moving to step 2:
2026-08-27 14:33:33,870 [INFO]: 	Reset local database, and load `names` dataset.
2026-08-27 14:33:33,870 [DEBUG]: Sending (test_custom_pull_filter) -> 3917af92-025e-4519-be8e-49ffccb813ad v1 POST /reset to http://localhost:5173
2026-08-27 14:33:33,870 [ERROR]: Failed to send (test_custom_pull_filter) -> 3917af92-025e-4519-be8e-49ffccb813ad v1 POST /reset to http://localhost:5173 (Cannot write to closing transport)
Stack (most recent call last):
  File "/Users/jayant.dhingra/Desktop/couchbase-lite-tests/.venv/bin/pytest", line 10, in <module>
    sys.exit(console_main())
  File "/Users/jayant.dhingra/Desktop/couchbase-lite-tests/.venv/lib/python3.13/site-packages/_pytest/config/__init__.py", line 223, in console_main
    code = main()
  File "/Users/jayant.dhingra/Desktop/couchbase-lite-tests/.venv/lib/python3.13/site-packages/_pytest/config/__init__.py", line 199, in main
    ret: ExitCode | int = config.hook.pytest_cmdline_main(config=config)
  File "/Users/jayant.dhingra/Desktop/couchbase-lite-tests/.venv/lib/python3.13/site-packages/pluggy/_hooks.py", line 513, in __call__
    return self._hookexec(self.name, self._hookimpls.copy(), kwargs, firstresult)
  File "/Users/jayant.dhingra/Desktop/couchbase-lite-tests/.venv/lib/python3.13/site-packages/pluggy/_manager.py", line 120, in _hookexec
    return self._inner_hookexec(hook_name, methods, kwargs, firstresult)
  File "/Users/jayant.dhingra/Desktop/couchbase-lite-tests/.venv/lib/python3.13/site-packages/pluggy/_callers.py", line 103, in _multicall
    res = hook_impl.function(*args)
  File "/Users/jayant.dhingra/Desktop/couchbase-lite-tests/.venv/lib/python3.13/site-packages/_pytest/main.py", line 365, in pytest_cmdline_main
    return wrap_session(config, _main)
  File "/Users/jayant.dhingra/Desktop/couchbase-lite-tests/.venv/lib/python3.13/site-packages/_pytest/main.py", line 318, in wrap_session
    session.exitstatus = doit(config, session) or 0
  File "/Users/jayant.dhingra/Desktop/couchbase-lite-tests/.venv/lib/python3.13/site-packages/_pytest/main.py", line 372, in _main
    config.hook.pytest_runtestloop(session=session)
  File "/Users/jayant.dhingra/Desktop/couchbase-lite-tests/.venv/lib/python3.13/site-packages/pluggy/_hooks.py", line 513, in __call__
    return self._hookexec(self.name, self._hookimpls.copy(), kwargs, firstresult)
  File "/Users/jayant.dhingra/Desktop/couchbase-lite-tests/.venv/lib/python3.13/site-packages/pluggy/_manager.py", line 120, in _hookexec
    return self._inner_hookexec(hook_name, methods, kwargs, firstresult)
  File "/Users/jayant.dhingra/Desktop/couchbase-lite-tests/.venv/lib/python3.13/site-packages/pluggy/_callers.py", line 103, in _multicall
    res = hook_impl.function(*args)
  File "/Users/jayant.dhingra/Desktop/couchbase-lite-tests/.venv/lib/python3.13/site-packages/_pytest/main.py", line 396, in pytest_runtestloop
    item.config.hook.pytest_runtest_protocol(item=item, nextitem=nextitem)
  File "/Users/jayant.dhingra/Desktop/couchbase-lite-tests/.venv/lib/python3.13/site-packages/pluggy/_hooks.py", line 513, in __call__
    return self._hookexec(self.name, self._hookimpls.copy(), kwargs, firstresult)
  File "/Users/jayant.dhingra/Desktop/couchbase-lite-tests/.venv/lib/python3.13/site-packages/pluggy/_manager.py", line 120, in _hookexec
    return self._inner_hookexec(hook_name, methods, kwargs, firstresult)
  File "/Users/jayant.dhingra/Desktop/couchbase-lite-tests/.venv/lib/python3.13/site-packages/pluggy/_callers.py", line 103, in _multicall
    res = hook_impl.function(*args)
  File "/Users/jayant.dhingra/Desktop/couchbase-lite-tests/.venv/lib/python3.13/site-packages/_pytest/runner.py", line 118, in pytest_runtest_protocol
    runtestprotocol(item, nextitem=nextitem)
  File "/Users/jayant.dhingra/Desktop/couchbase-lite-tests/.venv/lib/python3.13/site-packages/_pytest/runner.py", line 137, in runtestprotocol
    reports.append(call_and_report(item, "call", log))
  File "/Users/jayant.dhingra/Desktop/couchbase-lite-tests/.venv/lib/python3.13/site-packages/_pytest/runner.py", line 244, in call_and_report
    call = CallInfo.from_call(
  File "/Users/jayant.dhingra/Desktop/couchbase-lite-tests/.venv/lib/python3.13/site-packages/_pytest/runner.py", line 353, in from_call
    result: TResult | None = func()
  File "/Users/jayant.dhingra/Desktop/couchbase-lite-tests/.venv/lib/python3.13/site-packages/_pytest/runner.py", line 245, in <lambda>
    lambda: runtest_hook(item=item, **kwds),
  File "/Users/jayant.dhingra/Desktop/couchbase-lite-tests/.venv/lib/python3.13/site-packages/pluggy/_hooks.py", line 513, in __call__
    return self._hookexec(self.name, self._hookimpls.copy(), kwargs, firstresult)
  File "/Users/jayant.dhingra/Desktop/couchbase-lite-tests/.venv/lib/python3.13/site-packages/pluggy/_manager.py", line 120, in _hookexec
    return self._inner_hookexec(hook_name, methods, kwargs, firstresult)
  File "/Users/jayant.dhingra/Desktop/couchbase-lite-tests/.venv/lib/python3.13/site-packages/pluggy/_callers.py", line 103, in _multicall
    res = hook_impl.function(*args)
  File "/Users/jayant.dhingra/Desktop/couchbase-lite-tests/.venv/lib/python3.13/site-packages/_pytest/runner.py", line 179, in pytest_runtest_call
    item.runtest()
  File "/Users/jayant.dhingra/Desktop/couchbase-lite-tests/.venv/lib/python3.13/site-packages/pytest_asyncio/plugin.py", line 469, in runtest
    super().runtest()
  File "/Users/jayant.dhingra/Desktop/couchbase-lite-tests/.venv/lib/python3.13/site-packages/_pytest/python.py", line 1720, in runtest
    self.ihook.pytest_pyfunc_call(pyfuncitem=self)
  File "/Users/jayant.dhingra/Desktop/couchbase-lite-tests/.venv/lib/python3.13/site-packages/pluggy/_hooks.py", line 513, in __call__
    return self._hookexec(self.name, self._hookimpls.copy(), kwargs, firstresult)
  File "/Users/jayant.dhingra/Desktop/couchbase-lite-tests/.venv/lib/python3.13/site-packages/pluggy/_manager.py", line 120, in _hookexec
    return self._inner_hookexec(hook_name, methods, kwargs, firstresult)
  File "/Users/jayant.dhingra/Desktop/couchbase-lite-tests/.venv/lib/python3.13/site-packages/pluggy/_callers.py", line 103, in _multicall
    res = hook_impl.function(*args)
  File "/Users/jayant.dhingra/Desktop/couchbase-lite-tests/.venv/lib/python3.13/site-packages/_pytest/python.py", line 166, in pytest_pyfunc_call
    result = testfunction(**testargs)
  File "/Users/jayant.dhingra/Desktop/couchbase-lite-tests/.venv/lib/python3.13/site-packages/pytest_asyncio/plugin.py", line 716, in inner
    runner.run(coro, context=context)
  File "/opt/homebrew/Cellar/python@3.13/3.13.7/Frameworks/Python.framework/Versions/3.13/lib/python3.13/asyncio/runners.py", line 118, in run
    return self._loop.run_until_complete(task)
  File "/opt/homebrew/Cellar/python@3.13/3.13.7/Frameworks/Python.framework/Versions/3.13/lib/python3.13/asyncio/base_events.py", line 712, in run_until_complete
    self.run_forever()
  File "/opt/homebrew/Cellar/python@3.13/3.13.7/Frameworks/Python.framework/Versions/3.13/lib/python3.13/asyncio/base_events.py", line 683, in run_forever
    self._run_once()
  File "/opt/homebrew/Cellar/python@3.13/3.13.7/Frameworks/Python.framework/Versions/3.13/lib/python3.13/asyncio/base_events.py", line 2050, in _run_once
    handle._run()
  File "/opt/homebrew/Cellar/python@3.13/3.13.7/Frameworks/Python.framework/Versions/3.13/lib/python3.13/asyncio/events.py", line 89, in _run
    self._context.run(self._callback, *self._args)
  File "/Users/jayant.dhingra/Desktop/couchbase-lite-tests/tests/dev_e2e/test_replication_filter.py", line 517, in test_custom_pull_filter
    dbs = await cblpytest.test_servers[0].create_and_reset_db(["db1"], dataset="names")
  File "/Users/jayant.dhingra/Desktop/couchbase-lite-tests/client/src/cbltest/api/testserver.py", line 92, in create_and_reset_db
    await self.__request_factory.send_request(self.__index, request)
FAILED
tests/dev_e2e/test_replication_upgrade.py::TestReplicationUpgrade::test_nonconflict_case_1 2026-08-27 14:33:33,883 [INFO]: 🧹 Couchbase Server and Sync Gateway cleanup started
2026-08-27 14:33:33,885 [DEBUG]: 🧹 SGW <cbltest.api.syncgateway.SyncGateway object at 0x11378b230>: found databases ['names'], deleting...
2026-08-27 14:33:33,931 [DEBUG]: 🧹 CBS <cbltest.api.couchbaseserver.CouchbaseServer object at 0x11378b620>: found buckets ['names'], deleting...
2026-08-27 14:33:34,297 [DEBUG]: 🧹 CBS <cbltest.api.couchbaseserver.CouchbaseServer object at 0x11378b620>: waiting for all buckets to be deleted...
2026-08-27 14:33:34,300 [INFO]: 🧹 Couchbase Server and Sync Gateway cleanup finished
2026-08-27 14:33:34,300 [INFO]: Starting test: test_nonconflict_case_1
SKIPPED
tests/dev_e2e/test_replication_upgrade.py::TestReplicationUpgrade::test_nonconflict_case_2 2026-08-27 14:33:34,301 [INFO]: 🧹 Couchbase Server and Sync Gateway cleanup started
2026-08-27 14:33:34,303 [DEBUG]: 🧹 SGW <cbltest.api.syncgateway.SyncGateway object at 0x11378b230>: found databases [], deleting...
2026-08-27 14:33:34,305 [DEBUG]: 🧹 CBS <cbltest.api.couchbaseserver.CouchbaseServer object at 0x11378b620>: no buckets to delete
2026-08-27 14:33:34,305 [INFO]: 🧹 Couchbase Server and Sync Gateway cleanup finished
2026-08-27 14:33:34,305 [INFO]: Starting test: test_nonconflict_case_2
SKIPPED
tests/dev_e2e/test_replication_upgrade.py::TestReplicationUpgrade::test_nonconflict_case_3 2026-08-27 14:33:34,306 [INFO]: 🧹 Couchbase Server and Sync Gateway cleanup started
2026-08-27 14:33:34,308 [DEBUG]: 🧹 SGW <cbltest.api.syncgateway.SyncGateway object at 0x11378b230>: found databases [], deleting...
2026-08-27 14:33:34,310 [DEBUG]: 🧹 CBS <cbltest.api.couchbaseserver.CouchbaseServer object at 0x11378b620>: no buckets to delete
2026-08-27 14:33:34,310 [INFO]: 🧹 Couchbase Server and Sync Gateway cleanup finished
2026-08-27 14:33:34,310 [INFO]: Starting test: test_nonconflict_case_3
SKIPPED
tests/dev_e2e/test_replication_upgrade.py::TestReplicationUpgrade::test_nonconflict_case_4 2026-08-27 14:33:34,310 [INFO]: 🧹 Couchbase Server and Sync Gateway cleanup started
2026-08-27 14:33:34,313 [DEBUG]: 🧹 SGW <cbltest.api.syncgateway.SyncGateway object at 0x11378b230>: found databases [], deleting...
2026-08-27 14:33:34,315 [DEBUG]: 🧹 CBS <cbltest.api.couchbaseserver.CouchbaseServer object at 0x11378b620>: no buckets to delete
2026-08-27 14:33:34,315 [INFO]: 🧹 Couchbase Server and Sync Gateway cleanup finished
2026-08-27 14:33:34,315 [INFO]: Starting test: test_nonconflict_case_4
SKIPPED
tests/dev_e2e/test_replication_upgrade.py::TestReplicationUpgrade::test_nonconflict_case_5 2026-08-27 14:33:34,316 [INFO]: 🧹 Couchbase Server and Sync Gateway cleanup started
2026-08-27 14:33:34,319 [DEBUG]: 🧹 SGW <cbltest.api.syncgateway.SyncGateway object at 0x11378b230>: found databases [], deleting...
2026-08-27 14:33:34,321 [DEBUG]: 🧹 CBS <cbltest.api.couchbaseserver.CouchbaseServer object at 0x11378b620>: no buckets to delete
2026-08-27 14:33:34,321 [INFO]: 🧹 Couchbase Server and Sync Gateway cleanup finished
2026-08-27 14:33:34,322 [INFO]: Starting test: test_nonconflict_case_5
SKIPPED
tests/dev_e2e/test_replication_upgrade.py::TestReplicationUpgrade::test_nonconflict_case_6 2026-08-27 14:33:34,323 [INFO]: 🧹 Couchbase Server and Sync Gateway cleanup started
2026-08-27 14:33:34,325 [DEBUG]: 🧹 SGW <cbltest.api.syncgateway.SyncGateway object at 0x11378b230>: found databases [], deleting...
2026-08-27 14:33:34,327 [DEBUG]: 🧹 CBS <cbltest.api.couchbaseserver.CouchbaseServer object at 0x11378b620>: no buckets to delete
2026-08-27 14:33:34,327 [INFO]: 🧹 Couchbase Server and Sync Gateway cleanup finished
2026-08-27 14:33:34,328 [INFO]: Starting test: test_nonconflict_case_6
SKIPPED
tests/dev_e2e/test_replication_upgrade.py::TestReplicationUpgrade::test_conflict_case_1 2026-08-27 14:33:34,328 [INFO]: 🧹 Couchbase Server and Sync Gateway cleanup started
2026-08-27 14:33:34,331 [DEBUG]: 🧹 SGW <cbltest.api.syncgateway.SyncGateway object at 0x11378b230>: found databases [], deleting...
2026-08-27 14:33:34,333 [DEBUG]: 🧹 CBS <cbltest.api.couchbaseserver.CouchbaseServer object at 0x11378b620>: no buckets to delete
2026-08-27 14:33:34,333 [INFO]: 🧹 Couchbase Server and Sync Gateway cleanup finished
2026-08-27 14:33:34,333 [INFO]: Starting test: test_conflict_case_1
SKIPPED
tests/dev_e2e/test_replication_upgrade.py::TestReplicationUpgrade::test_conflict_case_2 2026-08-27 14:33:34,334 [INFO]: 🧹 Couchbase Server and Sync Gateway cleanup started
2026-08-27 14:33:34,336 [DEBUG]: 🧹 SGW <cbltest.api.syncgateway.SyncGateway object at 0x11378b230>: found databases [], deleting...
2026-08-27 14:33:34,337 [DEBUG]: 🧹 CBS <cbltest.api.couchbaseserver.CouchbaseServer object at 0x11378b620>: no buckets to delete
2026-08-27 14:33:34,338 [INFO]: 🧹 Couchbase Server and Sync Gateway cleanup finished
2026-08-27 14:33:34,338 [INFO]: Starting test: test_conflict_case_2
SKIPPED
tests/dev_e2e/test_replication_upgrade.py::TestReplicationUpgrade::test_conflict_case_3 2026-08-27 14:33:34,339 [INFO]: 🧹 Couchbase Server and Sync Gateway cleanup started
2026-08-27 14:33:34,341 [DEBUG]: 🧹 SGW <cbltest.api.syncgateway.SyncGateway object at 0x11378b230>: found databases [], deleting...
2026-08-27 14:33:34,343 [DEBUG]: 🧹 CBS <cbltest.api.couchbaseserver.CouchbaseServer object at 0x11378b620>: no buckets to delete
2026-08-27 14:33:34,343 [INFO]: 🧹 Couchbase Server and Sync Gateway cleanup finished
2026-08-27 14:33:34,343 [INFO]: Starting test: test_conflict_case_3
SKIPPED
tests/dev_e2e/test_replication_upgrade.py::TestReplicationUpgrade::test_conflict_case_4 2026-08-27 14:33:34,344 [INFO]: 🧹 Couchbase Server and Sync Gateway cleanup started
2026-08-27 14:33:34,346 [DEBUG]: 🧹 SGW <cbltest.api.syncgateway.SyncGateway object at 0x11378b230>: found databases [], deleting...
2026-08-27 14:33:34,348 [DEBUG]: 🧹 CBS <cbltest.api.couchbaseserver.CouchbaseServer object at 0x11378b620>: no buckets to delete
2026-08-27 14:33:34,348 [INFO]: 🧹 Couchbase Server and Sync Gateway cleanup finished
2026-08-27 14:33:34,348 [INFO]: Starting test: test_conflict_case_4
SKIPPED
tests/dev_e2e/test_replication_upgrade.py::TestReplicationUpgrade::test_conflict_case_5 2026-08-27 14:33:34,349 [INFO]: 🧹 Couchbase Server and Sync Gateway cleanup started
2026-08-27 14:33:34,352 [DEBUG]: 🧹 SGW <cbltest.api.syncgateway.SyncGateway object at 0x11378b230>: found databases [], deleting...
2026-08-27 14:33:34,354 [DEBUG]: 🧹 CBS <cbltest.api.couchbaseserver.CouchbaseServer object at 0x11378b620>: no buckets to delete
2026-08-27 14:33:34,354 [INFO]: 🧹 Couchbase Server and Sync Gateway cleanup finished
2026-08-27 14:33:34,355 [INFO]: Starting test: test_conflict_case_5
SKIPPED
tests/dev_e2e/test_replication_upgrade.py::TestReplicationUpgrade::test_conflict_case_6 2026-08-27 14:33:34,355 [INFO]: 🧹 Couchbase Server and Sync Gateway cleanup started
2026-08-27 14:33:34,357 [DEBUG]: 🧹 SGW <cbltest.api.syncgateway.SyncGateway object at 0x11378b230>: found databases [], deleting...
2026-08-27 14:33:34,359 [DEBUG]: 🧹 CBS <cbltest.api.couchbaseserver.CouchbaseServer object at 0x11378b620>: no buckets to delete
2026-08-27 14:33:34,359 [INFO]: 🧹 Couchbase Server and Sync Gateway cleanup finished
2026-08-27 14:33:34,359 [INFO]: Starting test: test_conflict_case_6
SKIPPED
tests/dev_e2e/test_replication_upgrade.py::TestReplicationUpgrade::test_conflict_case_7 2026-08-27 14:33:34,360 [INFO]: 🧹 Couchbase Server and Sync Gateway cleanup started
2026-08-27 14:33:34,362 [DEBUG]: 🧹 SGW <cbltest.api.syncgateway.SyncGateway object at 0x11378b230>: found databases [], deleting...
2026-08-27 14:33:34,363 [DEBUG]: 🧹 CBS <cbltest.api.couchbaseserver.CouchbaseServer object at 0x11378b620>: no buckets to delete
2026-08-27 14:33:34,363 [INFO]: 🧹 Couchbase Server and Sync Gateway cleanup finished
2026-08-27 14:33:34,364 [INFO]: Starting test: test_conflict_case_7
SKIPPED
tests/dev_e2e/test_replication_xdcr.py::TestReplicationXdcr::test_push_and_pull_with_xdcr 2026-08-27 14:33:34,364 [INFO]: Test requires at least 2 Sync Gateways, but only 1 are available.
SKIPPED
tests/dev_e2e/test_replication_xdcr.py::TestReplicationXdcr::test_fail_over 2026-08-27 14:33:34,364 [INFO]: Test requires at least 2 Sync Gateways, but only 1 are available.
SKIPPED

==================================== ERRORS ====================================
___________ ERROR at setup of TestQueryConsistency.test_query_docids ___________
tests/dev_e2e/test_query_consistency.py:49: in setup_method_fixture
    dbs = await cblpytest.test_servers[0].create_and_reset_db(["db1"], dataset="travel")
          ^^^^^^^^^^^^^^^^^^^^^^^^^^^^^^^^^^^^^^^^^^^^^^^^^^^^^^^^^^^^^^^^^^^^^^^^^^^^^^
client/src/cbltest/api/testserver.py:92: in create_and_reset_db
    await self.__request_factory.send_request(self.__index, request)
client/src/cbltest/requests.py:194: in send_request
    ret_val = await transport.send(r, writer.num)
              ^^^^^^^^^^^^^^^^^^^^^^^^^^^^^^^^^^^
client/src/cbltest/requests_transport.py:120: in send
    await ws_conn.send_str(json.dumps(data))
.venv/lib/python3.13/site-packages/aiohttp/web_ws.py:478: in send_str
    await self._writer.send_frame(
.venv/lib/python3.13/site-packages/aiohttp/_websocket/writer.py:78: in send_frame
    raise ClientConnectionResetError("Cannot write to closing transport")
E   aiohttp.client_exceptions.ClientConnectionResetError: Cannot write to closing transport
------------------------------ Captured log setup ------------------------------
INFO     CBL:logging.py:111 🧹 Couchbase Server and Sync Gateway cleanup started
DEBUG    CBL:logging.py:115 🧹 SGW <cbltest.api.syncgateway.SyncGateway object at 0x11378b230>: found databases ['todo'], deleting...
DEBUG    CBL:logging.py:115 🧹 CBS <cbltest.api.couchbaseserver.CouchbaseServer object at 0x11378b620>: found buckets ['todo'], deleting...
DEBUG    CBL:logging.py:115 🧹 CBS <cbltest.api.couchbaseserver.CouchbaseServer object at 0x11378b620>: waiting for all buckets to be deleted...
INFO     CBL:logging.py:111 🧹 Couchbase Server and Sync Gateway cleanup finished
INFO     CBL:logging.py:111 Starting test: test_query_docids
DEBUG    CBL:logging.py:115 Sending (test_query_docids) -> 3917af92-025e-4519-be8e-49ffccb813ad v1 POST /reset to http://localhost:5173
ERROR    CBL:testserver.py:92 Failed to send (test_query_docids) -> 3917af92-025e-4519-be8e-49ffccb813ad v1 POST /reset to http://localhost:5173 (Cannot write to closing transport)
Stack (most recent call last):
  File "/Users/jayant.dhingra/Desktop/couchbase-lite-tests/.venv/bin/pytest", line 10, in <module>
    sys.exit(console_main())
  File "/Users/jayant.dhingra/Desktop/couchbase-lite-tests/.venv/lib/python3.13/site-packages/_pytest/config/__init__.py", line 223, in console_main
    code = main()
  File "/Users/jayant.dhingra/Desktop/couchbase-lite-tests/.venv/lib/python3.13/site-packages/_pytest/config/__init__.py", line 199, in main
    ret: ExitCode | int = config.hook.pytest_cmdline_main(config=config)
  File "/Users/jayant.dhingra/Desktop/couchbase-lite-tests/.venv/lib/python3.13/site-packages/pluggy/_hooks.py", line 513, in __call__
    return self._hookexec(self.name, self._hookimpls.copy(), kwargs, firstresult)
  File "/Users/jayant.dhingra/Desktop/couchbase-lite-tests/.venv/lib/python3.13/site-packages/pluggy/_manager.py", line 120, in _hookexec
    return self._inner_hookexec(hook_name, methods, kwargs, firstresult)
  File "/Users/jayant.dhingra/Desktop/couchbase-lite-tests/.venv/lib/python3.13/site-packages/pluggy/_callers.py", line 103, in _multicall
    res = hook_impl.function(*args)
  File "/Users/jayant.dhingra/Desktop/couchbase-lite-tests/.venv/lib/python3.13/site-packages/_pytest/main.py", line 365, in pytest_cmdline_main
    return wrap_session(config, _main)
  File "/Users/jayant.dhingra/Desktop/couchbase-lite-tests/.venv/lib/python3.13/site-packages/_pytest/main.py", line 318, in wrap_session
    session.exitstatus = doit(config, session) or 0
  File "/Users/jayant.dhingra/Desktop/couchbase-lite-tests/.venv/lib/python3.13/site-packages/_pytest/main.py", line 372, in _main
    config.hook.pytest_runtestloop(session=session)
  File "/Users/jayant.dhingra/Desktop/couchbase-lite-tests/.venv/lib/python3.13/site-packages/pluggy/_hooks.py", line 513, in __call__
    return self._hookexec(self.name, self._hookimpls.copy(), kwargs, firstresult)
  File "/Users/jayant.dhingra/Desktop/couchbase-lite-tests/.venv/lib/python3.13/site-packages/pluggy/_manager.py", line 120, in _hookexec
    return self._inner_hookexec(hook_name, methods, kwargs, firstresult)
  File "/Users/jayant.dhingra/Desktop/couchbase-lite-tests/.venv/lib/python3.13/site-packages/pluggy/_callers.py", line 103, in _multicall
    res = hook_impl.function(*args)
  File "/Users/jayant.dhingra/Desktop/couchbase-lite-tests/.venv/lib/python3.13/site-packages/_pytest/main.py", line 396, in pytest_runtestloop
    item.config.hook.pytest_runtest_protocol(item=item, nextitem=nextitem)
  File "/Users/jayant.dhingra/Desktop/couchbase-lite-tests/.venv/lib/python3.13/site-packages/pluggy/_hooks.py", line 513, in __call__
    return self._hookexec(self.name, self._hookimpls.copy(), kwargs, firstresult)
  File "/Users/jayant.dhingra/Desktop/couchbase-lite-tests/.venv/lib/python3.13/site-packages/pluggy/_manager.py", line 120, in _hookexec
    return self._inner_hookexec(hook_name, methods, kwargs, firstresult)
  File "/Users/jayant.dhingra/Desktop/couchbase-lite-tests/.venv/lib/python3.13/site-packages/pluggy/_callers.py", line 103, in _multicall
    res = hook_impl.function(*args)
  File "/Users/jayant.dhingra/Desktop/couchbase-lite-tests/.venv/lib/python3.13/site-packages/_pytest/runner.py", line 118, in pytest_runtest_protocol
    runtestprotocol(item, nextitem=nextitem)
  File "/Users/jayant.dhingra/Desktop/couchbase-lite-tests/.venv/lib/python3.13/site-packages/_pytest/runner.py", line 131, in runtestprotocol
    rep = call_and_report(item, "setup", log)
  File "/Users/jayant.dhingra/Desktop/couchbase-lite-tests/.venv/lib/python3.13/site-packages/_pytest/runner.py", line 244, in call_and_report
    call = CallInfo.from_call(
  File "/Users/jayant.dhingra/Desktop/couchbase-lite-tests/.venv/lib/python3.13/site-packages/_pytest/runner.py", line 353, in from_call
    result: TResult | None = func()
  File "/Users/jayant.dhingra/Desktop/couchbase-lite-tests/.venv/lib/python3.13/site-packages/_pytest/runner.py", line 245, in <lambda>
    lambda: runtest_hook(item=item, **kwds),
  File "/Users/jayant.dhingra/Desktop/couchbase-lite-tests/.venv/lib/python3.13/site-packages/pluggy/_hooks.py", line 513, in __call__
    return self._hookexec(self.name, self._hookimpls.copy(), kwargs, firstresult)
  File "/Users/jayant.dhingra/Desktop/couchbase-lite-tests/.venv/lib/python3.13/site-packages/pluggy/_manager.py", line 120, in _hookexec
    return self._inner_hookexec(hook_name, methods, kwargs, firstresult)
  File "/Users/jayant.dhingra/Desktop/couchbase-lite-tests/.venv/lib/python3.13/site-packages/pluggy/_callers.py", line 103, in _multicall
    res = hook_impl.function(*args)
  File "/Users/jayant.dhingra/Desktop/couchbase-lite-tests/.venv/lib/python3.13/site-packages/_pytest/runner.py", line 165, in pytest_runtest_setup
    item.session._setupstate.setup(item)
  File "/Users/jayant.dhingra/Desktop/couchbase-lite-tests/.venv/lib/python3.13/site-packages/_pytest/runner.py", line 523, in setup
    col.setup()
  File "/Users/jayant.dhingra/Desktop/couchbase-lite-tests/.venv/lib/python3.13/site-packages/pytest_asyncio/plugin.py", line 458, in setup
    return super().setup()
  File "/Users/jayant.dhingra/Desktop/couchbase-lite-tests/.venv/lib/python3.13/site-packages/_pytest/python.py", line 1723, in setup
    self._request._fillfixtures()
  File "/Users/jayant.dhingra/Desktop/couchbase-lite-tests/.venv/lib/python3.13/site-packages/_pytest/fixtures.py", line 707, in _fillfixtures
    item.funcargs[argname] = self.getfixturevalue(argname)
  File "/Users/jayant.dhingra/Desktop/couchbase-lite-tests/.venv/lib/python3.13/site-packages/_pytest/fixtures.py", line 539, in getfixturevalue
    fixturedef = self._get_active_fixturedef(argname)
  File "/Users/jayant.dhingra/Desktop/couchbase-lite-tests/.venv/lib/python3.13/site-packages/_pytest/fixtures.py", line 627, in _get_active_fixturedef
    fixturedef.execute(request=subrequest)
  File "/Users/jayant.dhingra/Desktop/couchbase-lite-tests/.venv/lib/python3.13/site-packages/_pytest/fixtures.py", line 1110, in execute
    result: FixtureValue = ihook.pytest_fixture_setup(
  File "/Users/jayant.dhingra/Desktop/couchbase-lite-tests/.venv/lib/python3.13/site-packages/pluggy/_hooks.py", line 513, in __call__
    return self._hookexec(self.name, self._hookimpls.copy(), kwargs, firstresult)
  File "/Users/jayant.dhingra/Desktop/couchbase-lite-tests/.venv/lib/python3.13/site-packages/pluggy/_manager.py", line 120, in _hookexec
    return self._inner_hookexec(hook_name, methods, kwargs, firstresult)
  File "/Users/jayant.dhingra/Desktop/couchbase-lite-tests/.venv/lib/python3.13/site-packages/pluggy/_callers.py", line 103, in _multicall
    res = hook_impl.function(*args)
  File "/Users/jayant.dhingra/Desktop/couchbase-lite-tests/.venv/lib/python3.13/site-packages/_pytest/fixtures.py", line 1202, in pytest_fixture_setup
    result = call_fixture_func(fixturefunc, request, kwargs)
  File "/Users/jayant.dhingra/Desktop/couchbase-lite-tests/.venv/lib/python3.13/site-packages/_pytest/fixtures.py", line 915, in call_fixture_func
    fixture_result = fixturefunc(**kwargs)
  File "/Users/jayant.dhingra/Desktop/couchbase-lite-tests/.venv/lib/python3.13/site-packages/pytest_asyncio/plugin.py", line 361, in _async_fixture_wrapper
    result = runner.run(setup(), context=context)
  File "/opt/homebrew/Cellar/python@3.13/3.13.7/Frameworks/Python.framework/Versions/3.13/lib/python3.13/asyncio/runners.py", line 118, in run
    return self._loop.run_until_complete(task)
  File "/opt/homebrew/Cellar/python@3.13/3.13.7/Frameworks/Python.framework/Versions/3.13/lib/python3.13/asyncio/base_events.py", line 712, in run_until_complete
    self.run_forever()
  File "/opt/homebrew/Cellar/python@3.13/3.13.7/Frameworks/Python.framework/Versions/3.13/lib/python3.13/asyncio/base_events.py", line 683, in run_forever
    self._run_once()
  File "/opt/homebrew/Cellar/python@3.13/3.13.7/Frameworks/Python.framework/Versions/3.13/lib/python3.13/asyncio/base_events.py", line 2050, in _run_once
    handle._run()
  File "/opt/homebrew/Cellar/python@3.13/3.13.7/Frameworks/Python.framework/Versions/3.13/lib/python3.13/asyncio/events.py", line 89, in _run
    self._context.run(self._callback, *self._args)
  File "/Users/jayant.dhingra/Desktop/couchbase-lite-tests/.venv/lib/python3.13/site-packages/pytest_asyncio/plugin.py", line 357, in setup
    res = await fixture_function(*args, **kwargs)
  File "/Users/jayant.dhingra/Desktop/couchbase-lite-tests/tests/dev_e2e/test_query_consistency.py", line 49, in setup_method_fixture
    dbs = await cblpytest.test_servers[0].create_and_reset_db(["db1"], dataset="travel")
  File "/Users/jayant.dhingra/Desktop/couchbase-lite-tests/client/src/cbltest/api/testserver.py", line 92, in create_and_reset_db
    await self.__request_factory.send_request(self.__index, request)
___________ ERROR at setup of TestQueryConsistency.test_any_operator ___________
tests/dev_e2e/test_query_consistency.py:47: in setup_method_fixture
    await cloud.configure_dataset(dataset_path, "travel")
client/src/cbltest/api/cluster.py:139: in configure_dataset
    await self.create_database(dataset_name, db_payload)
client/src/cbltest/api/cluster.py:172: in create_database
    await self.sync_gateway_cluster.create_database(db_name, config)
client/src/cbltest/api/syncgatewaycluster.py:71: in create_database
    version = await self.random_node._put_database(db_name, config)
              ^^^^^^^^^^^^^^^^^^^^^^^^^^^^^^^^^^^^^^^^^^^^^^^^^^^^^
client/src/cbltest/api/syncgateway.py:945: in _put_database
    _, headers = await self._send_request_with_headers("put", f"/{db_name}/", payload)
                 ^^^^^^^^^^^^^^^^^^^^^^^^^^^^^^^^^^^^^^^^^^^^^^^^^^^^^^^^^^^^^^^^^^^^^
client/src/cbltest/api/syncgateway.py:816: in _send_request_with_headers
    raise CblSyncGatewayBadResponseError(
E   cbltest.api.error.CblSyncGatewayBadResponseError: put /travel/ returned 412: {
E     "error": "Precondition Failed",
E     "reason": "Duplicate database name \"travel\""
E   }
------------------------------ Captured log setup ------------------------------
INFO     CBL:logging.py:111 Starting test: test_any_operator
_____ ERROR at setup of TestQueryConsistency.test_select_star[airline_10] ______
tests/dev_e2e/test_query_consistency.py:47: in setup_method_fixture
    await cloud.configure_dataset(dataset_path, "travel")
client/src/cbltest/api/cluster.py:139: in configure_dataset
    await self.create_database(dataset_name, db_payload)
client/src/cbltest/api/cluster.py:172: in create_database
    await self.sync_gateway_cluster.create_database(db_name, config)
client/src/cbltest/api/syncgatewaycluster.py:71: in create_database
    version = await self.random_node._put_database(db_name, config)
              ^^^^^^^^^^^^^^^^^^^^^^^^^^^^^^^^^^^^^^^^^^^^^^^^^^^^^
client/src/cbltest/api/syncgateway.py:945: in _put_database
    _, headers = await self._send_request_with_headers("put", f"/{db_name}/", payload)
                 ^^^^^^^^^^^^^^^^^^^^^^^^^^^^^^^^^^^^^^^^^^^^^^^^^^^^^^^^^^^^^^^^^^^^^
client/src/cbltest/api/syncgateway.py:816: in _send_request_with_headers
    raise CblSyncGatewayBadResponseError(
E   cbltest.api.error.CblSyncGatewayBadResponseError: put /travel/ returned 412: {
E     "error": "Precondition Failed",
E     "reason": "Duplicate database name \"travel\""
E   }
------------------------------ Captured log setup ------------------------------
INFO     CBL:logging.py:111 Starting test: test_select_star
_ ERROR at setup of TestQueryConsistency.test_select_star[doc_id_does_not_exist] _
tests/dev_e2e/test_query_consistency.py:47: in setup_method_fixture
    await cloud.configure_dataset(dataset_path, "travel")
client/src/cbltest/api/cluster.py:139: in configure_dataset
    await self.create_database(dataset_name, db_payload)
client/src/cbltest/api/cluster.py:172: in create_database
    await self.sync_gateway_cluster.create_database(db_name, config)
client/src/cbltest/api/syncgatewaycluster.py:71: in create_database
    version = await self.random_node._put_database(db_name, config)
              ^^^^^^^^^^^^^^^^^^^^^^^^^^^^^^^^^^^^^^^^^^^^^^^^^^^^^
client/src/cbltest/api/syncgateway.py:945: in _put_database
    _, headers = await self._send_request_with_headers("put", f"/{db_name}/", payload)
                 ^^^^^^^^^^^^^^^^^^^^^^^^^^^^^^^^^^^^^^^^^^^^^^^^^^^^^^^^^^^^^^^^^^^^^
client/src/cbltest/api/syncgateway.py:816: in _send_request_with_headers
    raise CblSyncGatewayBadResponseError(
E   cbltest.api.error.CblSyncGatewayBadResponseError: put /travel/ returned 412: {
E     "error": "Precondition Failed",
E     "reason": "Duplicate database name \"travel\""
E   }
------------------------------ Captured log setup ------------------------------
INFO     CBL:logging.py:111 Starting test: test_select_star
________ ERROR at setup of TestQueryConsistency.test_limit_offset[5-5] _________
tests/dev_e2e/test_query_consistency.py:47: in setup_method_fixture
    await cloud.configure_dataset(dataset_path, "travel")
client/src/cbltest/api/cluster.py:139: in configure_dataset
    await self.create_database(dataset_name, db_payload)
client/src/cbltest/api/cluster.py:172: in create_database
    await self.sync_gateway_cluster.create_database(db_name, config)
client/src/cbltest/api/syncgatewaycluster.py:71: in create_database
    version = await self.random_node._put_database(db_name, config)
              ^^^^^^^^^^^^^^^^^^^^^^^^^^^^^^^^^^^^^^^^^^^^^^^^^^^^^
client/src/cbltest/api/syncgateway.py:945: in _put_database
    _, headers = await self._send_request_with_headers("put", f"/{db_name}/", payload)
                 ^^^^^^^^^^^^^^^^^^^^^^^^^^^^^^^^^^^^^^^^^^^^^^^^^^^^^^^^^^^^^^^^^^^^^
client/src/cbltest/api/syncgateway.py:816: in _send_request_with_headers
    raise CblSyncGatewayBadResponseError(
E   cbltest.api.error.CblSyncGatewayBadResponseError: put /travel/ returned 412: {
E     "error": "Precondition Failed",
E     "reason": "Duplicate database name \"travel\""
E   }
------------------------------ Captured log setup ------------------------------
INFO     CBL:logging.py:111 Starting test: test_limit_offset
_______ ERROR at setup of TestQueryConsistency.test_limit_offset[-5--5] ________
tests/dev_e2e/test_query_consistency.py:47: in setup_method_fixture
    await cloud.configure_dataset(dataset_path, "travel")
client/src/cbltest/api/cluster.py:139: in configure_dataset
    await self.create_database(dataset_name, db_payload)
client/src/cbltest/api/cluster.py:172: in create_database
    await self.sync_gateway_cluster.create_database(db_name, config)
client/src/cbltest/api/syncgatewaycluster.py:71: in create_database
    version = await self.random_node._put_database(db_name, config)
              ^^^^^^^^^^^^^^^^^^^^^^^^^^^^^^^^^^^^^^^^^^^^^^^^^^^^^
client/src/cbltest/api/syncgateway.py:945: in _put_database
    _, headers = await self._send_request_with_headers("put", f"/{db_name}/", payload)
                 ^^^^^^^^^^^^^^^^^^^^^^^^^^^^^^^^^^^^^^^^^^^^^^^^^^^^^^^^^^^^^^^^^^^^^
client/src/cbltest/api/syncgateway.py:816: in _send_request_with_headers
    raise CblSyncGatewayBadResponseError(
E   cbltest.api.error.CblSyncGatewayBadResponseError: put /travel/ returned 412: {
E     "error": "Precondition Failed",
E     "reason": "Duplicate database name \"travel\""
E   }
------------------------------ Captured log setup ------------------------------
INFO     CBL:logging.py:111 Starting test: test_limit_offset
________ ERROR at setup of TestQueryConsistency.test_query_where_and_or ________
tests/dev_e2e/test_query_consistency.py:47: in setup_method_fixture
    await cloud.configure_dataset(dataset_path, "travel")
client/src/cbltest/api/cluster.py:139: in configure_dataset
    await self.create_database(dataset_name, db_payload)
client/src/cbltest/api/cluster.py:172: in create_database
    await self.sync_gateway_cluster.create_database(db_name, config)
client/src/cbltest/api/syncgatewaycluster.py:71: in create_database
    version = await self.random_node._put_database(db_name, config)
              ^^^^^^^^^^^^^^^^^^^^^^^^^^^^^^^^^^^^^^^^^^^^^^^^^^^^^
client/src/cbltest/api/syncgateway.py:945: in _put_database
    _, headers = await self._send_request_with_headers("put", f"/{db_name}/", payload)
                 ^^^^^^^^^^^^^^^^^^^^^^^^^^^^^^^^^^^^^^^^^^^^^^^^^^^^^^^^^^^^^^^^^^^^^
client/src/cbltest/api/syncgateway.py:816: in _send_request_with_headers
    raise CblSyncGatewayBadResponseError(
E   cbltest.api.error.CblSyncGatewayBadResponseError: put /travel/ returned 412: {
E     "error": "Precondition Failed",
E     "reason": "Duplicate database name \"travel\""
E   }
------------------------------ Captured log setup ------------------------------
INFO     CBL:logging.py:111 Starting test: test_query_where_and_or
_________ ERROR at setup of TestQueryConsistency.test_multiple_selects _________
tests/dev_e2e/test_query_consistency.py:47: in setup_method_fixture
    await cloud.configure_dataset(dataset_path, "travel")
client/src/cbltest/api/cluster.py:139: in configure_dataset
    await self.create_database(dataset_name, db_payload)
client/src/cbltest/api/cluster.py:172: in create_database
    await self.sync_gateway_cluster.create_database(db_name, config)
client/src/cbltest/api/syncgatewaycluster.py:71: in create_database
    version = await self.random_node._put_database(db_name, config)
              ^^^^^^^^^^^^^^^^^^^^^^^^^^^^^^^^^^^^^^^^^^^^^^^^^^^^^
client/src/cbltest/api/syncgateway.py:945: in _put_database
    _, headers = await self._send_request_with_headers("put", f"/{db_name}/", payload)
                 ^^^^^^^^^^^^^^^^^^^^^^^^^^^^^^^^^^^^^^^^^^^^^^^^^^^^^^^^^^^^^^^^^^^^^
client/src/cbltest/api/syncgateway.py:816: in _send_request_with_headers
    raise CblSyncGatewayBadResponseError(
E   cbltest.api.error.CblSyncGatewayBadResponseError: put /travel/ returned 412: {
E     "error": "Precondition Failed",
E     "reason": "Duplicate database name \"travel\""
E   }
------------------------------ Captured log setup ------------------------------
INFO     CBL:logging.py:111 Starting test: test_multiple_selects
_ ERROR at setup of TestQueryConsistency.test_query_pattern_like[Royal Engineers Museum] _
tests/dev_e2e/test_query_consistency.py:47: in setup_method_fixture
    await cloud.configure_dataset(dataset_path, "travel")
client/src/cbltest/api/cluster.py:139: in configure_dataset
    await self.create_database(dataset_name, db_payload)
client/src/cbltest/api/cluster.py:172: in create_database
    await self.sync_gateway_cluster.create_database(db_name, config)
client/src/cbltest/api/syncgatewaycluster.py:71: in create_database
    version = await self.random_node._put_database(db_name, config)
              ^^^^^^^^^^^^^^^^^^^^^^^^^^^^^^^^^^^^^^^^^^^^^^^^^^^^^
client/src/cbltest/api/syncgateway.py:945: in _put_database
    _, headers = await self._send_request_with_headers("put", f"/{db_name}/", payload)
                 ^^^^^^^^^^^^^^^^^^^^^^^^^^^^^^^^^^^^^^^^^^^^^^^^^^^^^^^^^^^^^^^^^^^^^
client/src/cbltest/api/syncgateway.py:816: in _send_request_with_headers
    raise CblSyncGatewayBadResponseError(
E   cbltest.api.error.CblSyncGatewayBadResponseError: put /travel/ returned 412: {
E     "error": "Precondition Failed",
E     "reason": "Duplicate database name \"travel\""
E   }
------------------------------ Captured log setup ------------------------------
INFO     CBL:logging.py:111 Starting test: test_query_pattern_like
_ ERROR at setup of TestQueryConsistency.test_query_pattern_like[Royal engineers museum] _
tests/dev_e2e/test_query_consistency.py:47: in setup_method_fixture
    await cloud.configure_dataset(dataset_path, "travel")
client/src/cbltest/api/cluster.py:139: in configure_dataset
    await self.create_database(dataset_name, db_payload)
client/src/cbltest/api/cluster.py:172: in create_database
    await self.sync_gateway_cluster.create_database(db_name, config)
client/src/cbltest/api/syncgatewaycluster.py:71: in create_database
    version = await self.random_node._put_database(db_name, config)
              ^^^^^^^^^^^^^^^^^^^^^^^^^^^^^^^^^^^^^^^^^^^^^^^^^^^^^
client/src/cbltest/api/syncgateway.py:945: in _put_database
    _, headers = await self._send_request_with_headers("put", f"/{db_name}/", payload)
                 ^^^^^^^^^^^^^^^^^^^^^^^^^^^^^^^^^^^^^^^^^^^^^^^^^^^^^^^^^^^^^^^^^^^^^
client/src/cbltest/api/syncgateway.py:816: in _send_request_with_headers
    raise CblSyncGatewayBadResponseError(
E   cbltest.api.error.CblSyncGatewayBadResponseError: put /travel/ returned 412: {
E     "error": "Precondition Failed",
E     "reason": "Duplicate database name \"travel\""
E   }
------------------------------ Captured log setup ------------------------------
INFO     CBL:logging.py:111 Starting test: test_query_pattern_like
____ ERROR at setup of TestQueryConsistency.test_query_pattern_like[eng%e%] ____
tests/dev_e2e/test_query_consistency.py:47: in setup_method_fixture
    await cloud.configure_dataset(dataset_path, "travel")
client/src/cbltest/api/cluster.py:139: in configure_dataset
    await self.create_database(dataset_name, db_payload)
client/src/cbltest/api/cluster.py:172: in create_database
    await self.sync_gateway_cluster.create_database(db_name, config)
client/src/cbltest/api/syncgatewaycluster.py:71: in create_database
    version = await self.random_node._put_database(db_name, config)
              ^^^^^^^^^^^^^^^^^^^^^^^^^^^^^^^^^^^^^^^^^^^^^^^^^^^^^
client/src/cbltest/api/syncgateway.py:945: in _put_database
    _, headers = await self._send_request_with_headers("put", f"/{db_name}/", payload)
                 ^^^^^^^^^^^^^^^^^^^^^^^^^^^^^^^^^^^^^^^^^^^^^^^^^^^^^^^^^^^^^^^^^^^^^
client/src/cbltest/api/syncgateway.py:816: in _send_request_with_headers
    raise CblSyncGatewayBadResponseError(
E   cbltest.api.error.CblSyncGatewayBadResponseError: put /travel/ returned 412: {
E     "error": "Precondition Failed",
E     "reason": "Duplicate database name \"travel\""
E   }
------------------------------ Captured log setup ------------------------------
INFO     CBL:logging.py:111 Starting test: test_query_pattern_like
____ ERROR at setup of TestQueryConsistency.test_query_pattern_like[Eng%e%] ____
tests/dev_e2e/test_query_consistency.py:47: in setup_method_fixture
    await cloud.configure_dataset(dataset_path, "travel")
client/src/cbltest/api/cluster.py:139: in configure_dataset
    await self.create_database(dataset_name, db_payload)
client/src/cbltest/api/cluster.py:172: in create_database
    await self.sync_gateway_cluster.create_database(db_name, config)
client/src/cbltest/api/syncgatewaycluster.py:71: in create_database
    version = await self.random_node._put_database(db_name, config)
              ^^^^^^^^^^^^^^^^^^^^^^^^^^^^^^^^^^^^^^^^^^^^^^^^^^^^^
client/src/cbltest/api/syncgateway.py:945: in _put_database
    _, headers = await self._send_request_with_headers("put", f"/{db_name}/", payload)
                 ^^^^^^^^^^^^^^^^^^^^^^^^^^^^^^^^^^^^^^^^^^^^^^^^^^^^^^^^^^^^^^^^^^^^^
client/src/cbltest/api/syncgateway.py:816: in _send_request_with_headers
    raise CblSyncGatewayBadResponseError(
E   cbltest.api.error.CblSyncGatewayBadResponseError: put /travel/ returned 412: {
E     "error": "Precondition Failed",
E     "reason": "Duplicate database name \"travel\""
E   }
------------------------------ Captured log setup ------------------------------
INFO     CBL:logging.py:111 Starting test: test_query_pattern_like
__ ERROR at setup of TestQueryConsistency.test_query_pattern_like[%eng____r%] __
tests/dev_e2e/test_query_consistency.py:47: in setup_method_fixture
    await cloud.configure_dataset(dataset_path, "travel")
client/src/cbltest/api/cluster.py:139: in configure_dataset
    await self.create_database(dataset_name, db_payload)
client/src/cbltest/api/cluster.py:172: in create_database
    await self.sync_gateway_cluster.create_database(db_name, config)
client/src/cbltest/api/syncgatewaycluster.py:71: in create_database
    version = await self.random_node._put_database(db_name, config)
              ^^^^^^^^^^^^^^^^^^^^^^^^^^^^^^^^^^^^^^^^^^^^^^^^^^^^^
client/src/cbltest/api/syncgateway.py:945: in _put_database
    _, headers = await self._send_request_with_headers("put", f"/{db_name}/", payload)
                 ^^^^^^^^^^^^^^^^^^^^^^^^^^^^^^^^^^^^^^^^^^^^^^^^^^^^^^^^^^^^^^^^^^^^^
client/src/cbltest/api/syncgateway.py:816: in _send_request_with_headers
    raise CblSyncGatewayBadResponseError(
E   cbltest.api.error.CblSyncGatewayBadResponseError: put /travel/ returned 412: {
E     "error": "Precondition Failed",
E     "reason": "Duplicate database name \"travel\""
E   }
------------------------------ Captured log setup ------------------------------
INFO     CBL:logging.py:111 Starting test: test_query_pattern_like
__ ERROR at setup of TestQueryConsistency.test_query_pattern_like[%Eng____r%] __
tests/dev_e2e/test_query_consistency.py:47: in setup_method_fixture
    await cloud.configure_dataset(dataset_path, "travel")
client/src/cbltest/api/cluster.py:139: in configure_dataset
    await self.create_database(dataset_name, db_payload)
client/src/cbltest/api/cluster.py:172: in create_database
    await self.sync_gateway_cluster.create_database(db_name, config)
client/src/cbltest/api/syncgatewaycluster.py:71: in create_database
    version = await self.random_node._put_database(db_name, config)
              ^^^^^^^^^^^^^^^^^^^^^^^^^^^^^^^^^^^^^^^^^^^^^^^^^^^^^
client/src/cbltest/api/syncgateway.py:945: in _put_database
    _, headers = await self._send_request_with_headers("put", f"/{db_name}/", payload)
                 ^^^^^^^^^^^^^^^^^^^^^^^^^^^^^^^^^^^^^^^^^^^^^^^^^^^^^^^^^^^^^^^^^^^^^
client/src/cbltest/api/syncgateway.py:816: in _send_request_with_headers
    raise CblSyncGatewayBadResponseError(
E   cbltest.api.error.CblSyncGatewayBadResponseError: put /travel/ returned 412: {
E     "error": "Precondition Failed",
E     "reason": "Duplicate database name \"travel\""
E   }
------------------------------ Captured log setup ------------------------------
INFO     CBL:logging.py:111 Starting test: test_query_pattern_like
_ ERROR at setup of TestQueryConsistency.test_query_pattern_regex[\\bEng.*e\\b] _
tests/dev_e2e/test_query_consistency.py:47: in setup_method_fixture
    await cloud.configure_dataset(dataset_path, "travel")
client/src/cbltest/api/cluster.py:139: in configure_dataset
    await self.create_database(dataset_name, db_payload)
client/src/cbltest/api/cluster.py:172: in create_database
    await self.sync_gateway_cluster.create_database(db_name, config)
client/src/cbltest/api/syncgatewaycluster.py:71: in create_database
    version = await self.random_node._put_database(db_name, config)
              ^^^^^^^^^^^^^^^^^^^^^^^^^^^^^^^^^^^^^^^^^^^^^^^^^^^^^
client/src/cbltest/api/syncgateway.py:945: in _put_database
    _, headers = await self._send_request_with_headers("put", f"/{db_name}/", payload)
                 ^^^^^^^^^^^^^^^^^^^^^^^^^^^^^^^^^^^^^^^^^^^^^^^^^^^^^^^^^^^^^^^^^^^^^
client/src/cbltest/api/syncgateway.py:816: in _send_request_with_headers
    raise CblSyncGatewayBadResponseError(
E   cbltest.api.error.CblSyncGatewayBadResponseError: put /travel/ returned 412: {
E     "error": "Precondition Failed",
E     "reason": "Duplicate database name \"travel\""
E   }
------------------------------ Captured log setup ------------------------------
INFO     CBL:logging.py:111 Starting test: test_query_pattern_regex
_ ERROR at setup of TestQueryConsistency.test_query_pattern_regex[\\beng.*e\\b] _
tests/dev_e2e/test_query_consistency.py:47: in setup_method_fixture
    await cloud.configure_dataset(dataset_path, "travel")
client/src/cbltest/api/cluster.py:139: in configure_dataset
    await self.create_database(dataset_name, db_payload)
client/src/cbltest/api/cluster.py:172: in create_database
    await self.sync_gateway_cluster.create_database(db_name, config)
client/src/cbltest/api/syncgatewaycluster.py:71: in create_database
    version = await self.random_node._put_database(db_name, config)
              ^^^^^^^^^^^^^^^^^^^^^^^^^^^^^^^^^^^^^^^^^^^^^^^^^^^^^
client/src/cbltest/api/syncgateway.py:945: in _put_database
    _, headers = await self._send_request_with_headers("put", f"/{db_name}/", payload)
                 ^^^^^^^^^^^^^^^^^^^^^^^^^^^^^^^^^^^^^^^^^^^^^^^^^^^^^^^^^^^^^^^^^^^^^
client/src/cbltest/api/syncgateway.py:816: in _send_request_with_headers
    raise CblSyncGatewayBadResponseError(
E   cbltest.api.error.CblSyncGatewayBadResponseError: put /travel/ returned 412: {
E     "error": "Precondition Failed",
E     "reason": "Duplicate database name \"travel\""
E   }
------------------------------ Captured log setup ------------------------------
INFO     CBL:logging.py:111 Starting test: test_query_pattern_regex
_______ ERROR at setup of TestQueryConsistency.test_query_is_not_valued ________
tests/dev_e2e/test_query_consistency.py:47: in setup_method_fixture
    await cloud.configure_dataset(dataset_path, "travel")
client/src/cbltest/api/cluster.py:139: in configure_dataset
    await self.create_database(dataset_name, db_payload)
client/src/cbltest/api/cluster.py:172: in create_database
    await self.sync_gateway_cluster.create_database(db_name, config)
client/src/cbltest/api/syncgatewaycluster.py:71: in create_database
    version = await self.random_node._put_database(db_name, config)
              ^^^^^^^^^^^^^^^^^^^^^^^^^^^^^^^^^^^^^^^^^^^^^^^^^^^^^
client/src/cbltest/api/syncgateway.py:945: in _put_database
    _, headers = await self._send_request_with_headers("put", f"/{db_name}/", payload)
                 ^^^^^^^^^^^^^^^^^^^^^^^^^^^^^^^^^^^^^^^^^^^^^^^^^^^^^^^^^^^^^^^^^^^^^
client/src/cbltest/api/syncgateway.py:816: in _send_request_with_headers
    raise CblSyncGatewayBadResponseError(
E   cbltest.api.error.CblSyncGatewayBadResponseError: put /travel/ returned 412: {
E     "error": "Precondition Failed",
E     "reason": "Duplicate database name \"travel\""
E   }
------------------------------ Captured log setup ------------------------------
INFO     CBL:logging.py:111 Starting test: test_query_is_not_valued
__________ ERROR at setup of TestQueryConsistency.test_query_ordering __________
tests/dev_e2e/test_query_consistency.py:47: in setup_method_fixture
    await cloud.configure_dataset(dataset_path, "travel")
client/src/cbltest/api/cluster.py:139: in configure_dataset
    await self.create_database(dataset_name, db_payload)
client/src/cbltest/api/cluster.py:172: in create_database
    await self.sync_gateway_cluster.create_database(db_name, config)
client/src/cbltest/api/syncgatewaycluster.py:71: in create_database
    version = await self.random_node._put_database(db_name, config)
              ^^^^^^^^^^^^^^^^^^^^^^^^^^^^^^^^^^^^^^^^^^^^^^^^^^^^^
client/src/cbltest/api/syncgateway.py:945: in _put_database
    _, headers = await self._send_request_with_headers("put", f"/{db_name}/", payload)
                 ^^^^^^^^^^^^^^^^^^^^^^^^^^^^^^^^^^^^^^^^^^^^^^^^^^^^^^^^^^^^^^^^^^^^^
client/src/cbltest/api/syncgateway.py:816: in _send_request_with_headers
    raise CblSyncGatewayBadResponseError(
E   cbltest.api.error.CblSyncGatewayBadResponseError: put /travel/ returned 412: {
E     "error": "Precondition Failed",
E     "reason": "Duplicate database name \"travel\""
E   }
------------------------------ Captured log setup ------------------------------
INFO     CBL:logging.py:111 Starting test: test_query_ordering
_________ ERROR at setup of TestQueryConsistency.test_query_substring __________
tests/dev_e2e/test_query_consistency.py:47: in setup_method_fixture
    await cloud.configure_dataset(dataset_path, "travel")
client/src/cbltest/api/cluster.py:139: in configure_dataset
    await self.create_database(dataset_name, db_payload)
client/src/cbltest/api/cluster.py:172: in create_database
    await self.sync_gateway_cluster.create_database(db_name, config)
client/src/cbltest/api/syncgatewaycluster.py:71: in create_database
    version = await self.random_node._put_database(db_name, config)
              ^^^^^^^^^^^^^^^^^^^^^^^^^^^^^^^^^^^^^^^^^^^^^^^^^^^^^
client/src/cbltest/api/syncgateway.py:945: in _put_database
    _, headers = await self._send_request_with_headers("put", f"/{db_name}/", payload)
                 ^^^^^^^^^^^^^^^^^^^^^^^^^^^^^^^^^^^^^^^^^^^^^^^^^^^^^^^^^^^^^^^^^^^^^
client/src/cbltest/api/syncgateway.py:816: in _send_request_with_headers
    raise CblSyncGatewayBadResponseError(
E   cbltest.api.error.CblSyncGatewayBadResponseError: put /travel/ returned 412: {
E     "error": "Precondition Failed",
E     "reason": "Duplicate database name \"travel\""
E   }
------------------------------ Captured log setup ------------------------------
INFO     CBL:logging.py:111 Starting test: test_query_substring
____________ ERROR at setup of TestQueryConsistency.test_query_join ____________
tests/dev_e2e/test_query_consistency.py:47: in setup_method_fixture
    await cloud.configure_dataset(dataset_path, "travel")
client/src/cbltest/api/cluster.py:139: in configure_dataset
    await self.create_database(dataset_name, db_payload)
client/src/cbltest/api/cluster.py:172: in create_database
    await self.sync_gateway_cluster.create_database(db_name, config)
client/src/cbltest/api/syncgatewaycluster.py:71: in create_database
    version = await self.random_node._put_database(db_name, config)
              ^^^^^^^^^^^^^^^^^^^^^^^^^^^^^^^^^^^^^^^^^^^^^^^^^^^^^
client/src/cbltest/api/syncgateway.py:945: in _put_database
    _, headers = await self._send_request_with_headers("put", f"/{db_name}/", payload)
                 ^^^^^^^^^^^^^^^^^^^^^^^^^^^^^^^^^^^^^^^^^^^^^^^^^^^^^^^^^^^^^^^^^^^^^
client/src/cbltest/api/syncgateway.py:816: in _send_request_with_headers
    raise CblSyncGatewayBadResponseError(
E   cbltest.api.error.CblSyncGatewayBadResponseError: put /travel/ returned 412: {
E     "error": "Precondition Failed",
E     "reason": "Duplicate database name \"travel\""
E   }
------------------------------ Captured log setup ------------------------------
INFO     CBL:logging.py:111 Starting test: test_query_join
_________ ERROR at setup of TestQueryConsistency.test_query_inner_join _________
tests/dev_e2e/test_query_consistency.py:47: in setup_method_fixture
    await cloud.configure_dataset(dataset_path, "travel")
client/src/cbltest/api/cluster.py:139: in configure_dataset
    await self.create_database(dataset_name, db_payload)
client/src/cbltest/api/cluster.py:172: in create_database
    await self.sync_gateway_cluster.create_database(db_name, config)
client/src/cbltest/api/syncgatewaycluster.py:71: in create_database
    version = await self.random_node._put_database(db_name, config)
              ^^^^^^^^^^^^^^^^^^^^^^^^^^^^^^^^^^^^^^^^^^^^^^^^^^^^^
client/src/cbltest/api/syncgateway.py:945: in _put_database
    _, headers = await self._send_request_with_headers("put", f"/{db_name}/", payload)
                 ^^^^^^^^^^^^^^^^^^^^^^^^^^^^^^^^^^^^^^^^^^^^^^^^^^^^^^^^^^^^^^^^^^^^^
client/src/cbltest/api/syncgateway.py:816: in _send_request_with_headers
    raise CblSyncGatewayBadResponseError(
E   cbltest.api.error.CblSyncGatewayBadResponseError: put /travel/ returned 412: {
E     "error": "Precondition Failed",
E     "reason": "Duplicate database name \"travel\""
E   }
------------------------------ Captured log setup ------------------------------
INFO     CBL:logging.py:111 Starting test: test_query_inner_join
____ ERROR at setup of TestQueryConsistency.test_query_left_join[LEFT JOIN] ____
tests/dev_e2e/test_query_consistency.py:47: in setup_method_fixture
    await cloud.configure_dataset(dataset_path, "travel")
client/src/cbltest/api/cluster.py:139: in configure_dataset
    await self.create_database(dataset_name, db_payload)
client/src/cbltest/api/cluster.py:172: in create_database
    await self.sync_gateway_cluster.create_database(db_name, config)
client/src/cbltest/api/syncgatewaycluster.py:71: in create_database
    version = await self.random_node._put_database(db_name, config)
              ^^^^^^^^^^^^^^^^^^^^^^^^^^^^^^^^^^^^^^^^^^^^^^^^^^^^^
client/src/cbltest/api/syncgateway.py:945: in _put_database
    _, headers = await self._send_request_with_headers("put", f"/{db_name}/", payload)
                 ^^^^^^^^^^^^^^^^^^^^^^^^^^^^^^^^^^^^^^^^^^^^^^^^^^^^^^^^^^^^^^^^^^^^^
client/src/cbltest/api/syncgateway.py:816: in _send_request_with_headers
    raise CblSyncGatewayBadResponseError(
E   cbltest.api.error.CblSyncGatewayBadResponseError: put /travel/ returned 412: {
E     "error": "Precondition Failed",
E     "reason": "Duplicate database name \"travel\""
E   }
------------------------------ Captured log setup ------------------------------
INFO     CBL:logging.py:111 Starting test: test_query_left_join
_ ERROR at setup of TestQueryConsistency.test_query_left_join[LEFT OUTER JOIN] _
tests/dev_e2e/test_query_consistency.py:47: in setup_method_fixture
    await cloud.configure_dataset(dataset_path, "travel")
client/src/cbltest/api/cluster.py:139: in configure_dataset
    await self.create_database(dataset_name, db_payload)
client/src/cbltest/api/cluster.py:172: in create_database
    await self.sync_gateway_cluster.create_database(db_name, config)
client/src/cbltest/api/syncgatewaycluster.py:71: in create_database
    version = await self.random_node._put_database(db_name, config)
              ^^^^^^^^^^^^^^^^^^^^^^^^^^^^^^^^^^^^^^^^^^^^^^^^^^^^^
client/src/cbltest/api/syncgateway.py:945: in _put_database
    _, headers = await self._send_request_with_headers("put", f"/{db_name}/", payload)
                 ^^^^^^^^^^^^^^^^^^^^^^^^^^^^^^^^^^^^^^^^^^^^^^^^^^^^^^^^^^^^^^^^^^^^^
client/src/cbltest/api/syncgateway.py:816: in _send_request_with_headers
    raise CblSyncGatewayBadResponseError(
E   cbltest.api.error.CblSyncGatewayBadResponseError: put /travel/ returned 412: {
E     "error": "Precondition Failed",
E     "reason": "Duplicate database name \"travel\""
E   }
------------------------------ Captured log setup ------------------------------
INFO     CBL:logging.py:111 Starting test: test_query_left_join
___________ ERROR at setup of TestQueryConsistency.test_equality[=] ____________
tests/dev_e2e/test_query_consistency.py:47: in setup_method_fixture
    await cloud.configure_dataset(dataset_path, "travel")
client/src/cbltest/api/cluster.py:139: in configure_dataset
    await self.create_database(dataset_name, db_payload)
client/src/cbltest/api/cluster.py:172: in create_database
    await self.sync_gateway_cluster.create_database(db_name, config)
client/src/cbltest/api/syncgatewaycluster.py:71: in create_database
    version = await self.random_node._put_database(db_name, config)
              ^^^^^^^^^^^^^^^^^^^^^^^^^^^^^^^^^^^^^^^^^^^^^^^^^^^^^
client/src/cbltest/api/syncgateway.py:945: in _put_database
    _, headers = await self._send_request_with_headers("put", f"/{db_name}/", payload)
                 ^^^^^^^^^^^^^^^^^^^^^^^^^^^^^^^^^^^^^^^^^^^^^^^^^^^^^^^^^^^^^^^^^^^^^
client/src/cbltest/api/syncgateway.py:816: in _send_request_with_headers
    raise CblSyncGatewayBadResponseError(
E   cbltest.api.error.CblSyncGatewayBadResponseError: put /travel/ returned 412: {
E     "error": "Precondition Failed",
E     "reason": "Duplicate database name \"travel\""
E   }
------------------------------ Captured log setup ------------------------------
INFO     CBL:logging.py:111 Starting test: test_equality
___________ ERROR at setup of TestQueryConsistency.test_equality[!=] ___________
tests/dev_e2e/test_query_consistency.py:47: in setup_method_fixture
    await cloud.configure_dataset(dataset_path, "travel")
client/src/cbltest/api/cluster.py:139: in configure_dataset
    await self.create_database(dataset_name, db_payload)
client/src/cbltest/api/cluster.py:172: in create_database
    await self.sync_gateway_cluster.create_database(db_name, config)
client/src/cbltest/api/syncgatewaycluster.py:71: in create_database
    version = await self.random_node._put_database(db_name, config)
              ^^^^^^^^^^^^^^^^^^^^^^^^^^^^^^^^^^^^^^^^^^^^^^^^^^^^^
client/src/cbltest/api/syncgateway.py:945: in _put_database
    _, headers = await self._send_request_with_headers("put", f"/{db_name}/", payload)
                 ^^^^^^^^^^^^^^^^^^^^^^^^^^^^^^^^^^^^^^^^^^^^^^^^^^^^^^^^^^^^^^^^^^^^^
client/src/cbltest/api/syncgateway.py:816: in _send_request_with_headers
    raise CblSyncGatewayBadResponseError(
E   cbltest.api.error.CblSyncGatewayBadResponseError: put /travel/ returned 412: {
E     "error": "Precondition Failed",
E     "reason": "Duplicate database name \"travel\""
E   }
------------------------------ Captured log setup ------------------------------
INFO     CBL:logging.py:111 Starting test: test_equality
__________ ERROR at setup of TestQueryConsistency.test_comparison[>] ___________
tests/dev_e2e/test_query_consistency.py:47: in setup_method_fixture
    await cloud.configure_dataset(dataset_path, "travel")
client/src/cbltest/api/cluster.py:139: in configure_dataset
    await self.create_database(dataset_name, db_payload)
client/src/cbltest/api/cluster.py:172: in create_database
    await self.sync_gateway_cluster.create_database(db_name, config)
client/src/cbltest/api/syncgatewaycluster.py:71: in create_database
    version = await self.random_node._put_database(db_name, config)
              ^^^^^^^^^^^^^^^^^^^^^^^^^^^^^^^^^^^^^^^^^^^^^^^^^^^^^
client/src/cbltest/api/syncgateway.py:945: in _put_database
    _, headers = await self._send_request_with_headers("put", f"/{db_name}/", payload)
                 ^^^^^^^^^^^^^^^^^^^^^^^^^^^^^^^^^^^^^^^^^^^^^^^^^^^^^^^^^^^^^^^^^^^^^
client/src/cbltest/api/syncgateway.py:816: in _send_request_with_headers
    raise CblSyncGatewayBadResponseError(
E   cbltest.api.error.CblSyncGatewayBadResponseError: put /travel/ returned 412: {
E     "error": "Precondition Failed",
E     "reason": "Duplicate database name \"travel\""
E   }
------------------------------ Captured log setup ------------------------------
INFO     CBL:logging.py:111 Starting test: test_comparison
__________ ERROR at setup of TestQueryConsistency.test_comparison[>=] __________
tests/dev_e2e/test_query_consistency.py:47: in setup_method_fixture
    await cloud.configure_dataset(dataset_path, "travel")
client/src/cbltest/api/cluster.py:139: in configure_dataset
    await self.create_database(dataset_name, db_payload)
client/src/cbltest/api/cluster.py:172: in create_database
    await self.sync_gateway_cluster.create_database(db_name, config)
client/src/cbltest/api/syncgatewaycluster.py:71: in create_database
    version = await self.random_node._put_database(db_name, config)
              ^^^^^^^^^^^^^^^^^^^^^^^^^^^^^^^^^^^^^^^^^^^^^^^^^^^^^
client/src/cbltest/api/syncgateway.py:945: in _put_database
    _, headers = await self._send_request_with_headers("put", f"/{db_name}/", payload)
                 ^^^^^^^^^^^^^^^^^^^^^^^^^^^^^^^^^^^^^^^^^^^^^^^^^^^^^^^^^^^^^^^^^^^^^
client/src/cbltest/api/syncgateway.py:816: in _send_request_with_headers
    raise CblSyncGatewayBadResponseError(
E   cbltest.api.error.CblSyncGatewayBadResponseError: put /travel/ returned 412: {
E     "error": "Precondition Failed",
E     "reason": "Duplicate database name \"travel\""
E   }
------------------------------ Captured log setup ------------------------------
INFO     CBL:logging.py:111 Starting test: test_comparison
__________ ERROR at setup of TestQueryConsistency.test_comparison[<] ___________
tests/dev_e2e/test_query_consistency.py:47: in setup_method_fixture
    await cloud.configure_dataset(dataset_path, "travel")
client/src/cbltest/api/cluster.py:139: in configure_dataset
    await self.create_database(dataset_name, db_payload)
client/src/cbltest/api/cluster.py:172: in create_database
    await self.sync_gateway_cluster.create_database(db_name, config)
client/src/cbltest/api/syncgatewaycluster.py:71: in create_database
    version = await self.random_node._put_database(db_name, config)
              ^^^^^^^^^^^^^^^^^^^^^^^^^^^^^^^^^^^^^^^^^^^^^^^^^^^^^
client/src/cbltest/api/syncgateway.py:945: in _put_database
    _, headers = await self._send_request_with_headers("put", f"/{db_name}/", payload)
                 ^^^^^^^^^^^^^^^^^^^^^^^^^^^^^^^^^^^^^^^^^^^^^^^^^^^^^^^^^^^^^^^^^^^^^
client/src/cbltest/api/syncgateway.py:816: in _send_request_with_headers
    raise CblSyncGatewayBadResponseError(
E   cbltest.api.error.CblSyncGatewayBadResponseError: put /travel/ returned 412: {
E     "error": "Precondition Failed",
E     "reason": "Duplicate database name \"travel\""
E   }
------------------------------ Captured log setup ------------------------------
INFO     CBL:logging.py:111 Starting test: test_comparison
__________ ERROR at setup of TestQueryConsistency.test_comparison[<=] __________
tests/dev_e2e/test_query_consistency.py:47: in setup_method_fixture
    await cloud.configure_dataset(dataset_path, "travel")
client/src/cbltest/api/cluster.py:139: in configure_dataset
    await self.create_database(dataset_name, db_payload)
client/src/cbltest/api/cluster.py:172: in create_database
    await self.sync_gateway_cluster.create_database(db_name, config)
client/src/cbltest/api/syncgatewaycluster.py:71: in create_database
    version = await self.random_node._put_database(db_name, config)
              ^^^^^^^^^^^^^^^^^^^^^^^^^^^^^^^^^^^^^^^^^^^^^^^^^^^^^
client/src/cbltest/api/syncgateway.py:945: in _put_database
    _, headers = await self._send_request_with_headers("put", f"/{db_name}/", payload)
                 ^^^^^^^^^^^^^^^^^^^^^^^^^^^^^^^^^^^^^^^^^^^^^^^^^^^^^^^^^^^^^^^^^^^^^
client/src/cbltest/api/syncgateway.py:816: in _send_request_with_headers
    raise CblSyncGatewayBadResponseError(
E   cbltest.api.error.CblSyncGatewayBadResponseError: put /travel/ returned 412: {
E     "error": "Precondition Failed",
E     "reason": "Duplicate database name \"travel\""
E   }
------------------------------ Captured log setup ------------------------------
INFO     CBL:logging.py:111 Starting test: test_comparison
________________ ERROR at setup of TestQueryConsistency.test_in ________________
tests/dev_e2e/test_query_consistency.py:47: in setup_method_fixture
    await cloud.configure_dataset(dataset_path, "travel")
client/src/cbltest/api/cluster.py:139: in configure_dataset
    await self.create_database(dataset_name, db_payload)
client/src/cbltest/api/cluster.py:172: in create_database
    await self.sync_gateway_cluster.create_database(db_name, config)
client/src/cbltest/api/syncgatewaycluster.py:71: in create_database
    version = await self.random_node._put_database(db_name, config)
              ^^^^^^^^^^^^^^^^^^^^^^^^^^^^^^^^^^^^^^^^^^^^^^^^^^^^^
client/src/cbltest/api/syncgateway.py:945: in _put_database
    _, headers = await self._send_request_with_headers("put", f"/{db_name}/", payload)
                 ^^^^^^^^^^^^^^^^^^^^^^^^^^^^^^^^^^^^^^^^^^^^^^^^^^^^^^^^^^^^^^^^^^^^^
client/src/cbltest/api/syncgateway.py:816: in _send_request_with_headers
    raise CblSyncGatewayBadResponseError(
E   cbltest.api.error.CblSyncGatewayBadResponseError: put /travel/ returned 412: {
E     "error": "Precondition Failed",
E     "reason": "Duplicate database name \"travel\""
E   }
------------------------------ Captured log setup ------------------------------
INFO     CBL:logging.py:111 Starting test: test_in
_________ ERROR at setup of TestQueryConsistency.test_between[BETWEEN] _________
tests/dev_e2e/test_query_consistency.py:47: in setup_method_fixture
    await cloud.configure_dataset(dataset_path, "travel")
client/src/cbltest/api/cluster.py:139: in configure_dataset
    await self.create_database(dataset_name, db_payload)
client/src/cbltest/api/cluster.py:172: in create_database
    await self.sync_gateway_cluster.create_database(db_name, config)
client/src/cbltest/api/syncgatewaycluster.py:71: in create_database
    version = await self.random_node._put_database(db_name, config)
              ^^^^^^^^^^^^^^^^^^^^^^^^^^^^^^^^^^^^^^^^^^^^^^^^^^^^^
client/src/cbltest/api/syncgateway.py:945: in _put_database
    _, headers = await self._send_request_with_headers("put", f"/{db_name}/", payload)
                 ^^^^^^^^^^^^^^^^^^^^^^^^^^^^^^^^^^^^^^^^^^^^^^^^^^^^^^^^^^^^^^^^^^^^^
client/src/cbltest/api/syncgateway.py:816: in _send_request_with_headers
    raise CblSyncGatewayBadResponseError(
E   cbltest.api.error.CblSyncGatewayBadResponseError: put /travel/ returned 412: {
E     "error": "Precondition Failed",
E     "reason": "Duplicate database name \"travel\""
E   }
------------------------------ Captured log setup ------------------------------
INFO     CBL:logging.py:111 Starting test: test_between
_______ ERROR at setup of TestQueryConsistency.test_between[NOT BETWEEN] _______
tests/dev_e2e/test_query_consistency.py:47: in setup_method_fixture
    await cloud.configure_dataset(dataset_path, "travel")
client/src/cbltest/api/cluster.py:139: in configure_dataset
    await self.create_database(dataset_name, db_payload)
client/src/cbltest/api/cluster.py:172: in create_database
    await self.sync_gateway_cluster.create_database(db_name, config)
client/src/cbltest/api/syncgatewaycluster.py:71: in create_database
    version = await self.random_node._put_database(db_name, config)
              ^^^^^^^^^^^^^^^^^^^^^^^^^^^^^^^^^^^^^^^^^^^^^^^^^^^^^
client/src/cbltest/api/syncgateway.py:945: in _put_database
    _, headers = await self._send_request_with_headers("put", f"/{db_name}/", payload)
                 ^^^^^^^^^^^^^^^^^^^^^^^^^^^^^^^^^^^^^^^^^^^^^^^^^^^^^^^^^^^^^^^^^^^^^
client/src/cbltest/api/syncgateway.py:816: in _send_request_with_headers
    raise CblSyncGatewayBadResponseError(
E   cbltest.api.error.CblSyncGatewayBadResponseError: put /travel/ returned 412: {
E     "error": "Precondition Failed",
E     "reason": "Duplicate database name \"travel\""
E   }
------------------------------ Captured log setup ------------------------------
INFO     CBL:logging.py:111 Starting test: test_between
_____________ ERROR at setup of TestQueryConsistency.test_same[IS] _____________
tests/dev_e2e/test_query_consistency.py:47: in setup_method_fixture
    await cloud.configure_dataset(dataset_path, "travel")
client/src/cbltest/api/cluster.py:139: in configure_dataset
    await self.create_database(dataset_name, db_payload)
client/src/cbltest/api/cluster.py:172: in create_database
    await self.sync_gateway_cluster.create_database(db_name, config)
client/src/cbltest/api/syncgatewaycluster.py:71: in create_database
    version = await self.random_node._put_database(db_name, config)
              ^^^^^^^^^^^^^^^^^^^^^^^^^^^^^^^^^^^^^^^^^^^^^^^^^^^^^
client/src/cbltest/api/syncgateway.py:945: in _put_database
    _, headers = await self._send_request_with_headers("put", f"/{db_name}/", payload)
                 ^^^^^^^^^^^^^^^^^^^^^^^^^^^^^^^^^^^^^^^^^^^^^^^^^^^^^^^^^^^^^^^^^^^^^
client/src/cbltest/api/syncgateway.py:816: in _send_request_with_headers
    raise CblSyncGatewayBadResponseError(
E   cbltest.api.error.CblSyncGatewayBadResponseError: put /travel/ returned 412: {
E     "error": "Precondition Failed",
E     "reason": "Duplicate database name \"travel\""
E   }
------------------------------ Captured log setup ------------------------------
INFO     CBL:logging.py:111 Starting test: test_same
___________ ERROR at setup of TestQueryConsistency.test_same[IS NOT] ___________
tests/dev_e2e/test_query_consistency.py:47: in setup_method_fixture
    await cloud.configure_dataset(dataset_path, "travel")
client/src/cbltest/api/cluster.py:139: in configure_dataset
    await self.create_database(dataset_name, db_payload)
client/src/cbltest/api/cluster.py:172: in create_database
    await self.sync_gateway_cluster.create_database(db_name, config)
client/src/cbltest/api/syncgatewaycluster.py:71: in create_database
    version = await self.random_node._put_database(db_name, config)
              ^^^^^^^^^^^^^^^^^^^^^^^^^^^^^^^^^^^^^^^^^^^^^^^^^^^^^
client/src/cbltest/api/syncgateway.py:945: in _put_database
    _, headers = await self._send_request_with_headers("put", f"/{db_name}/", payload)
                 ^^^^^^^^^^^^^^^^^^^^^^^^^^^^^^^^^^^^^^^^^^^^^^^^^^^^^^^^^^^^^^^^^^^^^
client/src/cbltest/api/syncgateway.py:816: in _send_request_with_headers
    raise CblSyncGatewayBadResponseError(
E   cbltest.api.error.CblSyncGatewayBadResponseError: put /travel/ returned 412: {
E     "error": "Precondition Failed",
E     "reason": "Duplicate database name \"travel\""
E   }
------------------------------ Captured log setup ------------------------------
INFO     CBL:logging.py:111 Starting test: test_same
=================================== FAILURES ===================================
___________________ TestBasicReplication.test_push_and_pull ____________________
tests/dev_e2e/test_basic_replication.py:172: in test_push_and_pull
    dbs = await cblpytest.test_servers[0].create_and_reset_db(["db1"], dataset="travel")
          ^^^^^^^^^^^^^^^^^^^^^^^^^^^^^^^^^^^^^^^^^^^^^^^^^^^^^^^^^^^^^^^^^^^^^^^^^^^^^^
client/src/cbltest/api/testserver.py:92: in create_and_reset_db
    await self.__request_factory.send_request(self.__index, request)
client/src/cbltest/requests.py:194: in send_request
    ret_val = await transport.send(r, writer.num)
              ^^^^^^^^^^^^^^^^^^^^^^^^^^^^^^^^^^^
client/src/cbltest/requests_transport.py:120: in send
    await ws_conn.send_str(json.dumps(data))
.venv/lib/python3.13/site-packages/aiohttp/web_ws.py:478: in send_str
    await self._writer.send_frame(
.venv/lib/python3.13/site-packages/aiohttp/_websocket/writer.py:78: in send_frame
    raise ClientConnectionResetError("Cannot write to closing transport")
E   aiohttp.client_exceptions.ClientConnectionResetError: Cannot write to closing transport
------------------------------ Captured log setup ------------------------------
INFO     CBL:logging.py:111 🧹 Couchbase Server and Sync Gateway cleanup started
DEBUG    CBL:logging.py:115 🧹 SGW <cbltest.api.syncgateway.SyncGateway object at 0x11378b230>: found databases ['travel'], deleting...
DEBUG    CBL:logging.py:115 🧹 CBS <cbltest.api.couchbaseserver.CouchbaseServer object at 0x11378b620>: found buckets ['travel'], deleting...
DEBUG    CBL:logging.py:115 🧹 CBS <cbltest.api.couchbaseserver.CouchbaseServer object at 0x11378b620>: waiting for all buckets to be deleted...
INFO     CBL:logging.py:111 🧹 Couchbase Server and Sync Gateway cleanup finished
INFO     CBL:logging.py:111 Starting test: test_push_and_pull
------------------------------ Captured log call -------------------------------
INFO     CBL:logging.py:111 Moving to step 1:
INFO     CBL:logging.py:111 	Reset SG and load `travel` dataset.
INFO     CBL:logging.py:111 Moving to step 2:
INFO     CBL:logging.py:111 	Reset local database, and load `travel` dataset.
DEBUG    CBL:logging.py:115 Sending (test_push_and_pull) -> 3917af92-025e-4519-be8e-49ffccb813ad v1 POST /reset to http://localhost:5173
ERROR    CBL:testserver.py:92 Failed to send (test_push_and_pull) -> 3917af92-025e-4519-be8e-49ffccb813ad v1 POST /reset to http://localhost:5173 (Cannot write to closing transport)
Stack (most recent call last):
  File "/Users/jayant.dhingra/Desktop/couchbase-lite-tests/.venv/bin/pytest", line 10, in <module>
    sys.exit(console_main())
  File "/Users/jayant.dhingra/Desktop/couchbase-lite-tests/.venv/lib/python3.13/site-packages/_pytest/config/__init__.py", line 223, in console_main
    code = main()
  File "/Users/jayant.dhingra/Desktop/couchbase-lite-tests/.venv/lib/python3.13/site-packages/_pytest/config/__init__.py", line 199, in main
    ret: ExitCode | int = config.hook.pytest_cmdline_main(config=config)
  File "/Users/jayant.dhingra/Desktop/couchbase-lite-tests/.venv/lib/python3.13/site-packages/pluggy/_hooks.py", line 513, in __call__
    return self._hookexec(self.name, self._hookimpls.copy(), kwargs, firstresult)
  File "/Users/jayant.dhingra/Desktop/couchbase-lite-tests/.venv/lib/python3.13/site-packages/pluggy/_manager.py", line 120, in _hookexec
    return self._inner_hookexec(hook_name, methods, kwargs, firstresult)
  File "/Users/jayant.dhingra/Desktop/couchbase-lite-tests/.venv/lib/python3.13/site-packages/pluggy/_callers.py", line 103, in _multicall
    res = hook_impl.function(*args)
  File "/Users/jayant.dhingra/Desktop/couchbase-lite-tests/.venv/lib/python3.13/site-packages/_pytest/main.py", line 365, in pytest_cmdline_main
    return wrap_session(config, _main)
  File "/Users/jayant.dhingra/Desktop/couchbase-lite-tests/.venv/lib/python3.13/site-packages/_pytest/main.py", line 318, in wrap_session
    session.exitstatus = doit(config, session) or 0
  File "/Users/jayant.dhingra/Desktop/couchbase-lite-tests/.venv/lib/python3.13/site-packages/_pytest/main.py", line 372, in _main
    config.hook.pytest_runtestloop(session=session)
  File "/Users/jayant.dhingra/Desktop/couchbase-lite-tests/.venv/lib/python3.13/site-packages/pluggy/_hooks.py", line 513, in __call__
    return self._hookexec(self.name, self._hookimpls.copy(), kwargs, firstresult)
  File "/Users/jayant.dhingra/Desktop/couchbase-lite-tests/.venv/lib/python3.13/site-packages/pluggy/_manager.py", line 120, in _hookexec
    return self._inner_hookexec(hook_name, methods, kwargs, firstresult)
  File "/Users/jayant.dhingra/Desktop/couchbase-lite-tests/.venv/lib/python3.13/site-packages/pluggy/_callers.py", line 103, in _multicall
    res = hook_impl.function(*args)
  File "/Users/jayant.dhingra/Desktop/couchbase-lite-tests/.venv/lib/python3.13/site-packages/_pytest/main.py", line 396, in pytest_runtestloop
    item.config.hook.pytest_runtest_protocol(item=item, nextitem=nextitem)
  File "/Users/jayant.dhingra/Desktop/couchbase-lite-tests/.venv/lib/python3.13/site-packages/pluggy/_hooks.py", line 513, in __call__
    return self._hookexec(self.name, self._hookimpls.copy(), kwargs, firstresult)
  File "/Users/jayant.dhingra/Desktop/couchbase-lite-tests/.venv/lib/python3.13/site-packages/pluggy/_manager.py", line 120, in _hookexec
    return self._inner_hookexec(hook_name, methods, kwargs, firstresult)
  File "/Users/jayant.dhingra/Desktop/couchbase-lite-tests/.venv/lib/python3.13/site-packages/pluggy/_callers.py", line 103, in _multicall
    res = hook_impl.function(*args)
  File "/Users/jayant.dhingra/Desktop/couchbase-lite-tests/.venv/lib/python3.13/site-packages/_pytest/runner.py", line 118, in pytest_runtest_protocol
    runtestprotocol(item, nextitem=nextitem)
  File "/Users/jayant.dhingra/Desktop/couchbase-lite-tests/.venv/lib/python3.13/site-packages/_pytest/runner.py", line 137, in runtestprotocol
    reports.append(call_and_report(item, "call", log))
  File "/Users/jayant.dhingra/Desktop/couchbase-lite-tests/.venv/lib/python3.13/site-packages/_pytest/runner.py", line 244, in call_and_report
    call = CallInfo.from_call(
  File "/Users/jayant.dhingra/Desktop/couchbase-lite-tests/.venv/lib/python3.13/site-packages/_pytest/runner.py", line 353, in from_call
    result: TResult | None = func()
  File "/Users/jayant.dhingra/Desktop/couchbase-lite-tests/.venv/lib/python3.13/site-packages/_pytest/runner.py", line 245, in <lambda>
    lambda: runtest_hook(item=item, **kwds),
  File "/Users/jayant.dhingra/Desktop/couchbase-lite-tests/.venv/lib/python3.13/site-packages/pluggy/_hooks.py", line 513, in __call__
    return self._hookexec(self.name, self._hookimpls.copy(), kwargs, firstresult)
  File "/Users/jayant.dhingra/Desktop/couchbase-lite-tests/.venv/lib/python3.13/site-packages/pluggy/_manager.py", line 120, in _hookexec
    return self._inner_hookexec(hook_name, methods, kwargs, firstresult)
  File "/Users/jayant.dhingra/Desktop/couchbase-lite-tests/.venv/lib/python3.13/site-packages/pluggy/_callers.py", line 103, in _multicall
    res = hook_impl.function(*args)
  File "/Users/jayant.dhingra/Desktop/couchbase-lite-tests/.venv/lib/python3.13/site-packages/_pytest/runner.py", line 179, in pytest_runtest_call
    item.runtest()
  File "/Users/jayant.dhingra/Desktop/couchbase-lite-tests/.venv/lib/python3.13/site-packages/pytest_asyncio/plugin.py", line 469, in runtest
    super().runtest()
  File "/Users/jayant.dhingra/Desktop/couchbase-lite-tests/.venv/lib/python3.13/site-packages/_pytest/python.py", line 1720, in runtest
    self.ihook.pytest_pyfunc_call(pyfuncitem=self)
  File "/Users/jayant.dhingra/Desktop/couchbase-lite-tests/.venv/lib/python3.13/site-packages/pluggy/_hooks.py", line 513, in __call__
    return self._hookexec(self.name, self._hookimpls.copy(), kwargs, firstresult)
  File "/Users/jayant.dhingra/Desktop/couchbase-lite-tests/.venv/lib/python3.13/site-packages/pluggy/_manager.py", line 120, in _hookexec
    return self._inner_hookexec(hook_name, methods, kwargs, firstresult)
  File "/Users/jayant.dhingra/Desktop/couchbase-lite-tests/.venv/lib/python3.13/site-packages/pluggy/_callers.py", line 103, in _multicall
    res = hook_impl.function(*args)
  File "/Users/jayant.dhingra/Desktop/couchbase-lite-tests/.venv/lib/python3.13/site-packages/_pytest/python.py", line 166, in pytest_pyfunc_call
    result = testfunction(**testargs)
  File "/Users/jayant.dhingra/Desktop/couchbase-lite-tests/.venv/lib/python3.13/site-packages/pytest_asyncio/plugin.py", line 716, in inner
    runner.run(coro, context=context)
  File "/opt/homebrew/Cellar/python@3.13/3.13.7/Frameworks/Python.framework/Versions/3.13/lib/python3.13/asyncio/runners.py", line 118, in run
    return self._loop.run_until_complete(task)
  File "/opt/homebrew/Cellar/python@3.13/3.13.7/Frameworks/Python.framework/Versions/3.13/lib/python3.13/asyncio/base_events.py", line 712, in run_until_complete
    self.run_forever()
  File "/opt/homebrew/Cellar/python@3.13/3.13.7/Frameworks/Python.framework/Versions/3.13/lib/python3.13/asyncio/base_events.py", line 683, in run_forever
    self._run_once()
  File "/opt/homebrew/Cellar/python@3.13/3.13.7/Frameworks/Python.framework/Versions/3.13/lib/python3.13/asyncio/base_events.py", line 2050, in _run_once
    handle._run()
  File "/opt/homebrew/Cellar/python@3.13/3.13.7/Frameworks/Python.framework/Versions/3.13/lib/python3.13/asyncio/events.py", line 89, in _run
    self._context.run(self._callback, *self._args)
  File "/Users/jayant.dhingra/Desktop/couchbase-lite-tests/tests/dev_e2e/test_basic_replication.py", line 172, in test_push_and_pull
    dbs = await cblpytest.test_servers[0].create_and_reset_db(["db1"], dataset="travel")
  File "/Users/jayant.dhingra/Desktop/couchbase-lite-tests/client/src/cbltest/api/testserver.py", line 92, in create_and_reset_db
    await self.__request_factory.send_request(self.__index, request)
__________________ TestBasicReplication.test_continuous_push ___________________
tests/dev_e2e/test_basic_replication.py:234: in test_continuous_push
    dbs = await cblpytest.test_servers[0].create_and_reset_db(["db1"], dataset="travel")
          ^^^^^^^^^^^^^^^^^^^^^^^^^^^^^^^^^^^^^^^^^^^^^^^^^^^^^^^^^^^^^^^^^^^^^^^^^^^^^^
client/src/cbltest/api/testserver.py:92: in create_and_reset_db
    await self.__request_factory.send_request(self.__index, request)
client/src/cbltest/requests.py:194: in send_request
    ret_val = await transport.send(r, writer.num)
              ^^^^^^^^^^^^^^^^^^^^^^^^^^^^^^^^^^^
client/src/cbltest/requests_transport.py:120: in send
    await ws_conn.send_str(json.dumps(data))
.venv/lib/python3.13/site-packages/aiohttp/web_ws.py:478: in send_str
    await self._writer.send_frame(
.venv/lib/python3.13/site-packages/aiohttp/_websocket/writer.py:78: in send_frame
    raise ClientConnectionResetError("Cannot write to closing transport")
E   aiohttp.client_exceptions.ClientConnectionResetError: Cannot write to closing transport
------------------------------ Captured log setup ------------------------------
INFO     CBL:logging.py:111 🧹 Couchbase Server and Sync Gateway cleanup started
DEBUG    CBL:logging.py:115 🧹 SGW <cbltest.api.syncgateway.SyncGateway object at 0x11378b230>: found databases ['travel'], deleting...
DEBUG    CBL:logging.py:115 🧹 CBS <cbltest.api.couchbaseserver.CouchbaseServer object at 0x11378b620>: found buckets ['travel'], deleting...
DEBUG    CBL:logging.py:115 🧹 CBS <cbltest.api.couchbaseserver.CouchbaseServer object at 0x11378b620>: waiting for all buckets to be deleted...
INFO     CBL:logging.py:111 🧹 Couchbase Server and Sync Gateway cleanup finished
INFO     CBL:logging.py:111 Starting test: test_continuous_push
------------------------------ Captured log call -------------------------------
INFO     CBL:logging.py:111 Moving to step 1:
INFO     CBL:logging.py:111 	Reset SG and load `travel` dataset.
INFO     CBL:logging.py:111 Moving to step 2:
INFO     CBL:logging.py:111 	Reset local database, and load `travel` dataset.
DEBUG    CBL:logging.py:115 Sending (test_continuous_push) -> 3917af92-025e-4519-be8e-49ffccb813ad v1 POST /reset to http://localhost:5173
ERROR    CBL:testserver.py:92 Failed to send (test_continuous_push) -> 3917af92-025e-4519-be8e-49ffccb813ad v1 POST /reset to http://localhost:5173 (Cannot write to closing transport)
Stack (most recent call last):
  File "/Users/jayant.dhingra/Desktop/couchbase-lite-tests/.venv/bin/pytest", line 10, in <module>
    sys.exit(console_main())
  File "/Users/jayant.dhingra/Desktop/couchbase-lite-tests/.venv/lib/python3.13/site-packages/_pytest/config/__init__.py", line 223, in console_main
    code = main()
  File "/Users/jayant.dhingra/Desktop/couchbase-lite-tests/.venv/lib/python3.13/site-packages/_pytest/config/__init__.py", line 199, in main
    ret: ExitCode | int = config.hook.pytest_cmdline_main(config=config)
  File "/Users/jayant.dhingra/Desktop/couchbase-lite-tests/.venv/lib/python3.13/site-packages/pluggy/_hooks.py", line 513, in __call__
    return self._hookexec(self.name, self._hookimpls.copy(), kwargs, firstresult)
  File "/Users/jayant.dhingra/Desktop/couchbase-lite-tests/.venv/lib/python3.13/site-packages/pluggy/_manager.py", line 120, in _hookexec
    return self._inner_hookexec(hook_name, methods, kwargs, firstresult)
  File "/Users/jayant.dhingra/Desktop/couchbase-lite-tests/.venv/lib/python3.13/site-packages/pluggy/_callers.py", line 103, in _multicall
    res = hook_impl.function(*args)
  File "/Users/jayant.dhingra/Desktop/couchbase-lite-tests/.venv/lib/python3.13/site-packages/_pytest/main.py", line 365, in pytest_cmdline_main
    return wrap_session(config, _main)
  File "/Users/jayant.dhingra/Desktop/couchbase-lite-tests/.venv/lib/python3.13/site-packages/_pytest/main.py", line 318, in wrap_session
    session.exitstatus = doit(config, session) or 0
  File "/Users/jayant.dhingra/Desktop/couchbase-lite-tests/.venv/lib/python3.13/site-packages/_pytest/main.py", line 372, in _main
    config.hook.pytest_runtestloop(session=session)
  File "/Users/jayant.dhingra/Desktop/couchbase-lite-tests/.venv/lib/python3.13/site-packages/pluggy/_hooks.py", line 513, in __call__
    return self._hookexec(self.name, self._hookimpls.copy(), kwargs, firstresult)
  File "/Users/jayant.dhingra/Desktop/couchbase-lite-tests/.venv/lib/python3.13/site-packages/pluggy/_manager.py", line 120, in _hookexec
    return self._inner_hookexec(hook_name, methods, kwargs, firstresult)
  File "/Users/jayant.dhingra/Desktop/couchbase-lite-tests/.venv/lib/python3.13/site-packages/pluggy/_callers.py", line 103, in _multicall
    res = hook_impl.function(*args)
  File "/Users/jayant.dhingra/Desktop/couchbase-lite-tests/.venv/lib/python3.13/site-packages/_pytest/main.py", line 396, in pytest_runtestloop
    item.config.hook.pytest_runtest_protocol(item=item, nextitem=nextitem)
  File "/Users/jayant.dhingra/Desktop/couchbase-lite-tests/.venv/lib/python3.13/site-packages/pluggy/_hooks.py", line 513, in __call__
    return self._hookexec(self.name, self._hookimpls.copy(), kwargs, firstresult)
  File "/Users/jayant.dhingra/Desktop/couchbase-lite-tests/.venv/lib/python3.13/site-packages/pluggy/_manager.py", line 120, in _hookexec
    return self._inner_hookexec(hook_name, methods, kwargs, firstresult)
  File "/Users/jayant.dhingra/Desktop/couchbase-lite-tests/.venv/lib/python3.13/site-packages/pluggy/_callers.py", line 103, in _multicall
    res = hook_impl.function(*args)
  File "/Users/jayant.dhingra/Desktop/couchbase-lite-tests/.venv/lib/python3.13/site-packages/_pytest/runner.py", line 118, in pytest_runtest_protocol
    runtestprotocol(item, nextitem=nextitem)
  File "/Users/jayant.dhingra/Desktop/couchbase-lite-tests/.venv/lib/python3.13/site-packages/_pytest/runner.py", line 137, in runtestprotocol
    reports.append(call_and_report(item, "call", log))
  File "/Users/jayant.dhingra/Desktop/couchbase-lite-tests/.venv/lib/python3.13/site-packages/_pytest/runner.py", line 244, in call_and_report
    call = CallInfo.from_call(
  File "/Users/jayant.dhingra/Desktop/couchbase-lite-tests/.venv/lib/python3.13/site-packages/_pytest/runner.py", line 353, in from_call
    result: TResult | None = func()
  File "/Users/jayant.dhingra/Desktop/couchbase-lite-tests/.venv/lib/python3.13/site-packages/_pytest/runner.py", line 245, in <lambda>
    lambda: runtest_hook(item=item, **kwds),
  File "/Users/jayant.dhingra/Desktop/couchbase-lite-tests/.venv/lib/python3.13/site-packages/pluggy/_hooks.py", line 513, in __call__
    return self._hookexec(self.name, self._hookimpls.copy(), kwargs, firstresult)
  File "/Users/jayant.dhingra/Desktop/couchbase-lite-tests/.venv/lib/python3.13/site-packages/pluggy/_manager.py", line 120, in _hookexec
    return self._inner_hookexec(hook_name, methods, kwargs, firstresult)
  File "/Users/jayant.dhingra/Desktop/couchbase-lite-tests/.venv/lib/python3.13/site-packages/pluggy/_callers.py", line 103, in _multicall
    res = hook_impl.function(*args)
  File "/Users/jayant.dhingra/Desktop/couchbase-lite-tests/.venv/lib/python3.13/site-packages/_pytest/runner.py", line 179, in pytest_runtest_call
    item.runtest()
  File "/Users/jayant.dhingra/Desktop/couchbase-lite-tests/.venv/lib/python3.13/site-packages/pytest_asyncio/plugin.py", line 469, in runtest
    super().runtest()
  File "/Users/jayant.dhingra/Desktop/couchbase-lite-tests/.venv/lib/python3.13/site-packages/_pytest/python.py", line 1720, in runtest
    self.ihook.pytest_pyfunc_call(pyfuncitem=self)
  File "/Users/jayant.dhingra/Desktop/couchbase-lite-tests/.venv/lib/python3.13/site-packages/pluggy/_hooks.py", line 513, in __call__
    return self._hookexec(self.name, self._hookimpls.copy(), kwargs, firstresult)
  File "/Users/jayant.dhingra/Desktop/couchbase-lite-tests/.venv/lib/python3.13/site-packages/pluggy/_manager.py", line 120, in _hookexec
    return self._inner_hookexec(hook_name, methods, kwargs, firstresult)
  File "/Users/jayant.dhingra/Desktop/couchbase-lite-tests/.venv/lib/python3.13/site-packages/pluggy/_callers.py", line 103, in _multicall
    res = hook_impl.function(*args)
  File "/Users/jayant.dhingra/Desktop/couchbase-lite-tests/.venv/lib/python3.13/site-packages/_pytest/python.py", line 166, in pytest_pyfunc_call
    result = testfunction(**testargs)
  File "/Users/jayant.dhingra/Desktop/couchbase-lite-tests/.venv/lib/python3.13/site-packages/pytest_asyncio/plugin.py", line 716, in inner
    runner.run(coro, context=context)
  File "/opt/homebrew/Cellar/python@3.13/3.13.7/Frameworks/Python.framework/Versions/3.13/lib/python3.13/asyncio/runners.py", line 118, in run
    return self._loop.run_until_complete(task)
  File "/opt/homebrew/Cellar/python@3.13/3.13.7/Frameworks/Python.framework/Versions/3.13/lib/python3.13/asyncio/base_events.py", line 712, in run_until_complete
    self.run_forever()
  File "/opt/homebrew/Cellar/python@3.13/3.13.7/Frameworks/Python.framework/Versions/3.13/lib/python3.13/asyncio/base_events.py", line 683, in run_forever
    self._run_once()
  File "/opt/homebrew/Cellar/python@3.13/3.13.7/Frameworks/Python.framework/Versions/3.13/lib/python3.13/asyncio/base_events.py", line 2050, in _run_once
    handle._run()
  File "/opt/homebrew/Cellar/python@3.13/3.13.7/Frameworks/Python.framework/Versions/3.13/lib/python3.13/asyncio/events.py", line 89, in _run
    self._context.run(self._callback, *self._args)
  File "/Users/jayant.dhingra/Desktop/couchbase-lite-tests/tests/dev_e2e/test_basic_replication.py", line 234, in test_continuous_push
    dbs = await cblpytest.test_servers[0].create_and_reset_db(["db1"], dataset="travel")
  File "/Users/jayant.dhingra/Desktop/couchbase-lite-tests/client/src/cbltest/api/testserver.py", line 92, in create_and_reset_db
    await self.__request_factory.send_request(self.__index, request)
__________________ TestBasicReplication.test_continuous_pull ___________________
tests/dev_e2e/test_basic_replication.py:359: in test_continuous_pull
    dbs = await cblpytest.test_servers[0].create_and_reset_db(["db1"], dataset="travel")
          ^^^^^^^^^^^^^^^^^^^^^^^^^^^^^^^^^^^^^^^^^^^^^^^^^^^^^^^^^^^^^^^^^^^^^^^^^^^^^^
client/src/cbltest/api/testserver.py:92: in create_and_reset_db
    await self.__request_factory.send_request(self.__index, request)
client/src/cbltest/requests.py:194: in send_request
    ret_val = await transport.send(r, writer.num)
              ^^^^^^^^^^^^^^^^^^^^^^^^^^^^^^^^^^^
client/src/cbltest/requests_transport.py:120: in send
    await ws_conn.send_str(json.dumps(data))
.venv/lib/python3.13/site-packages/aiohttp/web_ws.py:478: in send_str
    await self._writer.send_frame(
.venv/lib/python3.13/site-packages/aiohttp/_websocket/writer.py:78: in send_frame
    raise ClientConnectionResetError("Cannot write to closing transport")
E   aiohttp.client_exceptions.ClientConnectionResetError: Cannot write to closing transport
------------------------------ Captured log setup ------------------------------
INFO     CBL:logging.py:111 🧹 Couchbase Server and Sync Gateway cleanup started
DEBUG    CBL:logging.py:115 🧹 SGW <cbltest.api.syncgateway.SyncGateway object at 0x11378b230>: found databases ['travel'], deleting...
DEBUG    CBL:logging.py:115 🧹 CBS <cbltest.api.couchbaseserver.CouchbaseServer object at 0x11378b620>: found buckets ['travel'], deleting...
DEBUG    CBL:logging.py:115 🧹 CBS <cbltest.api.couchbaseserver.CouchbaseServer object at 0x11378b620>: waiting for all buckets to be deleted...
INFO     CBL:logging.py:111 🧹 Couchbase Server and Sync Gateway cleanup finished
INFO     CBL:logging.py:111 Starting test: test_continuous_pull
------------------------------ Captured log call -------------------------------
INFO     CBL:logging.py:111 Moving to step 1:
INFO     CBL:logging.py:111 	Reset SG and load `travel` dataset.
INFO     CBL:logging.py:111 Moving to step 2:
INFO     CBL:logging.py:111 	Reset local database, and load `travel` dataset.
DEBUG    CBL:logging.py:115 Sending (test_continuous_pull) -> 3917af92-025e-4519-be8e-49ffccb813ad v1 POST /reset to http://localhost:5173
ERROR    CBL:testserver.py:92 Failed to send (test_continuous_pull) -> 3917af92-025e-4519-be8e-49ffccb813ad v1 POST /reset to http://localhost:5173 (Cannot write to closing transport)
Stack (most recent call last):
  File "/Users/jayant.dhingra/Desktop/couchbase-lite-tests/.venv/bin/pytest", line 10, in <module>
    sys.exit(console_main())
  File "/Users/jayant.dhingra/Desktop/couchbase-lite-tests/.venv/lib/python3.13/site-packages/_pytest/config/__init__.py", line 223, in console_main
    code = main()
  File "/Users/jayant.dhingra/Desktop/couchbase-lite-tests/.venv/lib/python3.13/site-packages/_pytest/config/__init__.py", line 199, in main
    ret: ExitCode | int = config.hook.pytest_cmdline_main(config=config)
  File "/Users/jayant.dhingra/Desktop/couchbase-lite-tests/.venv/lib/python3.13/site-packages/pluggy/_hooks.py", line 513, in __call__
    return self._hookexec(self.name, self._hookimpls.copy(), kwargs, firstresult)
  File "/Users/jayant.dhingra/Desktop/couchbase-lite-tests/.venv/lib/python3.13/site-packages/pluggy/_manager.py", line 120, in _hookexec
    return self._inner_hookexec(hook_name, methods, kwargs, firstresult)
  File "/Users/jayant.dhingra/Desktop/couchbase-lite-tests/.venv/lib/python3.13/site-packages/pluggy/_callers.py", line 103, in _multicall
    res = hook_impl.function(*args)
  File "/Users/jayant.dhingra/Desktop/couchbase-lite-tests/.venv/lib/python3.13/site-packages/_pytest/main.py", line 365, in pytest_cmdline_main
    return wrap_session(config, _main)
  File "/Users/jayant.dhingra/Desktop/couchbase-lite-tests/.venv/lib/python3.13/site-packages/_pytest/main.py", line 318, in wrap_session
    session.exitstatus = doit(config, session) or 0
  File "/Users/jayant.dhingra/Desktop/couchbase-lite-tests/.venv/lib/python3.13/site-packages/_pytest/main.py", line 372, in _main
    config.hook.pytest_runtestloop(session=session)
  File "/Users/jayant.dhingra/Desktop/couchbase-lite-tests/.venv/lib/python3.13/site-packages/pluggy/_hooks.py", line 513, in __call__
    return self._hookexec(self.name, self._hookimpls.copy(), kwargs, firstresult)
  File "/Users/jayant.dhingra/Desktop/couchbase-lite-tests/.venv/lib/python3.13/site-packages/pluggy/_manager.py", line 120, in _hookexec
    return self._inner_hookexec(hook_name, methods, kwargs, firstresult)
  File "/Users/jayant.dhingra/Desktop/couchbase-lite-tests/.venv/lib/python3.13/site-packages/pluggy/_callers.py", line 103, in _multicall
    res = hook_impl.function(*args)
  File "/Users/jayant.dhingra/Desktop/couchbase-lite-tests/.venv/lib/python3.13/site-packages/_pytest/main.py", line 396, in pytest_runtestloop
    item.config.hook.pytest_runtest_protocol(item=item, nextitem=nextitem)
  File "/Users/jayant.dhingra/Desktop/couchbase-lite-tests/.venv/lib/python3.13/site-packages/pluggy/_hooks.py", line 513, in __call__
    return self._hookexec(self.name, self._hookimpls.copy(), kwargs, firstresult)
  File "/Users/jayant.dhingra/Desktop/couchbase-lite-tests/.venv/lib/python3.13/site-packages/pluggy/_manager.py", line 120, in _hookexec
    return self._inner_hookexec(hook_name, methods, kwargs, firstresult)
  File "/Users/jayant.dhingra/Desktop/couchbase-lite-tests/.venv/lib/python3.13/site-packages/pluggy/_callers.py", line 103, in _multicall
    res = hook_impl.function(*args)
  File "/Users/jayant.dhingra/Desktop/couchbase-lite-tests/.venv/lib/python3.13/site-packages/_pytest/runner.py", line 118, in pytest_runtest_protocol
    runtestprotocol(item, nextitem=nextitem)
  File "/Users/jayant.dhingra/Desktop/couchbase-lite-tests/.venv/lib/python3.13/site-packages/_pytest/runner.py", line 137, in runtestprotocol
    reports.append(call_and_report(item, "call", log))
  File "/Users/jayant.dhingra/Desktop/couchbase-lite-tests/.venv/lib/python3.13/site-packages/_pytest/runner.py", line 244, in call_and_report
    call = CallInfo.from_call(
  File "/Users/jayant.dhingra/Desktop/couchbase-lite-tests/.venv/lib/python3.13/site-packages/_pytest/runner.py", line 353, in from_call
    result: TResult | None = func()
  File "/Users/jayant.dhingra/Desktop/couchbase-lite-tests/.venv/lib/python3.13/site-packages/_pytest/runner.py", line 245, in <lambda>
    lambda: runtest_hook(item=item, **kwds),
  File "/Users/jayant.dhingra/Desktop/couchbase-lite-tests/.venv/lib/python3.13/site-packages/pluggy/_hooks.py", line 513, in __call__
    return self._hookexec(self.name, self._hookimpls.copy(), kwargs, firstresult)
  File "/Users/jayant.dhingra/Desktop/couchbase-lite-tests/.venv/lib/python3.13/site-packages/pluggy/_manager.py", line 120, in _hookexec
    return self._inner_hookexec(hook_name, methods, kwargs, firstresult)
  File "/Users/jayant.dhingra/Desktop/couchbase-lite-tests/.venv/lib/python3.13/site-packages/pluggy/_callers.py", line 103, in _multicall
    res = hook_impl.function(*args)
  File "/Users/jayant.dhingra/Desktop/couchbase-lite-tests/.venv/lib/python3.13/site-packages/_pytest/runner.py", line 179, in pytest_runtest_call
    item.runtest()
  File "/Users/jayant.dhingra/Desktop/couchbase-lite-tests/.venv/lib/python3.13/site-packages/pytest_asyncio/plugin.py", line 469, in runtest
    super().runtest()
  File "/Users/jayant.dhingra/Desktop/couchbase-lite-tests/.venv/lib/python3.13/site-packages/_pytest/python.py", line 1720, in runtest
    self.ihook.pytest_pyfunc_call(pyfuncitem=self)
  File "/Users/jayant.dhingra/Desktop/couchbase-lite-tests/.venv/lib/python3.13/site-packages/pluggy/_hooks.py", line 513, in __call__
    return self._hookexec(self.name, self._hookimpls.copy(), kwargs, firstresult)
  File "/Users/jayant.dhingra/Desktop/couchbase-lite-tests/.venv/lib/python3.13/site-packages/pluggy/_manager.py", line 120, in _hookexec
    return self._inner_hookexec(hook_name, methods, kwargs, firstresult)
  File "/Users/jayant.dhingra/Desktop/couchbase-lite-tests/.venv/lib/python3.13/site-packages/pluggy/_callers.py", line 103, in _multicall
    res = hook_impl.function(*args)
  File "/Users/jayant.dhingra/Desktop/couchbase-lite-tests/.venv/lib/python3.13/site-packages/_pytest/python.py", line 166, in pytest_pyfunc_call
    result = testfunction(**testargs)
  File "/Users/jayant.dhingra/Desktop/couchbase-lite-tests/.venv/lib/python3.13/site-packages/pytest_asyncio/plugin.py", line 716, in inner
    runner.run(coro, context=context)
  File "/opt/homebrew/Cellar/python@3.13/3.13.7/Frameworks/Python.framework/Versions/3.13/lib/python3.13/asyncio/runners.py", line 118, in run
    return self._loop.run_until_complete(task)
  File "/opt/homebrew/Cellar/python@3.13/3.13.7/Frameworks/Python.framework/Versions/3.13/lib/python3.13/asyncio/base_events.py", line 712, in run_until_complete
    self.run_forever()
  File "/opt/homebrew/Cellar/python@3.13/3.13.7/Frameworks/Python.framework/Versions/3.13/lib/python3.13/asyncio/base_events.py", line 683, in run_forever
    self._run_once()
  File "/opt/homebrew/Cellar/python@3.13/3.13.7/Frameworks/Python.framework/Versions/3.13/lib/python3.13/asyncio/base_events.py", line 2050, in _run_once
    handle._run()
  File "/opt/homebrew/Cellar/python@3.13/3.13.7/Frameworks/Python.framework/Versions/3.13/lib/python3.13/asyncio/events.py", line 89, in _run
    self._context.run(self._callback, *self._args)
  File "/Users/jayant.dhingra/Desktop/couchbase-lite-tests/tests/dev_e2e/test_basic_replication.py", line 359, in test_continuous_pull
    dbs = await cblpytest.test_servers[0].create_and_reset_db(["db1"], dataset="travel")
  File "/Users/jayant.dhingra/Desktop/couchbase-lite-tests/client/src/cbltest/api/testserver.py", line 92, in create_and_reset_db
    await self.__request_factory.send_request(self.__index, request)
______________ TestBasicReplication.test_continuous_push_and_pull ______________
tests/dev_e2e/test_basic_replication.py:538: in test_continuous_push_and_pull
    dbs = await cblpytest.test_servers[0].create_and_reset_db(["db1"], dataset="travel")
          ^^^^^^^^^^^^^^^^^^^^^^^^^^^^^^^^^^^^^^^^^^^^^^^^^^^^^^^^^^^^^^^^^^^^^^^^^^^^^^
client/src/cbltest/api/testserver.py:92: in create_and_reset_db
    await self.__request_factory.send_request(self.__index, request)
client/src/cbltest/requests.py:194: in send_request
    ret_val = await transport.send(r, writer.num)
              ^^^^^^^^^^^^^^^^^^^^^^^^^^^^^^^^^^^
client/src/cbltest/requests_transport.py:120: in send
    await ws_conn.send_str(json.dumps(data))
.venv/lib/python3.13/site-packages/aiohttp/web_ws.py:478: in send_str
    await self._writer.send_frame(
.venv/lib/python3.13/site-packages/aiohttp/_websocket/writer.py:78: in send_frame
    raise ClientConnectionResetError("Cannot write to closing transport")
E   aiohttp.client_exceptions.ClientConnectionResetError: Cannot write to closing transport
------------------------------ Captured log setup ------------------------------
INFO     CBL:logging.py:111 🧹 Couchbase Server and Sync Gateway cleanup started
DEBUG    CBL:logging.py:115 🧹 SGW <cbltest.api.syncgateway.SyncGateway object at 0x11378b230>: found databases ['travel'], deleting...
DEBUG    CBL:logging.py:115 🧹 CBS <cbltest.api.couchbaseserver.CouchbaseServer object at 0x11378b620>: found buckets ['travel'], deleting...
DEBUG    CBL:logging.py:115 🧹 CBS <cbltest.api.couchbaseserver.CouchbaseServer object at 0x11378b620>: waiting for all buckets to be deleted...
INFO     CBL:logging.py:111 🧹 Couchbase Server and Sync Gateway cleanup finished
INFO     CBL:logging.py:111 Starting test: test_continuous_push_and_pull
------------------------------ Captured log call -------------------------------
INFO     CBL:logging.py:111 Moving to step 1:
INFO     CBL:logging.py:111 	Reset SG and load `travel` dataset.
INFO     CBL:logging.py:111 Moving to step 2:
INFO     CBL:logging.py:111 	Reset local database, and load `travel` dataset.
DEBUG    CBL:logging.py:115 Sending (test_continuous_push_and_pull) -> 3917af92-025e-4519-be8e-49ffccb813ad v1 POST /reset to http://localhost:5173
ERROR    CBL:testserver.py:92 Failed to send (test_continuous_push_and_pull) -> 3917af92-025e-4519-be8e-49ffccb813ad v1 POST /reset to http://localhost:5173 (Cannot write to closing transport)
Stack (most recent call last):
  File "/Users/jayant.dhingra/Desktop/couchbase-lite-tests/.venv/bin/pytest", line 10, in <module>
    sys.exit(console_main())
  File "/Users/jayant.dhingra/Desktop/couchbase-lite-tests/.venv/lib/python3.13/site-packages/_pytest/config/__init__.py", line 223, in console_main
    code = main()
  File "/Users/jayant.dhingra/Desktop/couchbase-lite-tests/.venv/lib/python3.13/site-packages/_pytest/config/__init__.py", line 199, in main
    ret: ExitCode | int = config.hook.pytest_cmdline_main(config=config)
  File "/Users/jayant.dhingra/Desktop/couchbase-lite-tests/.venv/lib/python3.13/site-packages/pluggy/_hooks.py", line 513, in __call__
    return self._hookexec(self.name, self._hookimpls.copy(), kwargs, firstresult)
  File "/Users/jayant.dhingra/Desktop/couchbase-lite-tests/.venv/lib/python3.13/site-packages/pluggy/_manager.py", line 120, in _hookexec
    return self._inner_hookexec(hook_name, methods, kwargs, firstresult)
  File "/Users/jayant.dhingra/Desktop/couchbase-lite-tests/.venv/lib/python3.13/site-packages/pluggy/_callers.py", line 103, in _multicall
    res = hook_impl.function(*args)
  File "/Users/jayant.dhingra/Desktop/couchbase-lite-tests/.venv/lib/python3.13/site-packages/_pytest/main.py", line 365, in pytest_cmdline_main
    return wrap_session(config, _main)
  File "/Users/jayant.dhingra/Desktop/couchbase-lite-tests/.venv/lib/python3.13/site-packages/_pytest/main.py", line 318, in wrap_session
    session.exitstatus = doit(config, session) or 0
  File "/Users/jayant.dhingra/Desktop/couchbase-lite-tests/.venv/lib/python3.13/site-packages/_pytest/main.py", line 372, in _main
    config.hook.pytest_runtestloop(session=session)
  File "/Users/jayant.dhingra/Desktop/couchbase-lite-tests/.venv/lib/python3.13/site-packages/pluggy/_hooks.py", line 513, in __call__
    return self._hookexec(self.name, self._hookimpls.copy(), kwargs, firstresult)
  File "/Users/jayant.dhingra/Desktop/couchbase-lite-tests/.venv/lib/python3.13/site-packages/pluggy/_manager.py", line 120, in _hookexec
    return self._inner_hookexec(hook_name, methods, kwargs, firstresult)
  File "/Users/jayant.dhingra/Desktop/couchbase-lite-tests/.venv/lib/python3.13/site-packages/pluggy/_callers.py", line 103, in _multicall
    res = hook_impl.function(*args)
  File "/Users/jayant.dhingra/Desktop/couchbase-lite-tests/.venv/lib/python3.13/site-packages/_pytest/main.py", line 396, in pytest_runtestloop
    item.config.hook.pytest_runtest_protocol(item=item, nextitem=nextitem)
  File "/Users/jayant.dhingra/Desktop/couchbase-lite-tests/.venv/lib/python3.13/site-packages/pluggy/_hooks.py", line 513, in __call__
    return self._hookexec(self.name, self._hookimpls.copy(), kwargs, firstresult)
  File "/Users/jayant.dhingra/Desktop/couchbase-lite-tests/.venv/lib/python3.13/site-packages/pluggy/_manager.py", line 120, in _hookexec
    return self._inner_hookexec(hook_name, methods, kwargs, firstresult)
  File "/Users/jayant.dhingra/Desktop/couchbase-lite-tests/.venv/lib/python3.13/site-packages/pluggy/_callers.py", line 103, in _multicall
    res = hook_impl.function(*args)
  File "/Users/jayant.dhingra/Desktop/couchbase-lite-tests/.venv/lib/python3.13/site-packages/_pytest/runner.py", line 118, in pytest_runtest_protocol
    runtestprotocol(item, nextitem=nextitem)
  File "/Users/jayant.dhingra/Desktop/couchbase-lite-tests/.venv/lib/python3.13/site-packages/_pytest/runner.py", line 137, in runtestprotocol
    reports.append(call_and_report(item, "call", log))
  File "/Users/jayant.dhingra/Desktop/couchbase-lite-tests/.venv/lib/python3.13/site-packages/_pytest/runner.py", line 244, in call_and_report
    call = CallInfo.from_call(
  File "/Users/jayant.dhingra/Desktop/couchbase-lite-tests/.venv/lib/python3.13/site-packages/_pytest/runner.py", line 353, in from_call
    result: TResult | None = func()
  File "/Users/jayant.dhingra/Desktop/couchbase-lite-tests/.venv/lib/python3.13/site-packages/_pytest/runner.py", line 245, in <lambda>
    lambda: runtest_hook(item=item, **kwds),
  File "/Users/jayant.dhingra/Desktop/couchbase-lite-tests/.venv/lib/python3.13/site-packages/pluggy/_hooks.py", line 513, in __call__
    return self._hookexec(self.name, self._hookimpls.copy(), kwargs, firstresult)
  File "/Users/jayant.dhingra/Desktop/couchbase-lite-tests/.venv/lib/python3.13/site-packages/pluggy/_manager.py", line 120, in _hookexec
    return self._inner_hookexec(hook_name, methods, kwargs, firstresult)
  File "/Users/jayant.dhingra/Desktop/couchbase-lite-tests/.venv/lib/python3.13/site-packages/pluggy/_callers.py", line 103, in _multicall
    res = hook_impl.function(*args)
  File "/Users/jayant.dhingra/Desktop/couchbase-lite-tests/.venv/lib/python3.13/site-packages/_pytest/runner.py", line 179, in pytest_runtest_call
    item.runtest()
  File "/Users/jayant.dhingra/Desktop/couchbase-lite-tests/.venv/lib/python3.13/site-packages/pytest_asyncio/plugin.py", line 469, in runtest
    super().runtest()
  File "/Users/jayant.dhingra/Desktop/couchbase-lite-tests/.venv/lib/python3.13/site-packages/_pytest/python.py", line 1720, in runtest
    self.ihook.pytest_pyfunc_call(pyfuncitem=self)
  File "/Users/jayant.dhingra/Desktop/couchbase-lite-tests/.venv/lib/python3.13/site-packages/pluggy/_hooks.py", line 513, in __call__
    return self._hookexec(self.name, self._hookimpls.copy(), kwargs, firstresult)
  File "/Users/jayant.dhingra/Desktop/couchbase-lite-tests/.venv/lib/python3.13/site-packages/pluggy/_manager.py", line 120, in _hookexec
    return self._inner_hookexec(hook_name, methods, kwargs, firstresult)
  File "/Users/jayant.dhingra/Desktop/couchbase-lite-tests/.venv/lib/python3.13/site-packages/pluggy/_callers.py", line 103, in _multicall
    res = hook_impl.function(*args)
  File "/Users/jayant.dhingra/Desktop/couchbase-lite-tests/.venv/lib/python3.13/site-packages/_pytest/python.py", line 166, in pytest_pyfunc_call
    result = testfunction(**testargs)
  File "/Users/jayant.dhingra/Desktop/couchbase-lite-tests/.venv/lib/python3.13/site-packages/pytest_asyncio/plugin.py", line 716, in inner
    runner.run(coro, context=context)
  File "/opt/homebrew/Cellar/python@3.13/3.13.7/Frameworks/Python.framework/Versions/3.13/lib/python3.13/asyncio/runners.py", line 118, in run
    return self._loop.run_until_complete(task)
  File "/opt/homebrew/Cellar/python@3.13/3.13.7/Frameworks/Python.framework/Versions/3.13/lib/python3.13/asyncio/base_events.py", line 712, in run_until_complete
    self.run_forever()
  File "/opt/homebrew/Cellar/python@3.13/3.13.7/Frameworks/Python.framework/Versions/3.13/lib/python3.13/asyncio/base_events.py", line 683, in run_forever
    self._run_once()
  File "/opt/homebrew/Cellar/python@3.13/3.13.7/Frameworks/Python.framework/Versions/3.13/lib/python3.13/asyncio/base_events.py", line 2050, in _run_once
    handle._run()
  File "/opt/homebrew/Cellar/python@3.13/3.13.7/Frameworks/Python.framework/Versions/3.13/lib/python3.13/asyncio/events.py", line 89, in _run
    self._context.run(self._callback, *self._args)
  File "/Users/jayant.dhingra/Desktop/couchbase-lite-tests/tests/dev_e2e/test_basic_replication.py", line 538, in test_continuous_push_and_pull
    dbs = await cblpytest.test_servers[0].create_and_reset_db(["db1"], dataset="travel")
  File "/Users/jayant.dhingra/Desktop/couchbase-lite-tests/client/src/cbltest/api/testserver.py", line 92, in create_and_reset_db
    await self.__request_factory.send_request(self.__index, request)
______________ TestBasicReplication.test_default_collection_push _______________
tests/dev_e2e/test_basic_replication.py:902: in test_default_collection_push
    dbs = await cblpytest.test_servers[0].create_and_reset_db(["db1"], dataset="names")
          ^^^^^^^^^^^^^^^^^^^^^^^^^^^^^^^^^^^^^^^^^^^^^^^^^^^^^^^^^^^^^^^^^^^^^^^^^^^^^
client/src/cbltest/api/testserver.py:92: in create_and_reset_db
    await self.__request_factory.send_request(self.__index, request)
client/src/cbltest/requests.py:194: in send_request
    ret_val = await transport.send(r, writer.num)
              ^^^^^^^^^^^^^^^^^^^^^^^^^^^^^^^^^^^
client/src/cbltest/requests_transport.py:120: in send
    await ws_conn.send_str(json.dumps(data))
.venv/lib/python3.13/site-packages/aiohttp/web_ws.py:478: in send_str
    await self._writer.send_frame(
.venv/lib/python3.13/site-packages/aiohttp/_websocket/writer.py:78: in send_frame
    raise ClientConnectionResetError("Cannot write to closing transport")
E   aiohttp.client_exceptions.ClientConnectionResetError: Cannot write to closing transport
------------------------------ Captured log setup ------------------------------
INFO     CBL:logging.py:111 🧹 Couchbase Server and Sync Gateway cleanup started
DEBUG    CBL:logging.py:115 🧹 SGW <cbltest.api.syncgateway.SyncGateway object at 0x11378b230>: found databases ['travel'], deleting...
DEBUG    CBL:logging.py:115 🧹 CBS <cbltest.api.couchbaseserver.CouchbaseServer object at 0x11378b620>: found buckets ['travel'], deleting...
DEBUG    CBL:logging.py:115 🧹 CBS <cbltest.api.couchbaseserver.CouchbaseServer object at 0x11378b620>: waiting for all buckets to be deleted...
INFO     CBL:logging.py:111 🧹 Couchbase Server and Sync Gateway cleanup finished
INFO     CBL:logging.py:111 Starting test: test_default_collection_push
------------------------------ Captured log call -------------------------------
INFO     CBL:logging.py:111 Moving to step 1:
INFO     CBL:logging.py:111 	Reset SG and load `names` dataset.
INFO     CBL:logging.py:111 Moving to step 2:
INFO     CBL:logging.py:111 	Reset local database, and load `names` dataset.
DEBUG    CBL:logging.py:115 Sending (test_default_collection_push) -> 3917af92-025e-4519-be8e-49ffccb813ad v1 POST /reset to http://localhost:5173
ERROR    CBL:testserver.py:92 Failed to send (test_default_collection_push) -> 3917af92-025e-4519-be8e-49ffccb813ad v1 POST /reset to http://localhost:5173 (Cannot write to closing transport)
Stack (most recent call last):
  File "/Users/jayant.dhingra/Desktop/couchbase-lite-tests/.venv/bin/pytest", line 10, in <module>
    sys.exit(console_main())
  File "/Users/jayant.dhingra/Desktop/couchbase-lite-tests/.venv/lib/python3.13/site-packages/_pytest/config/__init__.py", line 223, in console_main
    code = main()
  File "/Users/jayant.dhingra/Desktop/couchbase-lite-tests/.venv/lib/python3.13/site-packages/_pytest/config/__init__.py", line 199, in main
    ret: ExitCode | int = config.hook.pytest_cmdline_main(config=config)
  File "/Users/jayant.dhingra/Desktop/couchbase-lite-tests/.venv/lib/python3.13/site-packages/pluggy/_hooks.py", line 513, in __call__
    return self._hookexec(self.name, self._hookimpls.copy(), kwargs, firstresult)
  File "/Users/jayant.dhingra/Desktop/couchbase-lite-tests/.venv/lib/python3.13/site-packages/pluggy/_manager.py", line 120, in _hookexec
    return self._inner_hookexec(hook_name, methods, kwargs, firstresult)
  File "/Users/jayant.dhingra/Desktop/couchbase-lite-tests/.venv/lib/python3.13/site-packages/pluggy/_callers.py", line 103, in _multicall
    res = hook_impl.function(*args)
  File "/Users/jayant.dhingra/Desktop/couchbase-lite-tests/.venv/lib/python3.13/site-packages/_pytest/main.py", line 365, in pytest_cmdline_main
    return wrap_session(config, _main)
  File "/Users/jayant.dhingra/Desktop/couchbase-lite-tests/.venv/lib/python3.13/site-packages/_pytest/main.py", line 318, in wrap_session
    session.exitstatus = doit(config, session) or 0
  File "/Users/jayant.dhingra/Desktop/couchbase-lite-tests/.venv/lib/python3.13/site-packages/_pytest/main.py", line 372, in _main
    config.hook.pytest_runtestloop(session=session)
  File "/Users/jayant.dhingra/Desktop/couchbase-lite-tests/.venv/lib/python3.13/site-packages/pluggy/_hooks.py", line 513, in __call__
    return self._hookexec(self.name, self._hookimpls.copy(), kwargs, firstresult)
  File "/Users/jayant.dhingra/Desktop/couchbase-lite-tests/.venv/lib/python3.13/site-packages/pluggy/_manager.py", line 120, in _hookexec
    return self._inner_hookexec(hook_name, methods, kwargs, firstresult)
  File "/Users/jayant.dhingra/Desktop/couchbase-lite-tests/.venv/lib/python3.13/site-packages/pluggy/_callers.py", line 103, in _multicall
    res = hook_impl.function(*args)
  File "/Users/jayant.dhingra/Desktop/couchbase-lite-tests/.venv/lib/python3.13/site-packages/_pytest/main.py", line 396, in pytest_runtestloop
    item.config.hook.pytest_runtest_protocol(item=item, nextitem=nextitem)
  File "/Users/jayant.dhingra/Desktop/couchbase-lite-tests/.venv/lib/python3.13/site-packages/pluggy/_hooks.py", line 513, in __call__
    return self._hookexec(self.name, self._hookimpls.copy(), kwargs, firstresult)
  File "/Users/jayant.dhingra/Desktop/couchbase-lite-tests/.venv/lib/python3.13/site-packages/pluggy/_manager.py", line 120, in _hookexec
    return self._inner_hookexec(hook_name, methods, kwargs, firstresult)
  File "/Users/jayant.dhingra/Desktop/couchbase-lite-tests/.venv/lib/python3.13/site-packages/pluggy/_callers.py", line 103, in _multicall
    res = hook_impl.function(*args)
  File "/Users/jayant.dhingra/Desktop/couchbase-lite-tests/.venv/lib/python3.13/site-packages/_pytest/runner.py", line 118, in pytest_runtest_protocol
    runtestprotocol(item, nextitem=nextitem)
  File "/Users/jayant.dhingra/Desktop/couchbase-lite-tests/.venv/lib/python3.13/site-packages/_pytest/runner.py", line 137, in runtestprotocol
    reports.append(call_and_report(item, "call", log))
  File "/Users/jayant.dhingra/Desktop/couchbase-lite-tests/.venv/lib/python3.13/site-packages/_pytest/runner.py", line 244, in call_and_report
    call = CallInfo.from_call(
  File "/Users/jayant.dhingra/Desktop/couchbase-lite-tests/.venv/lib/python3.13/site-packages/_pytest/runner.py", line 353, in from_call
    result: TResult | None = func()
  File "/Users/jayant.dhingra/Desktop/couchbase-lite-tests/.venv/lib/python3.13/site-packages/_pytest/runner.py", line 245, in <lambda>
    lambda: runtest_hook(item=item, **kwds),
  File "/Users/jayant.dhingra/Desktop/couchbase-lite-tests/.venv/lib/python3.13/site-packages/pluggy/_hooks.py", line 513, in __call__
    return self._hookexec(self.name, self._hookimpls.copy(), kwargs, firstresult)
  File "/Users/jayant.dhingra/Desktop/couchbase-lite-tests/.venv/lib/python3.13/site-packages/pluggy/_manager.py", line 120, in _hookexec
    return self._inner_hookexec(hook_name, methods, kwargs, firstresult)
  File "/Users/jayant.dhingra/Desktop/couchbase-lite-tests/.venv/lib/python3.13/site-packages/pluggy/_callers.py", line 103, in _multicall
    res = hook_impl.function(*args)
  File "/Users/jayant.dhingra/Desktop/couchbase-lite-tests/.venv/lib/python3.13/site-packages/_pytest/runner.py", line 179, in pytest_runtest_call
    item.runtest()
  File "/Users/jayant.dhingra/Desktop/couchbase-lite-tests/.venv/lib/python3.13/site-packages/pytest_asyncio/plugin.py", line 469, in runtest
    super().runtest()
  File "/Users/jayant.dhingra/Desktop/couchbase-lite-tests/.venv/lib/python3.13/site-packages/_pytest/python.py", line 1720, in runtest
    self.ihook.pytest_pyfunc_call(pyfuncitem=self)
  File "/Users/jayant.dhingra/Desktop/couchbase-lite-tests/.venv/lib/python3.13/site-packages/pluggy/_hooks.py", line 513, in __call__
    return self._hookexec(self.name, self._hookimpls.copy(), kwargs, firstresult)
  File "/Users/jayant.dhingra/Desktop/couchbase-lite-tests/.venv/lib/python3.13/site-packages/pluggy/_manager.py", line 120, in _hookexec
    return self._inner_hookexec(hook_name, methods, kwargs, firstresult)
  File "/Users/jayant.dhingra/Desktop/couchbase-lite-tests/.venv/lib/python3.13/site-packages/pluggy/_callers.py", line 103, in _multicall
    res = hook_impl.function(*args)
  File "/Users/jayant.dhingra/Desktop/couchbase-lite-tests/.venv/lib/python3.13/site-packages/_pytest/python.py", line 166, in pytest_pyfunc_call
    result = testfunction(**testargs)
  File "/Users/jayant.dhingra/Desktop/couchbase-lite-tests/.venv/lib/python3.13/site-packages/pytest_asyncio/plugin.py", line 716, in inner
    runner.run(coro, context=context)
  File "/opt/homebrew/Cellar/python@3.13/3.13.7/Frameworks/Python.framework/Versions/3.13/lib/python3.13/asyncio/runners.py", line 118, in run
    return self._loop.run_until_complete(task)
  File "/opt/homebrew/Cellar/python@3.13/3.13.7/Frameworks/Python.framework/Versions/3.13/lib/python3.13/asyncio/base_events.py", line 712, in run_until_complete
    self.run_forever()
  File "/opt/homebrew/Cellar/python@3.13/3.13.7/Frameworks/Python.framework/Versions/3.13/lib/python3.13/asyncio/base_events.py", line 683, in run_forever
    self._run_once()
  File "/opt/homebrew/Cellar/python@3.13/3.13.7/Frameworks/Python.framework/Versions/3.13/lib/python3.13/asyncio/base_events.py", line 2050, in _run_once
    handle._run()
  File "/opt/homebrew/Cellar/python@3.13/3.13.7/Frameworks/Python.framework/Versions/3.13/lib/python3.13/asyncio/events.py", line 89, in _run
    self._context.run(self._callback, *self._args)
  File "/Users/jayant.dhingra/Desktop/couchbase-lite-tests/tests/dev_e2e/test_basic_replication.py", line 902, in test_default_collection_push
    dbs = await cblpytest.test_servers[0].create_and_reset_db(["db1"], dataset="names")
  File "/Users/jayant.dhingra/Desktop/couchbase-lite-tests/client/src/cbltest/api/testserver.py", line 92, in create_and_reset_db
    await self.__request_factory.send_request(self.__index, request)
______________ TestBasicReplication.test_default_collection_pull _______________
tests/dev_e2e/test_basic_replication.py:947: in test_default_collection_pull
    dbs = await cblpytest.test_servers[0].create_and_reset_db(["db1"], dataset="names")
          ^^^^^^^^^^^^^^^^^^^^^^^^^^^^^^^^^^^^^^^^^^^^^^^^^^^^^^^^^^^^^^^^^^^^^^^^^^^^^
client/src/cbltest/api/testserver.py:92: in create_and_reset_db
    await self.__request_factory.send_request(self.__index, request)
client/src/cbltest/requests.py:194: in send_request
    ret_val = await transport.send(r, writer.num)
              ^^^^^^^^^^^^^^^^^^^^^^^^^^^^^^^^^^^
client/src/cbltest/requests_transport.py:120: in send
    await ws_conn.send_str(json.dumps(data))
.venv/lib/python3.13/site-packages/aiohttp/web_ws.py:478: in send_str
    await self._writer.send_frame(
.venv/lib/python3.13/site-packages/aiohttp/_websocket/writer.py:78: in send_frame
    raise ClientConnectionResetError("Cannot write to closing transport")
E   aiohttp.client_exceptions.ClientConnectionResetError: Cannot write to closing transport
------------------------------ Captured log setup ------------------------------
INFO     CBL:logging.py:111 🧹 Couchbase Server and Sync Gateway cleanup started
DEBUG    CBL:logging.py:115 🧹 SGW <cbltest.api.syncgateway.SyncGateway object at 0x11378b230>: found databases ['names'], deleting...
DEBUG    CBL:logging.py:115 🧹 CBS <cbltest.api.couchbaseserver.CouchbaseServer object at 0x11378b620>: found buckets ['names'], deleting...
DEBUG    CBL:logging.py:115 🧹 CBS <cbltest.api.couchbaseserver.CouchbaseServer object at 0x11378b620>: waiting for all buckets to be deleted...
INFO     CBL:logging.py:111 🧹 Couchbase Server and Sync Gateway cleanup finished
INFO     CBL:logging.py:111 Starting test: test_default_collection_pull
------------------------------ Captured log call -------------------------------
INFO     CBL:logging.py:111 Moving to step 1:
INFO     CBL:logging.py:111 	Reset SG and load `names` dataset.
INFO     CBL:logging.py:111 Moving to step 2:
INFO     CBL:logging.py:111 	Reset local database, and load `names` dataset.
DEBUG    CBL:logging.py:115 Sending (test_default_collection_pull) -> 3917af92-025e-4519-be8e-49ffccb813ad v1 POST /reset to http://localhost:5173
ERROR    CBL:testserver.py:92 Failed to send (test_default_collection_pull) -> 3917af92-025e-4519-be8e-49ffccb813ad v1 POST /reset to http://localhost:5173 (Cannot write to closing transport)
Stack (most recent call last):
  File "/Users/jayant.dhingra/Desktop/couchbase-lite-tests/.venv/bin/pytest", line 10, in <module>
    sys.exit(console_main())
  File "/Users/jayant.dhingra/Desktop/couchbase-lite-tests/.venv/lib/python3.13/site-packages/_pytest/config/__init__.py", line 223, in console_main
    code = main()
  File "/Users/jayant.dhingra/Desktop/couchbase-lite-tests/.venv/lib/python3.13/site-packages/_pytest/config/__init__.py", line 199, in main
    ret: ExitCode | int = config.hook.pytest_cmdline_main(config=config)
  File "/Users/jayant.dhingra/Desktop/couchbase-lite-tests/.venv/lib/python3.13/site-packages/pluggy/_hooks.py", line 513, in __call__
    return self._hookexec(self.name, self._hookimpls.copy(), kwargs, firstresult)
  File "/Users/jayant.dhingra/Desktop/couchbase-lite-tests/.venv/lib/python3.13/site-packages/pluggy/_manager.py", line 120, in _hookexec
    return self._inner_hookexec(hook_name, methods, kwargs, firstresult)
  File "/Users/jayant.dhingra/Desktop/couchbase-lite-tests/.venv/lib/python3.13/site-packages/pluggy/_callers.py", line 103, in _multicall
    res = hook_impl.function(*args)
  File "/Users/jayant.dhingra/Desktop/couchbase-lite-tests/.venv/lib/python3.13/site-packages/_pytest/main.py", line 365, in pytest_cmdline_main
    return wrap_session(config, _main)
  File "/Users/jayant.dhingra/Desktop/couchbase-lite-tests/.venv/lib/python3.13/site-packages/_pytest/main.py", line 318, in wrap_session
    session.exitstatus = doit(config, session) or 0
  File "/Users/jayant.dhingra/Desktop/couchbase-lite-tests/.venv/lib/python3.13/site-packages/_pytest/main.py", line 372, in _main
    config.hook.pytest_runtestloop(session=session)
  File "/Users/jayant.dhingra/Desktop/couchbase-lite-tests/.venv/lib/python3.13/site-packages/pluggy/_hooks.py", line 513, in __call__
    return self._hookexec(self.name, self._hookimpls.copy(), kwargs, firstresult)
  File "/Users/jayant.dhingra/Desktop/couchbase-lite-tests/.venv/lib/python3.13/site-packages/pluggy/_manager.py", line 120, in _hookexec
    return self._inner_hookexec(hook_name, methods, kwargs, firstresult)
  File "/Users/jayant.dhingra/Desktop/couchbase-lite-tests/.venv/lib/python3.13/site-packages/pluggy/_callers.py", line 103, in _multicall
    res = hook_impl.function(*args)
  File "/Users/jayant.dhingra/Desktop/couchbase-lite-tests/.venv/lib/python3.13/site-packages/_pytest/main.py", line 396, in pytest_runtestloop
    item.config.hook.pytest_runtest_protocol(item=item, nextitem=nextitem)
  File "/Users/jayant.dhingra/Desktop/couchbase-lite-tests/.venv/lib/python3.13/site-packages/pluggy/_hooks.py", line 513, in __call__
    return self._hookexec(self.name, self._hookimpls.copy(), kwargs, firstresult)
  File "/Users/jayant.dhingra/Desktop/couchbase-lite-tests/.venv/lib/python3.13/site-packages/pluggy/_manager.py", line 120, in _hookexec
    return self._inner_hookexec(hook_name, methods, kwargs, firstresult)
  File "/Users/jayant.dhingra/Desktop/couchbase-lite-tests/.venv/lib/python3.13/site-packages/pluggy/_callers.py", line 103, in _multicall
    res = hook_impl.function(*args)
  File "/Users/jayant.dhingra/Desktop/couchbase-lite-tests/.venv/lib/python3.13/site-packages/_pytest/runner.py", line 118, in pytest_runtest_protocol
    runtestprotocol(item, nextitem=nextitem)
  File "/Users/jayant.dhingra/Desktop/couchbase-lite-tests/.venv/lib/python3.13/site-packages/_pytest/runner.py", line 137, in runtestprotocol
    reports.append(call_and_report(item, "call", log))
  File "/Users/jayant.dhingra/Desktop/couchbase-lite-tests/.venv/lib/python3.13/site-packages/_pytest/runner.py", line 244, in call_and_report
    call = CallInfo.from_call(
  File "/Users/jayant.dhingra/Desktop/couchbase-lite-tests/.venv/lib/python3.13/site-packages/_pytest/runner.py", line 353, in from_call
    result: TResult | None = func()
  File "/Users/jayant.dhingra/Desktop/couchbase-lite-tests/.venv/lib/python3.13/site-packages/_pytest/runner.py", line 245, in <lambda>
    lambda: runtest_hook(item=item, **kwds),
  File "/Users/jayant.dhingra/Desktop/couchbase-lite-tests/.venv/lib/python3.13/site-packages/pluggy/_hooks.py", line 513, in __call__
    return self._hookexec(self.name, self._hookimpls.copy(), kwargs, firstresult)
  File "/Users/jayant.dhingra/Desktop/couchbase-lite-tests/.venv/lib/python3.13/site-packages/pluggy/_manager.py", line 120, in _hookexec
    return self._inner_hookexec(hook_name, methods, kwargs, firstresult)
  File "/Users/jayant.dhingra/Desktop/couchbase-lite-tests/.venv/lib/python3.13/site-packages/pluggy/_callers.py", line 103, in _multicall
    res = hook_impl.function(*args)
  File "/Users/jayant.dhingra/Desktop/couchbase-lite-tests/.venv/lib/python3.13/site-packages/_pytest/runner.py", line 179, in pytest_runtest_call
    item.runtest()
  File "/Users/jayant.dhingra/Desktop/couchbase-lite-tests/.venv/lib/python3.13/site-packages/pytest_asyncio/plugin.py", line 469, in runtest
    super().runtest()
  File "/Users/jayant.dhingra/Desktop/couchbase-lite-tests/.venv/lib/python3.13/site-packages/_pytest/python.py", line 1720, in runtest
    self.ihook.pytest_pyfunc_call(pyfuncitem=self)
  File "/Users/jayant.dhingra/Desktop/couchbase-lite-tests/.venv/lib/python3.13/site-packages/pluggy/_hooks.py", line 513, in __call__
    return self._hookexec(self.name, self._hookimpls.copy(), kwargs, firstresult)
  File "/Users/jayant.dhingra/Desktop/couchbase-lite-tests/.venv/lib/python3.13/site-packages/pluggy/_manager.py", line 120, in _hookexec
    return self._inner_hookexec(hook_name, methods, kwargs, firstresult)
  File "/Users/jayant.dhingra/Desktop/couchbase-lite-tests/.venv/lib/python3.13/site-packages/pluggy/_callers.py", line 103, in _multicall
    res = hook_impl.function(*args)
  File "/Users/jayant.dhingra/Desktop/couchbase-lite-tests/.venv/lib/python3.13/site-packages/_pytest/python.py", line 166, in pytest_pyfunc_call
    result = testfunction(**testargs)
  File "/Users/jayant.dhingra/Desktop/couchbase-lite-tests/.venv/lib/python3.13/site-packages/pytest_asyncio/plugin.py", line 716, in inner
    runner.run(coro, context=context)
  File "/opt/homebrew/Cellar/python@3.13/3.13.7/Frameworks/Python.framework/Versions/3.13/lib/python3.13/asyncio/runners.py", line 118, in run
    return self._loop.run_until_complete(task)
  File "/opt/homebrew/Cellar/python@3.13/3.13.7/Frameworks/Python.framework/Versions/3.13/lib/python3.13/asyncio/base_events.py", line 712, in run_until_complete
    self.run_forever()
  File "/opt/homebrew/Cellar/python@3.13/3.13.7/Frameworks/Python.framework/Versions/3.13/lib/python3.13/asyncio/base_events.py", line 683, in run_forever
    self._run_once()
  File "/opt/homebrew/Cellar/python@3.13/3.13.7/Frameworks/Python.framework/Versions/3.13/lib/python3.13/asyncio/base_events.py", line 2050, in _run_once
    handle._run()
  File "/opt/homebrew/Cellar/python@3.13/3.13.7/Frameworks/Python.framework/Versions/3.13/lib/python3.13/asyncio/events.py", line 89, in _run
    self._context.run(self._callback, *self._args)
  File "/Users/jayant.dhingra/Desktop/couchbase-lite-tests/tests/dev_e2e/test_basic_replication.py", line 947, in test_default_collection_pull
    dbs = await cblpytest.test_servers[0].create_and_reset_db(["db1"], dataset="names")
  File "/Users/jayant.dhingra/Desktop/couchbase-lite-tests/client/src/cbltest/api/testserver.py", line 92, in create_and_reset_db
    await self.__request_factory.send_request(self.__index, request)
__________ TestBasicReplication.test_default_collection_push_and_pull __________
tests/dev_e2e/test_basic_replication.py:992: in test_default_collection_push_and_pull
    dbs = await cblpytest.test_servers[0].create_and_reset_db(["db1"], dataset="names")
          ^^^^^^^^^^^^^^^^^^^^^^^^^^^^^^^^^^^^^^^^^^^^^^^^^^^^^^^^^^^^^^^^^^^^^^^^^^^^^
client/src/cbltest/api/testserver.py:92: in create_and_reset_db
    await self.__request_factory.send_request(self.__index, request)
client/src/cbltest/requests.py:194: in send_request
    ret_val = await transport.send(r, writer.num)
              ^^^^^^^^^^^^^^^^^^^^^^^^^^^^^^^^^^^
client/src/cbltest/requests_transport.py:120: in send
    await ws_conn.send_str(json.dumps(data))
.venv/lib/python3.13/site-packages/aiohttp/web_ws.py:478: in send_str
    await self._writer.send_frame(
.venv/lib/python3.13/site-packages/aiohttp/_websocket/writer.py:78: in send_frame
    raise ClientConnectionResetError("Cannot write to closing transport")
E   aiohttp.client_exceptions.ClientConnectionResetError: Cannot write to closing transport
------------------------------ Captured log setup ------------------------------
INFO     CBL:logging.py:111 🧹 Couchbase Server and Sync Gateway cleanup started
DEBUG    CBL:logging.py:115 🧹 SGW <cbltest.api.syncgateway.SyncGateway object at 0x11378b230>: found databases ['names'], deleting...
DEBUG    CBL:logging.py:115 🧹 CBS <cbltest.api.couchbaseserver.CouchbaseServer object at 0x11378b620>: found buckets ['names'], deleting...
DEBUG    CBL:logging.py:115 🧹 CBS <cbltest.api.couchbaseserver.CouchbaseServer object at 0x11378b620>: waiting for all buckets to be deleted...
INFO     CBL:logging.py:111 🧹 Couchbase Server and Sync Gateway cleanup finished
INFO     CBL:logging.py:111 Starting test: test_default_collection_push_and_pull
------------------------------ Captured log call -------------------------------
INFO     CBL:logging.py:111 Moving to step 1:
INFO     CBL:logging.py:111 	Reset SG and load `names` dataset.
INFO     CBL:logging.py:111 Moving to step 2:
INFO     CBL:logging.py:111 	Reset local database, and load `names` dataset.
DEBUG    CBL:logging.py:115 Sending (test_default_collection_push_and_pull) -> 3917af92-025e-4519-be8e-49ffccb813ad v1 POST /reset to http://localhost:5173
ERROR    CBL:testserver.py:92 Failed to send (test_default_collection_push_and_pull) -> 3917af92-025e-4519-be8e-49ffccb813ad v1 POST /reset to http://localhost:5173 (Cannot write to closing transport)
Stack (most recent call last):
  File "/Users/jayant.dhingra/Desktop/couchbase-lite-tests/.venv/bin/pytest", line 10, in <module>
    sys.exit(console_main())
  File "/Users/jayant.dhingra/Desktop/couchbase-lite-tests/.venv/lib/python3.13/site-packages/_pytest/config/__init__.py", line 223, in console_main
    code = main()
  File "/Users/jayant.dhingra/Desktop/couchbase-lite-tests/.venv/lib/python3.13/site-packages/_pytest/config/__init__.py", line 199, in main
    ret: ExitCode | int = config.hook.pytest_cmdline_main(config=config)
  File "/Users/jayant.dhingra/Desktop/couchbase-lite-tests/.venv/lib/python3.13/site-packages/pluggy/_hooks.py", line 513, in __call__
    return self._hookexec(self.name, self._hookimpls.copy(), kwargs, firstresult)
  File "/Users/jayant.dhingra/Desktop/couchbase-lite-tests/.venv/lib/python3.13/site-packages/pluggy/_manager.py", line 120, in _hookexec
    return self._inner_hookexec(hook_name, methods, kwargs, firstresult)
  File "/Users/jayant.dhingra/Desktop/couchbase-lite-tests/.venv/lib/python3.13/site-packages/pluggy/_callers.py", line 103, in _multicall
    res = hook_impl.function(*args)
  File "/Users/jayant.dhingra/Desktop/couchbase-lite-tests/.venv/lib/python3.13/site-packages/_pytest/main.py", line 365, in pytest_cmdline_main
    return wrap_session(config, _main)
  File "/Users/jayant.dhingra/Desktop/couchbase-lite-tests/.venv/lib/python3.13/site-packages/_pytest/main.py", line 318, in wrap_session
    session.exitstatus = doit(config, session) or 0
  File "/Users/jayant.dhingra/Desktop/couchbase-lite-tests/.venv/lib/python3.13/site-packages/_pytest/main.py", line 372, in _main
    config.hook.pytest_runtestloop(session=session)
  File "/Users/jayant.dhingra/Desktop/couchbase-lite-tests/.venv/lib/python3.13/site-packages/pluggy/_hooks.py", line 513, in __call__
    return self._hookexec(self.name, self._hookimpls.copy(), kwargs, firstresult)
  File "/Users/jayant.dhingra/Desktop/couchbase-lite-tests/.venv/lib/python3.13/site-packages/pluggy/_manager.py", line 120, in _hookexec
    return self._inner_hookexec(hook_name, methods, kwargs, firstresult)
  File "/Users/jayant.dhingra/Desktop/couchbase-lite-tests/.venv/lib/python3.13/site-packages/pluggy/_callers.py", line 103, in _multicall
    res = hook_impl.function(*args)
  File "/Users/jayant.dhingra/Desktop/couchbase-lite-tests/.venv/lib/python3.13/site-packages/_pytest/main.py", line 396, in pytest_runtestloop
    item.config.hook.pytest_runtest_protocol(item=item, nextitem=nextitem)
  File "/Users/jayant.dhingra/Desktop/couchbase-lite-tests/.venv/lib/python3.13/site-packages/pluggy/_hooks.py", line 513, in __call__
    return self._hookexec(self.name, self._hookimpls.copy(), kwargs, firstresult)
  File "/Users/jayant.dhingra/Desktop/couchbase-lite-tests/.venv/lib/python3.13/site-packages/pluggy/_manager.py", line 120, in _hookexec
    return self._inner_hookexec(hook_name, methods, kwargs, firstresult)
  File "/Users/jayant.dhingra/Desktop/couchbase-lite-tests/.venv/lib/python3.13/site-packages/pluggy/_callers.py", line 103, in _multicall
    res = hook_impl.function(*args)
  File "/Users/jayant.dhingra/Desktop/couchbase-lite-tests/.venv/lib/python3.13/site-packages/_pytest/runner.py", line 118, in pytest_runtest_protocol
    runtestprotocol(item, nextitem=nextitem)
  File "/Users/jayant.dhingra/Desktop/couchbase-lite-tests/.venv/lib/python3.13/site-packages/_pytest/runner.py", line 137, in runtestprotocol
    reports.append(call_and_report(item, "call", log))
  File "/Users/jayant.dhingra/Desktop/couchbase-lite-tests/.venv/lib/python3.13/site-packages/_pytest/runner.py", line 244, in call_and_report
    call = CallInfo.from_call(
  File "/Users/jayant.dhingra/Desktop/couchbase-lite-tests/.venv/lib/python3.13/site-packages/_pytest/runner.py", line 353, in from_call
    result: TResult | None = func()
  File "/Users/jayant.dhingra/Desktop/couchbase-lite-tests/.venv/lib/python3.13/site-packages/_pytest/runner.py", line 245, in <lambda>
    lambda: runtest_hook(item=item, **kwds),
  File "/Users/jayant.dhingra/Desktop/couchbase-lite-tests/.venv/lib/python3.13/site-packages/pluggy/_hooks.py", line 513, in __call__
    return self._hookexec(self.name, self._hookimpls.copy(), kwargs, firstresult)
  File "/Users/jayant.dhingra/Desktop/couchbase-lite-tests/.venv/lib/python3.13/site-packages/pluggy/_manager.py", line 120, in _hookexec
    return self._inner_hookexec(hook_name, methods, kwargs, firstresult)
  File "/Users/jayant.dhingra/Desktop/couchbase-lite-tests/.venv/lib/python3.13/site-packages/pluggy/_callers.py", line 103, in _multicall
    res = hook_impl.function(*args)
  File "/Users/jayant.dhingra/Desktop/couchbase-lite-tests/.venv/lib/python3.13/site-packages/_pytest/runner.py", line 179, in pytest_runtest_call
    item.runtest()
  File "/Users/jayant.dhingra/Desktop/couchbase-lite-tests/.venv/lib/python3.13/site-packages/pytest_asyncio/plugin.py", line 469, in runtest
    super().runtest()
  File "/Users/jayant.dhingra/Desktop/couchbase-lite-tests/.venv/lib/python3.13/site-packages/_pytest/python.py", line 1720, in runtest
    self.ihook.pytest_pyfunc_call(pyfuncitem=self)
  File "/Users/jayant.dhingra/Desktop/couchbase-lite-tests/.venv/lib/python3.13/site-packages/pluggy/_hooks.py", line 513, in __call__
    return self._hookexec(self.name, self._hookimpls.copy(), kwargs, firstresult)
  File "/Users/jayant.dhingra/Desktop/couchbase-lite-tests/.venv/lib/python3.13/site-packages/pluggy/_manager.py", line 120, in _hookexec
    return self._inner_hookexec(hook_name, methods, kwargs, firstresult)
  File "/Users/jayant.dhingra/Desktop/couchbase-lite-tests/.venv/lib/python3.13/site-packages/pluggy/_callers.py", line 103, in _multicall
    res = hook_impl.function(*args)
  File "/Users/jayant.dhingra/Desktop/couchbase-lite-tests/.venv/lib/python3.13/site-packages/_pytest/python.py", line 166, in pytest_pyfunc_call
    result = testfunction(**testargs)
  File "/Users/jayant.dhingra/Desktop/couchbase-lite-tests/.venv/lib/python3.13/site-packages/pytest_asyncio/plugin.py", line 716, in inner
    runner.run(coro, context=context)
  File "/opt/homebrew/Cellar/python@3.13/3.13.7/Frameworks/Python.framework/Versions/3.13/lib/python3.13/asyncio/runners.py", line 118, in run
    return self._loop.run_until_complete(task)
  File "/opt/homebrew/Cellar/python@3.13/3.13.7/Frameworks/Python.framework/Versions/3.13/lib/python3.13/asyncio/base_events.py", line 712, in run_until_complete
    self.run_forever()
  File "/opt/homebrew/Cellar/python@3.13/3.13.7/Frameworks/Python.framework/Versions/3.13/lib/python3.13/asyncio/base_events.py", line 683, in run_forever
    self._run_once()
  File "/opt/homebrew/Cellar/python@3.13/3.13.7/Frameworks/Python.framework/Versions/3.13/lib/python3.13/asyncio/base_events.py", line 2050, in _run_once
    handle._run()
  File "/opt/homebrew/Cellar/python@3.13/3.13.7/Frameworks/Python.framework/Versions/3.13/lib/python3.13/asyncio/events.py", line 89, in _run
    self._context.run(self._callback, *self._args)
  File "/Users/jayant.dhingra/Desktop/couchbase-lite-tests/tests/dev_e2e/test_basic_replication.py", line 992, in test_default_collection_push_and_pull
    dbs = await cblpytest.test_servers[0].create_and_reset_db(["db1"], dataset="names")
  File "/Users/jayant.dhingra/Desktop/couchbase-lite-tests/client/src/cbltest/api/testserver.py", line 92, in create_and_reset_db
    await self.__request_factory.send_request(self.__index, request)
_______________ TestBasicReplication.test_reset_checkpoint_push ________________
tests/dev_e2e/test_basic_replication.py:1037: in test_reset_checkpoint_push
    dbs = await cblpytest.test_servers[0].create_and_reset_db(["db1"], dataset="travel")
          ^^^^^^^^^^^^^^^^^^^^^^^^^^^^^^^^^^^^^^^^^^^^^^^^^^^^^^^^^^^^^^^^^^^^^^^^^^^^^^
client/src/cbltest/api/testserver.py:92: in create_and_reset_db
    await self.__request_factory.send_request(self.__index, request)
client/src/cbltest/requests.py:194: in send_request
    ret_val = await transport.send(r, writer.num)
              ^^^^^^^^^^^^^^^^^^^^^^^^^^^^^^^^^^^
client/src/cbltest/requests_transport.py:120: in send
    await ws_conn.send_str(json.dumps(data))
.venv/lib/python3.13/site-packages/aiohttp/web_ws.py:478: in send_str
    await self._writer.send_frame(
.venv/lib/python3.13/site-packages/aiohttp/_websocket/writer.py:78: in send_frame
    raise ClientConnectionResetError("Cannot write to closing transport")
E   aiohttp.client_exceptions.ClientConnectionResetError: Cannot write to closing transport
------------------------------ Captured log setup ------------------------------
INFO     CBL:logging.py:111 🧹 Couchbase Server and Sync Gateway cleanup started
DEBUG    CBL:logging.py:115 🧹 SGW <cbltest.api.syncgateway.SyncGateway object at 0x11378b230>: found databases ['names'], deleting...
DEBUG    CBL:logging.py:115 🧹 CBS <cbltest.api.couchbaseserver.CouchbaseServer object at 0x11378b620>: found buckets ['names'], deleting...
DEBUG    CBL:logging.py:115 🧹 CBS <cbltest.api.couchbaseserver.CouchbaseServer object at 0x11378b620>: waiting for all buckets to be deleted...
INFO     CBL:logging.py:111 🧹 Couchbase Server and Sync Gateway cleanup finished
INFO     CBL:logging.py:111 Starting test: test_reset_checkpoint_push
------------------------------ Captured log call -------------------------------
INFO     CBL:logging.py:111 Moving to step 1:
INFO     CBL:logging.py:111 	Reset SG and load `travel` dataset.
INFO     CBL:logging.py:111 Moving to step 2:
INFO     CBL:logging.py:111 	Reset local database, and load `travel` dataset.
DEBUG    CBL:logging.py:115 Sending (test_reset_checkpoint_push) -> 3917af92-025e-4519-be8e-49ffccb813ad v1 POST /reset to http://localhost:5173
ERROR    CBL:testserver.py:92 Failed to send (test_reset_checkpoint_push) -> 3917af92-025e-4519-be8e-49ffccb813ad v1 POST /reset to http://localhost:5173 (Cannot write to closing transport)
Stack (most recent call last):
  File "/Users/jayant.dhingra/Desktop/couchbase-lite-tests/.venv/bin/pytest", line 10, in <module>
    sys.exit(console_main())
  File "/Users/jayant.dhingra/Desktop/couchbase-lite-tests/.venv/lib/python3.13/site-packages/_pytest/config/__init__.py", line 223, in console_main
    code = main()
  File "/Users/jayant.dhingra/Desktop/couchbase-lite-tests/.venv/lib/python3.13/site-packages/_pytest/config/__init__.py", line 199, in main
    ret: ExitCode | int = config.hook.pytest_cmdline_main(config=config)
  File "/Users/jayant.dhingra/Desktop/couchbase-lite-tests/.venv/lib/python3.13/site-packages/pluggy/_hooks.py", line 513, in __call__
    return self._hookexec(self.name, self._hookimpls.copy(), kwargs, firstresult)
  File "/Users/jayant.dhingra/Desktop/couchbase-lite-tests/.venv/lib/python3.13/site-packages/pluggy/_manager.py", line 120, in _hookexec
    return self._inner_hookexec(hook_name, methods, kwargs, firstresult)
  File "/Users/jayant.dhingra/Desktop/couchbase-lite-tests/.venv/lib/python3.13/site-packages/pluggy/_callers.py", line 103, in _multicall
    res = hook_impl.function(*args)
  File "/Users/jayant.dhingra/Desktop/couchbase-lite-tests/.venv/lib/python3.13/site-packages/_pytest/main.py", line 365, in pytest_cmdline_main
    return wrap_session(config, _main)
  File "/Users/jayant.dhingra/Desktop/couchbase-lite-tests/.venv/lib/python3.13/site-packages/_pytest/main.py", line 318, in wrap_session
    session.exitstatus = doit(config, session) or 0
  File "/Users/jayant.dhingra/Desktop/couchbase-lite-tests/.venv/lib/python3.13/site-packages/_pytest/main.py", line 372, in _main
    config.hook.pytest_runtestloop(session=session)
  File "/Users/jayant.dhingra/Desktop/couchbase-lite-tests/.venv/lib/python3.13/site-packages/pluggy/_hooks.py", line 513, in __call__
    return self._hookexec(self.name, self._hookimpls.copy(), kwargs, firstresult)
  File "/Users/jayant.dhingra/Desktop/couchbase-lite-tests/.venv/lib/python3.13/site-packages/pluggy/_manager.py", line 120, in _hookexec
    return self._inner_hookexec(hook_name, methods, kwargs, firstresult)
  File "/Users/jayant.dhingra/Desktop/couchbase-lite-tests/.venv/lib/python3.13/site-packages/pluggy/_callers.py", line 103, in _multicall
    res = hook_impl.function(*args)
  File "/Users/jayant.dhingra/Desktop/couchbase-lite-tests/.venv/lib/python3.13/site-packages/_pytest/main.py", line 396, in pytest_runtestloop
    item.config.hook.pytest_runtest_protocol(item=item, nextitem=nextitem)
  File "/Users/jayant.dhingra/Desktop/couchbase-lite-tests/.venv/lib/python3.13/site-packages/pluggy/_hooks.py", line 513, in __call__
    return self._hookexec(self.name, self._hookimpls.copy(), kwargs, firstresult)
  File "/Users/jayant.dhingra/Desktop/couchbase-lite-tests/.venv/lib/python3.13/site-packages/pluggy/_manager.py", line 120, in _hookexec
    return self._inner_hookexec(hook_name, methods, kwargs, firstresult)
  File "/Users/jayant.dhingra/Desktop/couchbase-lite-tests/.venv/lib/python3.13/site-packages/pluggy/_callers.py", line 103, in _multicall
    res = hook_impl.function(*args)
  File "/Users/jayant.dhingra/Desktop/couchbase-lite-tests/.venv/lib/python3.13/site-packages/_pytest/runner.py", line 118, in pytest_runtest_protocol
    runtestprotocol(item, nextitem=nextitem)
  File "/Users/jayant.dhingra/Desktop/couchbase-lite-tests/.venv/lib/python3.13/site-packages/_pytest/runner.py", line 137, in runtestprotocol
    reports.append(call_and_report(item, "call", log))
  File "/Users/jayant.dhingra/Desktop/couchbase-lite-tests/.venv/lib/python3.13/site-packages/_pytest/runner.py", line 244, in call_and_report
    call = CallInfo.from_call(
  File "/Users/jayant.dhingra/Desktop/couchbase-lite-tests/.venv/lib/python3.13/site-packages/_pytest/runner.py", line 353, in from_call
    result: TResult | None = func()
  File "/Users/jayant.dhingra/Desktop/couchbase-lite-tests/.venv/lib/python3.13/site-packages/_pytest/runner.py", line 245, in <lambda>
    lambda: runtest_hook(item=item, **kwds),
  File "/Users/jayant.dhingra/Desktop/couchbase-lite-tests/.venv/lib/python3.13/site-packages/pluggy/_hooks.py", line 513, in __call__
    return self._hookexec(self.name, self._hookimpls.copy(), kwargs, firstresult)
  File "/Users/jayant.dhingra/Desktop/couchbase-lite-tests/.venv/lib/python3.13/site-packages/pluggy/_manager.py", line 120, in _hookexec
    return self._inner_hookexec(hook_name, methods, kwargs, firstresult)
  File "/Users/jayant.dhingra/Desktop/couchbase-lite-tests/.venv/lib/python3.13/site-packages/pluggy/_callers.py", line 103, in _multicall
    res = hook_impl.function(*args)
  File "/Users/jayant.dhingra/Desktop/couchbase-lite-tests/.venv/lib/python3.13/site-packages/_pytest/runner.py", line 179, in pytest_runtest_call
    item.runtest()
  File "/Users/jayant.dhingra/Desktop/couchbase-lite-tests/.venv/lib/python3.13/site-packages/pytest_asyncio/plugin.py", line 469, in runtest
    super().runtest()
  File "/Users/jayant.dhingra/Desktop/couchbase-lite-tests/.venv/lib/python3.13/site-packages/_pytest/python.py", line 1720, in runtest
    self.ihook.pytest_pyfunc_call(pyfuncitem=self)
  File "/Users/jayant.dhingra/Desktop/couchbase-lite-tests/.venv/lib/python3.13/site-packages/pluggy/_hooks.py", line 513, in __call__
    return self._hookexec(self.name, self._hookimpls.copy(), kwargs, firstresult)
  File "/Users/jayant.dhingra/Desktop/couchbase-lite-tests/.venv/lib/python3.13/site-packages/pluggy/_manager.py", line 120, in _hookexec
    return self._inner_hookexec(hook_name, methods, kwargs, firstresult)
  File "/Users/jayant.dhingra/Desktop/couchbase-lite-tests/.venv/lib/python3.13/site-packages/pluggy/_callers.py", line 103, in _multicall
    res = hook_impl.function(*args)
  File "/Users/jayant.dhingra/Desktop/couchbase-lite-tests/.venv/lib/python3.13/site-packages/_pytest/python.py", line 166, in pytest_pyfunc_call
    result = testfunction(**testargs)
  File "/Users/jayant.dhingra/Desktop/couchbase-lite-tests/.venv/lib/python3.13/site-packages/pytest_asyncio/plugin.py", line 716, in inner
    runner.run(coro, context=context)
  File "/opt/homebrew/Cellar/python@3.13/3.13.7/Frameworks/Python.framework/Versions/3.13/lib/python3.13/asyncio/runners.py", line 118, in run
    return self._loop.run_until_complete(task)
  File "/opt/homebrew/Cellar/python@3.13/3.13.7/Frameworks/Python.framework/Versions/3.13/lib/python3.13/asyncio/base_events.py", line 712, in run_until_complete
    self.run_forever()
  File "/opt/homebrew/Cellar/python@3.13/3.13.7/Frameworks/Python.framework/Versions/3.13/lib/python3.13/asyncio/base_events.py", line 683, in run_forever
    self._run_once()
  File "/opt/homebrew/Cellar/python@3.13/3.13.7/Frameworks/Python.framework/Versions/3.13/lib/python3.13/asyncio/base_events.py", line 2050, in _run_once
    handle._run()
  File "/opt/homebrew/Cellar/python@3.13/3.13.7/Frameworks/Python.framework/Versions/3.13/lib/python3.13/asyncio/events.py", line 89, in _run
    self._context.run(self._callback, *self._args)
  File "/Users/jayant.dhingra/Desktop/couchbase-lite-tests/tests/dev_e2e/test_basic_replication.py", line 1037, in test_reset_checkpoint_push
    dbs = await cblpytest.test_servers[0].create_and_reset_db(["db1"], dataset="travel")
  File "/Users/jayant.dhingra/Desktop/couchbase-lite-tests/client/src/cbltest/api/testserver.py", line 92, in create_and_reset_db
    await self.__request_factory.send_request(self.__index, request)
_______________ TestBasicReplication.test_reset_checkpoint_pull ________________
tests/dev_e2e/test_basic_replication.py:1131: in test_reset_checkpoint_pull
    dbs = await cblpytest.test_servers[0].create_and_reset_db(["db1"], dataset="travel")
          ^^^^^^^^^^^^^^^^^^^^^^^^^^^^^^^^^^^^^^^^^^^^^^^^^^^^^^^^^^^^^^^^^^^^^^^^^^^^^^
client/src/cbltest/api/testserver.py:92: in create_and_reset_db
    await self.__request_factory.send_request(self.__index, request)
client/src/cbltest/requests.py:194: in send_request
    ret_val = await transport.send(r, writer.num)
              ^^^^^^^^^^^^^^^^^^^^^^^^^^^^^^^^^^^
client/src/cbltest/requests_transport.py:120: in send
    await ws_conn.send_str(json.dumps(data))
.venv/lib/python3.13/site-packages/aiohttp/web_ws.py:478: in send_str
    await self._writer.send_frame(
.venv/lib/python3.13/site-packages/aiohttp/_websocket/writer.py:78: in send_frame
    raise ClientConnectionResetError("Cannot write to closing transport")
E   aiohttp.client_exceptions.ClientConnectionResetError: Cannot write to closing transport
------------------------------ Captured log setup ------------------------------
INFO     CBL:logging.py:111 🧹 Couchbase Server and Sync Gateway cleanup started
DEBUG    CBL:logging.py:115 🧹 SGW <cbltest.api.syncgateway.SyncGateway object at 0x11378b230>: found databases ['travel'], deleting...
DEBUG    CBL:logging.py:115 🧹 CBS <cbltest.api.couchbaseserver.CouchbaseServer object at 0x11378b620>: found buckets ['travel'], deleting...
DEBUG    CBL:logging.py:115 🧹 CBS <cbltest.api.couchbaseserver.CouchbaseServer object at 0x11378b620>: waiting for all buckets to be deleted...
INFO     CBL:logging.py:111 🧹 Couchbase Server and Sync Gateway cleanup finished
INFO     CBL:logging.py:111 Starting test: test_reset_checkpoint_pull
------------------------------ Captured log call -------------------------------
INFO     CBL:logging.py:111 Moving to step 1:
INFO     CBL:logging.py:111 	Reset SG and load `travel` dataset.
INFO     CBL:logging.py:111 Moving to step 2:
INFO     CBL:logging.py:111 	Reset local database, and load `travel` dataset.
DEBUG    CBL:logging.py:115 Sending (test_reset_checkpoint_pull) -> 3917af92-025e-4519-be8e-49ffccb813ad v1 POST /reset to http://localhost:5173
ERROR    CBL:testserver.py:92 Failed to send (test_reset_checkpoint_pull) -> 3917af92-025e-4519-be8e-49ffccb813ad v1 POST /reset to http://localhost:5173 (Cannot write to closing transport)
Stack (most recent call last):
  File "/Users/jayant.dhingra/Desktop/couchbase-lite-tests/.venv/bin/pytest", line 10, in <module>
    sys.exit(console_main())
  File "/Users/jayant.dhingra/Desktop/couchbase-lite-tests/.venv/lib/python3.13/site-packages/_pytest/config/__init__.py", line 223, in console_main
    code = main()
  File "/Users/jayant.dhingra/Desktop/couchbase-lite-tests/.venv/lib/python3.13/site-packages/_pytest/config/__init__.py", line 199, in main
    ret: ExitCode | int = config.hook.pytest_cmdline_main(config=config)
  File "/Users/jayant.dhingra/Desktop/couchbase-lite-tests/.venv/lib/python3.13/site-packages/pluggy/_hooks.py", line 513, in __call__
    return self._hookexec(self.name, self._hookimpls.copy(), kwargs, firstresult)
  File "/Users/jayant.dhingra/Desktop/couchbase-lite-tests/.venv/lib/python3.13/site-packages/pluggy/_manager.py", line 120, in _hookexec
    return self._inner_hookexec(hook_name, methods, kwargs, firstresult)
  File "/Users/jayant.dhingra/Desktop/couchbase-lite-tests/.venv/lib/python3.13/site-packages/pluggy/_callers.py", line 103, in _multicall
    res = hook_impl.function(*args)
  File "/Users/jayant.dhingra/Desktop/couchbase-lite-tests/.venv/lib/python3.13/site-packages/_pytest/main.py", line 365, in pytest_cmdline_main
    return wrap_session(config, _main)
  File "/Users/jayant.dhingra/Desktop/couchbase-lite-tests/.venv/lib/python3.13/site-packages/_pytest/main.py", line 318, in wrap_session
    session.exitstatus = doit(config, session) or 0
  File "/Users/jayant.dhingra/Desktop/couchbase-lite-tests/.venv/lib/python3.13/site-packages/_pytest/main.py", line 372, in _main
    config.hook.pytest_runtestloop(session=session)
  File "/Users/jayant.dhingra/Desktop/couchbase-lite-tests/.venv/lib/python3.13/site-packages/pluggy/_hooks.py", line 513, in __call__
    return self._hookexec(self.name, self._hookimpls.copy(), kwargs, firstresult)
  File "/Users/jayant.dhingra/Desktop/couchbase-lite-tests/.venv/lib/python3.13/site-packages/pluggy/_manager.py", line 120, in _hookexec
    return self._inner_hookexec(hook_name, methods, kwargs, firstresult)
  File "/Users/jayant.dhingra/Desktop/couchbase-lite-tests/.venv/lib/python3.13/site-packages/pluggy/_callers.py", line 103, in _multicall
    res = hook_impl.function(*args)
  File "/Users/jayant.dhingra/Desktop/couchbase-lite-tests/.venv/lib/python3.13/site-packages/_pytest/main.py", line 396, in pytest_runtestloop
    item.config.hook.pytest_runtest_protocol(item=item, nextitem=nextitem)
  File "/Users/jayant.dhingra/Desktop/couchbase-lite-tests/.venv/lib/python3.13/site-packages/pluggy/_hooks.py", line 513, in __call__
    return self._hookexec(self.name, self._hookimpls.copy(), kwargs, firstresult)
  File "/Users/jayant.dhingra/Desktop/couchbase-lite-tests/.venv/lib/python3.13/site-packages/pluggy/_manager.py", line 120, in _hookexec
    return self._inner_hookexec(hook_name, methods, kwargs, firstresult)
  File "/Users/jayant.dhingra/Desktop/couchbase-lite-tests/.venv/lib/python3.13/site-packages/pluggy/_callers.py", line 103, in _multicall
    res = hook_impl.function(*args)
  File "/Users/jayant.dhingra/Desktop/couchbase-lite-tests/.venv/lib/python3.13/site-packages/_pytest/runner.py", line 118, in pytest_runtest_protocol
    runtestprotocol(item, nextitem=nextitem)
  File "/Users/jayant.dhingra/Desktop/couchbase-lite-tests/.venv/lib/python3.13/site-packages/_pytest/runner.py", line 137, in runtestprotocol
    reports.append(call_and_report(item, "call", log))
  File "/Users/jayant.dhingra/Desktop/couchbase-lite-tests/.venv/lib/python3.13/site-packages/_pytest/runner.py", line 244, in call_and_report
    call = CallInfo.from_call(
  File "/Users/jayant.dhingra/Desktop/couchbase-lite-tests/.venv/lib/python3.13/site-packages/_pytest/runner.py", line 353, in from_call
    result: TResult | None = func()
  File "/Users/jayant.dhingra/Desktop/couchbase-lite-tests/.venv/lib/python3.13/site-packages/_pytest/runner.py", line 245, in <lambda>
    lambda: runtest_hook(item=item, **kwds),
  File "/Users/jayant.dhingra/Desktop/couchbase-lite-tests/.venv/lib/python3.13/site-packages/pluggy/_hooks.py", line 513, in __call__
    return self._hookexec(self.name, self._hookimpls.copy(), kwargs, firstresult)
  File "/Users/jayant.dhingra/Desktop/couchbase-lite-tests/.venv/lib/python3.13/site-packages/pluggy/_manager.py", line 120, in _hookexec
    return self._inner_hookexec(hook_name, methods, kwargs, firstresult)
  File "/Users/jayant.dhingra/Desktop/couchbase-lite-tests/.venv/lib/python3.13/site-packages/pluggy/_callers.py", line 103, in _multicall
    res = hook_impl.function(*args)
  File "/Users/jayant.dhingra/Desktop/couchbase-lite-tests/.venv/lib/python3.13/site-packages/_pytest/runner.py", line 179, in pytest_runtest_call
    item.runtest()
  File "/Users/jayant.dhingra/Desktop/couchbase-lite-tests/.venv/lib/python3.13/site-packages/pytest_asyncio/plugin.py", line 469, in runtest
    super().runtest()
  File "/Users/jayant.dhingra/Desktop/couchbase-lite-tests/.venv/lib/python3.13/site-packages/_pytest/python.py", line 1720, in runtest
    self.ihook.pytest_pyfunc_call(pyfuncitem=self)
  File "/Users/jayant.dhingra/Desktop/couchbase-lite-tests/.venv/lib/python3.13/site-packages/pluggy/_hooks.py", line 513, in __call__
    return self._hookexec(self.name, self._hookimpls.copy(), kwargs, firstresult)
  File "/Users/jayant.dhingra/Desktop/couchbase-lite-tests/.venv/lib/python3.13/site-packages/pluggy/_manager.py", line 120, in _hookexec
    return self._inner_hookexec(hook_name, methods, kwargs, firstresult)
  File "/Users/jayant.dhingra/Desktop/couchbase-lite-tests/.venv/lib/python3.13/site-packages/pluggy/_callers.py", line 103, in _multicall
    res = hook_impl.function(*args)
  File "/Users/jayant.dhingra/Desktop/couchbase-lite-tests/.venv/lib/python3.13/site-packages/_pytest/python.py", line 166, in pytest_pyfunc_call
    result = testfunction(**testargs)
  File "/Users/jayant.dhingra/Desktop/couchbase-lite-tests/.venv/lib/python3.13/site-packages/pytest_asyncio/plugin.py", line 716, in inner
    runner.run(coro, context=context)
  File "/opt/homebrew/Cellar/python@3.13/3.13.7/Frameworks/Python.framework/Versions/3.13/lib/python3.13/asyncio/runners.py", line 118, in run
    return self._loop.run_until_complete(task)
  File "/opt/homebrew/Cellar/python@3.13/3.13.7/Frameworks/Python.framework/Versions/3.13/lib/python3.13/asyncio/base_events.py", line 712, in run_until_complete
    self.run_forever()
  File "/opt/homebrew/Cellar/python@3.13/3.13.7/Frameworks/Python.framework/Versions/3.13/lib/python3.13/asyncio/base_events.py", line 683, in run_forever
    self._run_once()
  File "/opt/homebrew/Cellar/python@3.13/3.13.7/Frameworks/Python.framework/Versions/3.13/lib/python3.13/asyncio/base_events.py", line 2050, in _run_once
    handle._run()
  File "/opt/homebrew/Cellar/python@3.13/3.13.7/Frameworks/Python.framework/Versions/3.13/lib/python3.13/asyncio/events.py", line 89, in _run
    self._context.run(self._callback, *self._args)
  File "/Users/jayant.dhingra/Desktop/couchbase-lite-tests/tests/dev_e2e/test_basic_replication.py", line 1131, in test_reset_checkpoint_pull
    dbs = await cblpytest.test_servers[0].create_and_reset_db(["db1"], dataset="travel")
  File "/Users/jayant.dhingra/Desktop/couchbase-lite-tests/client/src/cbltest/api/testserver.py", line 92, in create_and_reset_db
    await self.__request_factory.send_request(self.__index, request)
________________ TestCustomConflict.test_push_pull_resolved_doc ________________
tests/dev_e2e/test_custom_conflict.py:128: in test_push_pull_resolved_doc
    dbs = await cblpytest.test_servers[0].create_and_reset_db(["db1"])
          ^^^^^^^^^^^^^^^^^^^^^^^^^^^^^^^^^^^^^^^^^^^^^^^^^^^^^^^^^^^^
client/src/cbltest/api/testserver.py:92: in create_and_reset_db
    await self.__request_factory.send_request(self.__index, request)
client/src/cbltest/requests.py:194: in send_request
    ret_val = await transport.send(r, writer.num)
              ^^^^^^^^^^^^^^^^^^^^^^^^^^^^^^^^^^^
client/src/cbltest/requests_transport.py:120: in send
    await ws_conn.send_str(json.dumps(data))
.venv/lib/python3.13/site-packages/aiohttp/web_ws.py:478: in send_str
    await self._writer.send_frame(
.venv/lib/python3.13/site-packages/aiohttp/_websocket/writer.py:78: in send_frame
    raise ClientConnectionResetError("Cannot write to closing transport")
E   aiohttp.client_exceptions.ClientConnectionResetError: Cannot write to closing transport
------------------------------ Captured log setup ------------------------------
INFO     CBL:logging.py:111 🧹 Couchbase Server and Sync Gateway cleanup started
DEBUG    CBL:logging.py:115 🧹 SGW <cbltest.api.syncgateway.SyncGateway object at 0x11378b230>: found databases ['travel'], deleting...
DEBUG    CBL:logging.py:115 🧹 CBS <cbltest.api.couchbaseserver.CouchbaseServer object at 0x11378b620>: found buckets ['travel'], deleting...
DEBUG    CBL:logging.py:115 🧹 CBS <cbltest.api.couchbaseserver.CouchbaseServer object at 0x11378b620>: waiting for all buckets to be deleted...
INFO     CBL:logging.py:111 🧹 Couchbase Server and Sync Gateway cleanup finished
INFO     CBL:logging.py:111 Starting test: test_push_pull_resolved_doc
------------------------------ Captured log call -------------------------------
INFO     CBL:logging.py:111 Moving to step 1:
INFO     CBL:logging.py:111 	Reset SG and load `names` dataset
INFO     CBL:logging.py:111 Moving to step 2:
INFO     CBL:logging.py:111 	Reset empty local database
DEBUG    CBL:logging.py:115 Sending (test_push_pull_resolved_doc) -> 3917af92-025e-4519-be8e-49ffccb813ad v1 POST /reset to http://localhost:5173
ERROR    CBL:testserver.py:92 Failed to send (test_push_pull_resolved_doc) -> 3917af92-025e-4519-be8e-49ffccb813ad v1 POST /reset to http://localhost:5173 (Cannot write to closing transport)
Stack (most recent call last):
  File "/Users/jayant.dhingra/Desktop/couchbase-lite-tests/.venv/bin/pytest", line 10, in <module>
    sys.exit(console_main())
  File "/Users/jayant.dhingra/Desktop/couchbase-lite-tests/.venv/lib/python3.13/site-packages/_pytest/config/__init__.py", line 223, in console_main
    code = main()
  File "/Users/jayant.dhingra/Desktop/couchbase-lite-tests/.venv/lib/python3.13/site-packages/_pytest/config/__init__.py", line 199, in main
    ret: ExitCode | int = config.hook.pytest_cmdline_main(config=config)
  File "/Users/jayant.dhingra/Desktop/couchbase-lite-tests/.venv/lib/python3.13/site-packages/pluggy/_hooks.py", line 513, in __call__
    return self._hookexec(self.name, self._hookimpls.copy(), kwargs, firstresult)
  File "/Users/jayant.dhingra/Desktop/couchbase-lite-tests/.venv/lib/python3.13/site-packages/pluggy/_manager.py", line 120, in _hookexec
    return self._inner_hookexec(hook_name, methods, kwargs, firstresult)
  File "/Users/jayant.dhingra/Desktop/couchbase-lite-tests/.venv/lib/python3.13/site-packages/pluggy/_callers.py", line 103, in _multicall
    res = hook_impl.function(*args)
  File "/Users/jayant.dhingra/Desktop/couchbase-lite-tests/.venv/lib/python3.13/site-packages/_pytest/main.py", line 365, in pytest_cmdline_main
    return wrap_session(config, _main)
  File "/Users/jayant.dhingra/Desktop/couchbase-lite-tests/.venv/lib/python3.13/site-packages/_pytest/main.py", line 318, in wrap_session
    session.exitstatus = doit(config, session) or 0
  File "/Users/jayant.dhingra/Desktop/couchbase-lite-tests/.venv/lib/python3.13/site-packages/_pytest/main.py", line 372, in _main
    config.hook.pytest_runtestloop(session=session)
  File "/Users/jayant.dhingra/Desktop/couchbase-lite-tests/.venv/lib/python3.13/site-packages/pluggy/_hooks.py", line 513, in __call__
    return self._hookexec(self.name, self._hookimpls.copy(), kwargs, firstresult)
  File "/Users/jayant.dhingra/Desktop/couchbase-lite-tests/.venv/lib/python3.13/site-packages/pluggy/_manager.py", line 120, in _hookexec
    return self._inner_hookexec(hook_name, methods, kwargs, firstresult)
  File "/Users/jayant.dhingra/Desktop/couchbase-lite-tests/.venv/lib/python3.13/site-packages/pluggy/_callers.py", line 103, in _multicall
    res = hook_impl.function(*args)
  File "/Users/jayant.dhingra/Desktop/couchbase-lite-tests/.venv/lib/python3.13/site-packages/_pytest/main.py", line 396, in pytest_runtestloop
    item.config.hook.pytest_runtest_protocol(item=item, nextitem=nextitem)
  File "/Users/jayant.dhingra/Desktop/couchbase-lite-tests/.venv/lib/python3.13/site-packages/pluggy/_hooks.py", line 513, in __call__
    return self._hookexec(self.name, self._hookimpls.copy(), kwargs, firstresult)
  File "/Users/jayant.dhingra/Desktop/couchbase-lite-tests/.venv/lib/python3.13/site-packages/pluggy/_manager.py", line 120, in _hookexec
    return self._inner_hookexec(hook_name, methods, kwargs, firstresult)
  File "/Users/jayant.dhingra/Desktop/couchbase-lite-tests/.venv/lib/python3.13/site-packages/pluggy/_callers.py", line 103, in _multicall
    res = hook_impl.function(*args)
  File "/Users/jayant.dhingra/Desktop/couchbase-lite-tests/.venv/lib/python3.13/site-packages/_pytest/runner.py", line 118, in pytest_runtest_protocol
    runtestprotocol(item, nextitem=nextitem)
  File "/Users/jayant.dhingra/Desktop/couchbase-lite-tests/.venv/lib/python3.13/site-packages/_pytest/runner.py", line 137, in runtestprotocol
    reports.append(call_and_report(item, "call", log))
  File "/Users/jayant.dhingra/Desktop/couchbase-lite-tests/.venv/lib/python3.13/site-packages/_pytest/runner.py", line 244, in call_and_report
    call = CallInfo.from_call(
  File "/Users/jayant.dhingra/Desktop/couchbase-lite-tests/.venv/lib/python3.13/site-packages/_pytest/runner.py", line 353, in from_call
    result: TResult | None = func()
  File "/Users/jayant.dhingra/Desktop/couchbase-lite-tests/.venv/lib/python3.13/site-packages/_pytest/runner.py", line 245, in <lambda>
    lambda: runtest_hook(item=item, **kwds),
  File "/Users/jayant.dhingra/Desktop/couchbase-lite-tests/.venv/lib/python3.13/site-packages/pluggy/_hooks.py", line 513, in __call__
    return self._hookexec(self.name, self._hookimpls.copy(), kwargs, firstresult)
  File "/Users/jayant.dhingra/Desktop/couchbase-lite-tests/.venv/lib/python3.13/site-packages/pluggy/_manager.py", line 120, in _hookexec
    return self._inner_hookexec(hook_name, methods, kwargs, firstresult)
  File "/Users/jayant.dhingra/Desktop/couchbase-lite-tests/.venv/lib/python3.13/site-packages/pluggy/_callers.py", line 103, in _multicall
    res = hook_impl.function(*args)
  File "/Users/jayant.dhingra/Desktop/couchbase-lite-tests/.venv/lib/python3.13/site-packages/_pytest/runner.py", line 179, in pytest_runtest_call
    item.runtest()
  File "/Users/jayant.dhingra/Desktop/couchbase-lite-tests/.venv/lib/python3.13/site-packages/pytest_asyncio/plugin.py", line 469, in runtest
    super().runtest()
  File "/Users/jayant.dhingra/Desktop/couchbase-lite-tests/.venv/lib/python3.13/site-packages/_pytest/python.py", line 1720, in runtest
    self.ihook.pytest_pyfunc_call(pyfuncitem=self)
  File "/Users/jayant.dhingra/Desktop/couchbase-lite-tests/.venv/lib/python3.13/site-packages/pluggy/_hooks.py", line 513, in __call__
    return self._hookexec(self.name, self._hookimpls.copy(), kwargs, firstresult)
  File "/Users/jayant.dhingra/Desktop/couchbase-lite-tests/.venv/lib/python3.13/site-packages/pluggy/_manager.py", line 120, in _hookexec
    return self._inner_hookexec(hook_name, methods, kwargs, firstresult)
  File "/Users/jayant.dhingra/Desktop/couchbase-lite-tests/.venv/lib/python3.13/site-packages/pluggy/_callers.py", line 103, in _multicall
    res = hook_impl.function(*args)
  File "/Users/jayant.dhingra/Desktop/couchbase-lite-tests/.venv/lib/python3.13/site-packages/_pytest/python.py", line 166, in pytest_pyfunc_call
    result = testfunction(**testargs)
  File "/Users/jayant.dhingra/Desktop/couchbase-lite-tests/.venv/lib/python3.13/site-packages/pytest_asyncio/plugin.py", line 716, in inner
    runner.run(coro, context=context)
  File "/opt/homebrew/Cellar/python@3.13/3.13.7/Frameworks/Python.framework/Versions/3.13/lib/python3.13/asyncio/runners.py", line 118, in run
    return self._loop.run_until_complete(task)
  File "/opt/homebrew/Cellar/python@3.13/3.13.7/Frameworks/Python.framework/Versions/3.13/lib/python3.13/asyncio/base_events.py", line 712, in run_until_complete
    self.run_forever()
  File "/opt/homebrew/Cellar/python@3.13/3.13.7/Frameworks/Python.framework/Versions/3.13/lib/python3.13/asyncio/base_events.py", line 683, in run_forever
    self._run_once()
  File "/opt/homebrew/Cellar/python@3.13/3.13.7/Frameworks/Python.framework/Versions/3.13/lib/python3.13/asyncio/base_events.py", line 2050, in _run_once
    handle._run()
  File "/opt/homebrew/Cellar/python@3.13/3.13.7/Frameworks/Python.framework/Versions/3.13/lib/python3.13/asyncio/events.py", line 89, in _run
    self._context.run(self._callback, *self._args)
  File "/Users/jayant.dhingra/Desktop/couchbase-lite-tests/tests/dev_e2e/test_custom_conflict.py", line 128, in test_push_pull_resolved_doc
    dbs = await cblpytest.test_servers[0].create_and_reset_db(["db1"])
  File "/Users/jayant.dhingra/Desktop/couchbase-lite-tests/client/src/cbltest/api/testserver.py", line 92, in create_and_reset_db
    await self.__request_factory.send_request(self.__index, request)
_____________ TestCustomConflict.test_custom_conflict_remote_wins ______________
tests/dev_e2e/test_custom_conflict.py:329: in test_custom_conflict_remote_wins
    await self.do_custom_conflict_test(
tests/dev_e2e/test_custom_conflict.py:37: in do_custom_conflict_test
    dbs = await cblpytest.test_servers[0].create_and_reset_db(["db1"])
          ^^^^^^^^^^^^^^^^^^^^^^^^^^^^^^^^^^^^^^^^^^^^^^^^^^^^^^^^^^^^
client/src/cbltest/api/testserver.py:92: in create_and_reset_db
    await self.__request_factory.send_request(self.__index, request)
client/src/cbltest/requests.py:194: in send_request
    ret_val = await transport.send(r, writer.num)
              ^^^^^^^^^^^^^^^^^^^^^^^^^^^^^^^^^^^
client/src/cbltest/requests_transport.py:120: in send
    await ws_conn.send_str(json.dumps(data))
.venv/lib/python3.13/site-packages/aiohttp/web_ws.py:478: in send_str
    await self._writer.send_frame(
.venv/lib/python3.13/site-packages/aiohttp/_websocket/writer.py:78: in send_frame
    raise ClientConnectionResetError("Cannot write to closing transport")
E   aiohttp.client_exceptions.ClientConnectionResetError: Cannot write to closing transport
------------------------------ Captured log setup ------------------------------
INFO     CBL:logging.py:111 🧹 Couchbase Server and Sync Gateway cleanup started
DEBUG    CBL:logging.py:115 🧹 SGW <cbltest.api.syncgateway.SyncGateway object at 0x11378b230>: found databases ['names'], deleting...
DEBUG    CBL:logging.py:115 🧹 CBS <cbltest.api.couchbaseserver.CouchbaseServer object at 0x11378b620>: found buckets ['names'], deleting...
DEBUG    CBL:logging.py:115 🧹 CBS <cbltest.api.couchbaseserver.CouchbaseServer object at 0x11378b620>: waiting for all buckets to be deleted...
INFO     CBL:logging.py:111 🧹 Couchbase Server and Sync Gateway cleanup finished
INFO     CBL:logging.py:111 Starting test: test_custom_conflict_remote_wins
------------------------------ Captured log call -------------------------------
INFO     CBL:logging.py:111 Moving to step 1:
INFO     CBL:logging.py:111 	Reset SG and load `names` dataset
INFO     CBL:logging.py:111 Moving to step 2:
INFO     CBL:logging.py:111 	Reset empty local database
DEBUG    CBL:logging.py:115 Sending (test_custom_conflict_remote_wins) -> 3917af92-025e-4519-be8e-49ffccb813ad v1 POST /reset to http://localhost:5173
ERROR    CBL:testserver.py:92 Failed to send (test_custom_conflict_remote_wins) -> 3917af92-025e-4519-be8e-49ffccb813ad v1 POST /reset to http://localhost:5173 (Cannot write to closing transport)
Stack (most recent call last):
  File "/Users/jayant.dhingra/Desktop/couchbase-lite-tests/.venv/bin/pytest", line 10, in <module>
    sys.exit(console_main())
  File "/Users/jayant.dhingra/Desktop/couchbase-lite-tests/.venv/lib/python3.13/site-packages/_pytest/config/__init__.py", line 223, in console_main
    code = main()
  File "/Users/jayant.dhingra/Desktop/couchbase-lite-tests/.venv/lib/python3.13/site-packages/_pytest/config/__init__.py", line 199, in main
    ret: ExitCode | int = config.hook.pytest_cmdline_main(config=config)
  File "/Users/jayant.dhingra/Desktop/couchbase-lite-tests/.venv/lib/python3.13/site-packages/pluggy/_hooks.py", line 513, in __call__
    return self._hookexec(self.name, self._hookimpls.copy(), kwargs, firstresult)
  File "/Users/jayant.dhingra/Desktop/couchbase-lite-tests/.venv/lib/python3.13/site-packages/pluggy/_manager.py", line 120, in _hookexec
    return self._inner_hookexec(hook_name, methods, kwargs, firstresult)
  File "/Users/jayant.dhingra/Desktop/couchbase-lite-tests/.venv/lib/python3.13/site-packages/pluggy/_callers.py", line 103, in _multicall
    res = hook_impl.function(*args)
  File "/Users/jayant.dhingra/Desktop/couchbase-lite-tests/.venv/lib/python3.13/site-packages/_pytest/main.py", line 365, in pytest_cmdline_main
    return wrap_session(config, _main)
  File "/Users/jayant.dhingra/Desktop/couchbase-lite-tests/.venv/lib/python3.13/site-packages/_pytest/main.py", line 318, in wrap_session
    session.exitstatus = doit(config, session) or 0
  File "/Users/jayant.dhingra/Desktop/couchbase-lite-tests/.venv/lib/python3.13/site-packages/_pytest/main.py", line 372, in _main
    config.hook.pytest_runtestloop(session=session)
  File "/Users/jayant.dhingra/Desktop/couchbase-lite-tests/.venv/lib/python3.13/site-packages/pluggy/_hooks.py", line 513, in __call__
    return self._hookexec(self.name, self._hookimpls.copy(), kwargs, firstresult)
  File "/Users/jayant.dhingra/Desktop/couchbase-lite-tests/.venv/lib/python3.13/site-packages/pluggy/_manager.py", line 120, in _hookexec
    return self._inner_hookexec(hook_name, methods, kwargs, firstresult)
  File "/Users/jayant.dhingra/Desktop/couchbase-lite-tests/.venv/lib/python3.13/site-packages/pluggy/_callers.py", line 103, in _multicall
    res = hook_impl.function(*args)
  File "/Users/jayant.dhingra/Desktop/couchbase-lite-tests/.venv/lib/python3.13/site-packages/_pytest/main.py", line 396, in pytest_runtestloop
    item.config.hook.pytest_runtest_protocol(item=item, nextitem=nextitem)
  File "/Users/jayant.dhingra/Desktop/couchbase-lite-tests/.venv/lib/python3.13/site-packages/pluggy/_hooks.py", line 513, in __call__
    return self._hookexec(self.name, self._hookimpls.copy(), kwargs, firstresult)
  File "/Users/jayant.dhingra/Desktop/couchbase-lite-tests/.venv/lib/python3.13/site-packages/pluggy/_manager.py", line 120, in _hookexec
    return self._inner_hookexec(hook_name, methods, kwargs, firstresult)
  File "/Users/jayant.dhingra/Desktop/couchbase-lite-tests/.venv/lib/python3.13/site-packages/pluggy/_callers.py", line 103, in _multicall
    res = hook_impl.function(*args)
  File "/Users/jayant.dhingra/Desktop/couchbase-lite-tests/.venv/lib/python3.13/site-packages/_pytest/runner.py", line 118, in pytest_runtest_protocol
    runtestprotocol(item, nextitem=nextitem)
  File "/Users/jayant.dhingra/Desktop/couchbase-lite-tests/.venv/lib/python3.13/site-packages/_pytest/runner.py", line 137, in runtestprotocol
    reports.append(call_and_report(item, "call", log))
  File "/Users/jayant.dhingra/Desktop/couchbase-lite-tests/.venv/lib/python3.13/site-packages/_pytest/runner.py", line 244, in call_and_report
    call = CallInfo.from_call(
  File "/Users/jayant.dhingra/Desktop/couchbase-lite-tests/.venv/lib/python3.13/site-packages/_pytest/runner.py", line 353, in from_call
    result: TResult | None = func()
  File "/Users/jayant.dhingra/Desktop/couchbase-lite-tests/.venv/lib/python3.13/site-packages/_pytest/runner.py", line 245, in <lambda>
    lambda: runtest_hook(item=item, **kwds),
  File "/Users/jayant.dhingra/Desktop/couchbase-lite-tests/.venv/lib/python3.13/site-packages/pluggy/_hooks.py", line 513, in __call__
    return self._hookexec(self.name, self._hookimpls.copy(), kwargs, firstresult)
  File "/Users/jayant.dhingra/Desktop/couchbase-lite-tests/.venv/lib/python3.13/site-packages/pluggy/_manager.py", line 120, in _hookexec
    return self._inner_hookexec(hook_name, methods, kwargs, firstresult)
  File "/Users/jayant.dhingra/Desktop/couchbase-lite-tests/.venv/lib/python3.13/site-packages/pluggy/_callers.py", line 103, in _multicall
    res = hook_impl.function(*args)
  File "/Users/jayant.dhingra/Desktop/couchbase-lite-tests/.venv/lib/python3.13/site-packages/_pytest/runner.py", line 179, in pytest_runtest_call
    item.runtest()
  File "/Users/jayant.dhingra/Desktop/couchbase-lite-tests/.venv/lib/python3.13/site-packages/pytest_asyncio/plugin.py", line 469, in runtest
    super().runtest()
  File "/Users/jayant.dhingra/Desktop/couchbase-lite-tests/.venv/lib/python3.13/site-packages/_pytest/python.py", line 1720, in runtest
    self.ihook.pytest_pyfunc_call(pyfuncitem=self)
  File "/Users/jayant.dhingra/Desktop/couchbase-lite-tests/.venv/lib/python3.13/site-packages/pluggy/_hooks.py", line 513, in __call__
    return self._hookexec(self.name, self._hookimpls.copy(), kwargs, firstresult)
  File "/Users/jayant.dhingra/Desktop/couchbase-lite-tests/.venv/lib/python3.13/site-packages/pluggy/_manager.py", line 120, in _hookexec
    return self._inner_hookexec(hook_name, methods, kwargs, firstresult)
  File "/Users/jayant.dhingra/Desktop/couchbase-lite-tests/.venv/lib/python3.13/site-packages/pluggy/_callers.py", line 103, in _multicall
    res = hook_impl.function(*args)
  File "/Users/jayant.dhingra/Desktop/couchbase-lite-tests/.venv/lib/python3.13/site-packages/_pytest/python.py", line 166, in pytest_pyfunc_call
    result = testfunction(**testargs)
  File "/Users/jayant.dhingra/Desktop/couchbase-lite-tests/.venv/lib/python3.13/site-packages/pytest_asyncio/plugin.py", line 716, in inner
    runner.run(coro, context=context)
  File "/opt/homebrew/Cellar/python@3.13/3.13.7/Frameworks/Python.framework/Versions/3.13/lib/python3.13/asyncio/runners.py", line 118, in run
    return self._loop.run_until_complete(task)
  File "/opt/homebrew/Cellar/python@3.13/3.13.7/Frameworks/Python.framework/Versions/3.13/lib/python3.13/asyncio/base_events.py", line 712, in run_until_complete
    self.run_forever()
  File "/opt/homebrew/Cellar/python@3.13/3.13.7/Frameworks/Python.framework/Versions/3.13/lib/python3.13/asyncio/base_events.py", line 683, in run_forever
    self._run_once()
  File "/opt/homebrew/Cellar/python@3.13/3.13.7/Frameworks/Python.framework/Versions/3.13/lib/python3.13/asyncio/base_events.py", line 2050, in _run_once
    handle._run()
  File "/opt/homebrew/Cellar/python@3.13/3.13.7/Frameworks/Python.framework/Versions/3.13/lib/python3.13/asyncio/events.py", line 89, in _run
    self._context.run(self._callback, *self._args)
  File "/Users/jayant.dhingra/Desktop/couchbase-lite-tests/tests/dev_e2e/test_custom_conflict.py", line 329, in test_custom_conflict_remote_wins
    await self.do_custom_conflict_test(
  File "/Users/jayant.dhingra/Desktop/couchbase-lite-tests/tests/dev_e2e/test_custom_conflict.py", line 37, in do_custom_conflict_test
    dbs = await cblpytest.test_servers[0].create_and_reset_db(["db1"])
  File "/Users/jayant.dhingra/Desktop/couchbase-lite-tests/client/src/cbltest/api/testserver.py", line 92, in create_and_reset_db
    await self.__request_factory.send_request(self.__index, request)
________________ TestCustomConflict.test_custom_conflict_delete ________________
tests/dev_e2e/test_custom_conflict.py:342: in test_custom_conflict_delete
    await self.do_custom_conflict_test(
tests/dev_e2e/test_custom_conflict.py:37: in do_custom_conflict_test
    dbs = await cblpytest.test_servers[0].create_and_reset_db(["db1"])
          ^^^^^^^^^^^^^^^^^^^^^^^^^^^^^^^^^^^^^^^^^^^^^^^^^^^^^^^^^^^^
client/src/cbltest/api/testserver.py:92: in create_and_reset_db
    await self.__request_factory.send_request(self.__index, request)
client/src/cbltest/requests.py:194: in send_request
    ret_val = await transport.send(r, writer.num)
              ^^^^^^^^^^^^^^^^^^^^^^^^^^^^^^^^^^^
client/src/cbltest/requests_transport.py:120: in send
    await ws_conn.send_str(json.dumps(data))
.venv/lib/python3.13/site-packages/aiohttp/web_ws.py:478: in send_str
    await self._writer.send_frame(
.venv/lib/python3.13/site-packages/aiohttp/_websocket/writer.py:78: in send_frame
    raise ClientConnectionResetError("Cannot write to closing transport")
E   aiohttp.client_exceptions.ClientConnectionResetError: Cannot write to closing transport
------------------------------ Captured log setup ------------------------------
INFO     CBL:logging.py:111 🧹 Couchbase Server and Sync Gateway cleanup started
DEBUG    CBL:logging.py:115 🧹 SGW <cbltest.api.syncgateway.SyncGateway object at 0x11378b230>: found databases ['names'], deleting...
DEBUG    CBL:logging.py:115 🧹 CBS <cbltest.api.couchbaseserver.CouchbaseServer object at 0x11378b620>: found buckets ['names'], deleting...
DEBUG    CBL:logging.py:115 🧹 CBS <cbltest.api.couchbaseserver.CouchbaseServer object at 0x11378b620>: waiting for all buckets to be deleted...
INFO     CBL:logging.py:111 🧹 Couchbase Server and Sync Gateway cleanup finished
INFO     CBL:logging.py:111 Starting test: test_custom_conflict_delete
------------------------------ Captured log call -------------------------------
INFO     CBL:logging.py:111 Moving to step 1:
INFO     CBL:logging.py:111 	Reset SG and load `names` dataset
INFO     CBL:logging.py:111 Moving to step 2:
INFO     CBL:logging.py:111 	Reset empty local database
DEBUG    CBL:logging.py:115 Sending (test_custom_conflict_delete) -> 3917af92-025e-4519-be8e-49ffccb813ad v1 POST /reset to http://localhost:5173
ERROR    CBL:testserver.py:92 Failed to send (test_custom_conflict_delete) -> 3917af92-025e-4519-be8e-49ffccb813ad v1 POST /reset to http://localhost:5173 (Cannot write to closing transport)
Stack (most recent call last):
  File "/Users/jayant.dhingra/Desktop/couchbase-lite-tests/.venv/bin/pytest", line 10, in <module>
    sys.exit(console_main())
  File "/Users/jayant.dhingra/Desktop/couchbase-lite-tests/.venv/lib/python3.13/site-packages/_pytest/config/__init__.py", line 223, in console_main
    code = main()
  File "/Users/jayant.dhingra/Desktop/couchbase-lite-tests/.venv/lib/python3.13/site-packages/_pytest/config/__init__.py", line 199, in main
    ret: ExitCode | int = config.hook.pytest_cmdline_main(config=config)
  File "/Users/jayant.dhingra/Desktop/couchbase-lite-tests/.venv/lib/python3.13/site-packages/pluggy/_hooks.py", line 513, in __call__
    return self._hookexec(self.name, self._hookimpls.copy(), kwargs, firstresult)
  File "/Users/jayant.dhingra/Desktop/couchbase-lite-tests/.venv/lib/python3.13/site-packages/pluggy/_manager.py", line 120, in _hookexec
    return self._inner_hookexec(hook_name, methods, kwargs, firstresult)
  File "/Users/jayant.dhingra/Desktop/couchbase-lite-tests/.venv/lib/python3.13/site-packages/pluggy/_callers.py", line 103, in _multicall
    res = hook_impl.function(*args)
  File "/Users/jayant.dhingra/Desktop/couchbase-lite-tests/.venv/lib/python3.13/site-packages/_pytest/main.py", line 365, in pytest_cmdline_main
    return wrap_session(config, _main)
  File "/Users/jayant.dhingra/Desktop/couchbase-lite-tests/.venv/lib/python3.13/site-packages/_pytest/main.py", line 318, in wrap_session
    session.exitstatus = doit(config, session) or 0
  File "/Users/jayant.dhingra/Desktop/couchbase-lite-tests/.venv/lib/python3.13/site-packages/_pytest/main.py", line 372, in _main
    config.hook.pytest_runtestloop(session=session)
  File "/Users/jayant.dhingra/Desktop/couchbase-lite-tests/.venv/lib/python3.13/site-packages/pluggy/_hooks.py", line 513, in __call__
    return self._hookexec(self.name, self._hookimpls.copy(), kwargs, firstresult)
  File "/Users/jayant.dhingra/Desktop/couchbase-lite-tests/.venv/lib/python3.13/site-packages/pluggy/_manager.py", line 120, in _hookexec
    return self._inner_hookexec(hook_name, methods, kwargs, firstresult)
  File "/Users/jayant.dhingra/Desktop/couchbase-lite-tests/.venv/lib/python3.13/site-packages/pluggy/_callers.py", line 103, in _multicall
    res = hook_impl.function(*args)
  File "/Users/jayant.dhingra/Desktop/couchbase-lite-tests/.venv/lib/python3.13/site-packages/_pytest/main.py", line 396, in pytest_runtestloop
    item.config.hook.pytest_runtest_protocol(item=item, nextitem=nextitem)
  File "/Users/jayant.dhingra/Desktop/couchbase-lite-tests/.venv/lib/python3.13/site-packages/pluggy/_hooks.py", line 513, in __call__
    return self._hookexec(self.name, self._hookimpls.copy(), kwargs, firstresult)
  File "/Users/jayant.dhingra/Desktop/couchbase-lite-tests/.venv/lib/python3.13/site-packages/pluggy/_manager.py", line 120, in _hookexec
    return self._inner_hookexec(hook_name, methods, kwargs, firstresult)
  File "/Users/jayant.dhingra/Desktop/couchbase-lite-tests/.venv/lib/python3.13/site-packages/pluggy/_callers.py", line 103, in _multicall
    res = hook_impl.function(*args)
  File "/Users/jayant.dhingra/Desktop/couchbase-lite-tests/.venv/lib/python3.13/site-packages/_pytest/runner.py", line 118, in pytest_runtest_protocol
    runtestprotocol(item, nextitem=nextitem)
  File "/Users/jayant.dhingra/Desktop/couchbase-lite-tests/.venv/lib/python3.13/site-packages/_pytest/runner.py", line 137, in runtestprotocol
    reports.append(call_and_report(item, "call", log))
  File "/Users/jayant.dhingra/Desktop/couchbase-lite-tests/.venv/lib/python3.13/site-packages/_pytest/runner.py", line 244, in call_and_report
    call = CallInfo.from_call(
  File "/Users/jayant.dhingra/Desktop/couchbase-lite-tests/.venv/lib/python3.13/site-packages/_pytest/runner.py", line 353, in from_call
    result: TResult | None = func()
  File "/Users/jayant.dhingra/Desktop/couchbase-lite-tests/.venv/lib/python3.13/site-packages/_pytest/runner.py", line 245, in <lambda>
    lambda: runtest_hook(item=item, **kwds),
  File "/Users/jayant.dhingra/Desktop/couchbase-lite-tests/.venv/lib/python3.13/site-packages/pluggy/_hooks.py", line 513, in __call__
    return self._hookexec(self.name, self._hookimpls.copy(), kwargs, firstresult)
  File "/Users/jayant.dhingra/Desktop/couchbase-lite-tests/.venv/lib/python3.13/site-packages/pluggy/_manager.py", line 120, in _hookexec
    return self._inner_hookexec(hook_name, methods, kwargs, firstresult)
  File "/Users/jayant.dhingra/Desktop/couchbase-lite-tests/.venv/lib/python3.13/site-packages/pluggy/_callers.py", line 103, in _multicall
    res = hook_impl.function(*args)
  File "/Users/jayant.dhingra/Desktop/couchbase-lite-tests/.venv/lib/python3.13/site-packages/_pytest/runner.py", line 179, in pytest_runtest_call
    item.runtest()
  File "/Users/jayant.dhingra/Desktop/couchbase-lite-tests/.venv/lib/python3.13/site-packages/pytest_asyncio/plugin.py", line 469, in runtest
    super().runtest()
  File "/Users/jayant.dhingra/Desktop/couchbase-lite-tests/.venv/lib/python3.13/site-packages/_pytest/python.py", line 1720, in runtest
    self.ihook.pytest_pyfunc_call(pyfuncitem=self)
  File "/Users/jayant.dhingra/Desktop/couchbase-lite-tests/.venv/lib/python3.13/site-packages/pluggy/_hooks.py", line 513, in __call__
    return self._hookexec(self.name, self._hookimpls.copy(), kwargs, firstresult)
  File "/Users/jayant.dhingra/Desktop/couchbase-lite-tests/.venv/lib/python3.13/site-packages/pluggy/_manager.py", line 120, in _hookexec
    return self._inner_hookexec(hook_name, methods, kwargs, firstresult)
  File "/Users/jayant.dhingra/Desktop/couchbase-lite-tests/.venv/lib/python3.13/site-packages/pluggy/_callers.py", line 103, in _multicall
    res = hook_impl.function(*args)
  File "/Users/jayant.dhingra/Desktop/couchbase-lite-tests/.venv/lib/python3.13/site-packages/_pytest/python.py", line 166, in pytest_pyfunc_call
    result = testfunction(**testargs)
  File "/Users/jayant.dhingra/Desktop/couchbase-lite-tests/.venv/lib/python3.13/site-packages/pytest_asyncio/plugin.py", line 716, in inner
    runner.run(coro, context=context)
  File "/opt/homebrew/Cellar/python@3.13/3.13.7/Frameworks/Python.framework/Versions/3.13/lib/python3.13/asyncio/runners.py", line 118, in run
    return self._loop.run_until_complete(task)
  File "/opt/homebrew/Cellar/python@3.13/3.13.7/Frameworks/Python.framework/Versions/3.13/lib/python3.13/asyncio/base_events.py", line 712, in run_until_complete
    self.run_forever()
  File "/opt/homebrew/Cellar/python@3.13/3.13.7/Frameworks/Python.framework/Versions/3.13/lib/python3.13/asyncio/base_events.py", line 683, in run_forever
    self._run_once()
  File "/opt/homebrew/Cellar/python@3.13/3.13.7/Frameworks/Python.framework/Versions/3.13/lib/python3.13/asyncio/base_events.py", line 2050, in _run_once
    handle._run()
  File "/opt/homebrew/Cellar/python@3.13/3.13.7/Frameworks/Python.framework/Versions/3.13/lib/python3.13/asyncio/events.py", line 89, in _run
    self._context.run(self._callback, *self._args)
  File "/Users/jayant.dhingra/Desktop/couchbase-lite-tests/tests/dev_e2e/test_custom_conflict.py", line 342, in test_custom_conflict_delete
    await self.do_custom_conflict_test(
  File "/Users/jayant.dhingra/Desktop/couchbase-lite-tests/tests/dev_e2e/test_custom_conflict.py", line 37, in do_custom_conflict_test
    dbs = await cblpytest.test_servers[0].create_and_reset_db(["db1"])
  File "/Users/jayant.dhingra/Desktop/couchbase-lite-tests/client/src/cbltest/api/testserver.py", line 92, in create_and_reset_db
    await self.__request_factory.send_request(self.__index, request)
________________ TestCustomConflict.test_custom_conflict_merge _________________
tests/dev_e2e/test_custom_conflict.py:366: in test_custom_conflict_merge
    await self.do_custom_conflict_test(
tests/dev_e2e/test_custom_conflict.py:37: in do_custom_conflict_test
    dbs = await cblpytest.test_servers[0].create_and_reset_db(["db1"])
          ^^^^^^^^^^^^^^^^^^^^^^^^^^^^^^^^^^^^^^^^^^^^^^^^^^^^^^^^^^^^
client/src/cbltest/api/testserver.py:92: in create_and_reset_db
    await self.__request_factory.send_request(self.__index, request)
client/src/cbltest/requests.py:194: in send_request
    ret_val = await transport.send(r, writer.num)
              ^^^^^^^^^^^^^^^^^^^^^^^^^^^^^^^^^^^
client/src/cbltest/requests_transport.py:120: in send
    await ws_conn.send_str(json.dumps(data))
.venv/lib/python3.13/site-packages/aiohttp/web_ws.py:478: in send_str
    await self._writer.send_frame(
.venv/lib/python3.13/site-packages/aiohttp/_websocket/writer.py:78: in send_frame
    raise ClientConnectionResetError("Cannot write to closing transport")
E   aiohttp.client_exceptions.ClientConnectionResetError: Cannot write to closing transport
------------------------------ Captured log setup ------------------------------
INFO     CBL:logging.py:111 🧹 Couchbase Server and Sync Gateway cleanup started
DEBUG    CBL:logging.py:115 🧹 SGW <cbltest.api.syncgateway.SyncGateway object at 0x11378b230>: found databases ['names'], deleting...
DEBUG    CBL:logging.py:115 🧹 CBS <cbltest.api.couchbaseserver.CouchbaseServer object at 0x11378b620>: found buckets ['names'], deleting...
DEBUG    CBL:logging.py:115 🧹 CBS <cbltest.api.couchbaseserver.CouchbaseServer object at 0x11378b620>: waiting for all buckets to be deleted...
INFO     CBL:logging.py:111 🧹 Couchbase Server and Sync Gateway cleanup finished
INFO     CBL:logging.py:111 Starting test: test_custom_conflict_merge
------------------------------ Captured log call -------------------------------
INFO     CBL:logging.py:111 Moving to step 1:
INFO     CBL:logging.py:111 	Reset SG and load `names` dataset
INFO     CBL:logging.py:111 Moving to step 2:
INFO     CBL:logging.py:111 	Reset empty local database
DEBUG    CBL:logging.py:115 Sending (test_custom_conflict_merge) -> 3917af92-025e-4519-be8e-49ffccb813ad v1 POST /reset to http://localhost:5173
ERROR    CBL:testserver.py:92 Failed to send (test_custom_conflict_merge) -> 3917af92-025e-4519-be8e-49ffccb813ad v1 POST /reset to http://localhost:5173 (Cannot write to closing transport)
Stack (most recent call last):
  File "/Users/jayant.dhingra/Desktop/couchbase-lite-tests/.venv/bin/pytest", line 10, in <module>
    sys.exit(console_main())
  File "/Users/jayant.dhingra/Desktop/couchbase-lite-tests/.venv/lib/python3.13/site-packages/_pytest/config/__init__.py", line 223, in console_main
    code = main()
  File "/Users/jayant.dhingra/Desktop/couchbase-lite-tests/.venv/lib/python3.13/site-packages/_pytest/config/__init__.py", line 199, in main
    ret: ExitCode | int = config.hook.pytest_cmdline_main(config=config)
  File "/Users/jayant.dhingra/Desktop/couchbase-lite-tests/.venv/lib/python3.13/site-packages/pluggy/_hooks.py", line 513, in __call__
    return self._hookexec(self.name, self._hookimpls.copy(), kwargs, firstresult)
  File "/Users/jayant.dhingra/Desktop/couchbase-lite-tests/.venv/lib/python3.13/site-packages/pluggy/_manager.py", line 120, in _hookexec
    return self._inner_hookexec(hook_name, methods, kwargs, firstresult)
  File "/Users/jayant.dhingra/Desktop/couchbase-lite-tests/.venv/lib/python3.13/site-packages/pluggy/_callers.py", line 103, in _multicall
    res = hook_impl.function(*args)
  File "/Users/jayant.dhingra/Desktop/couchbase-lite-tests/.venv/lib/python3.13/site-packages/_pytest/main.py", line 365, in pytest_cmdline_main
    return wrap_session(config, _main)
  File "/Users/jayant.dhingra/Desktop/couchbase-lite-tests/.venv/lib/python3.13/site-packages/_pytest/main.py", line 318, in wrap_session
    session.exitstatus = doit(config, session) or 0
  File "/Users/jayant.dhingra/Desktop/couchbase-lite-tests/.venv/lib/python3.13/site-packages/_pytest/main.py", line 372, in _main
    config.hook.pytest_runtestloop(session=session)
  File "/Users/jayant.dhingra/Desktop/couchbase-lite-tests/.venv/lib/python3.13/site-packages/pluggy/_hooks.py", line 513, in __call__
    return self._hookexec(self.name, self._hookimpls.copy(), kwargs, firstresult)
  File "/Users/jayant.dhingra/Desktop/couchbase-lite-tests/.venv/lib/python3.13/site-packages/pluggy/_manager.py", line 120, in _hookexec
    return self._inner_hookexec(hook_name, methods, kwargs, firstresult)
  File "/Users/jayant.dhingra/Desktop/couchbase-lite-tests/.venv/lib/python3.13/site-packages/pluggy/_callers.py", line 103, in _multicall
    res = hook_impl.function(*args)
  File "/Users/jayant.dhingra/Desktop/couchbase-lite-tests/.venv/lib/python3.13/site-packages/_pytest/main.py", line 396, in pytest_runtestloop
    item.config.hook.pytest_runtest_protocol(item=item, nextitem=nextitem)
  File "/Users/jayant.dhingra/Desktop/couchbase-lite-tests/.venv/lib/python3.13/site-packages/pluggy/_hooks.py", line 513, in __call__
    return self._hookexec(self.name, self._hookimpls.copy(), kwargs, firstresult)
  File "/Users/jayant.dhingra/Desktop/couchbase-lite-tests/.venv/lib/python3.13/site-packages/pluggy/_manager.py", line 120, in _hookexec
    return self._inner_hookexec(hook_name, methods, kwargs, firstresult)
  File "/Users/jayant.dhingra/Desktop/couchbase-lite-tests/.venv/lib/python3.13/site-packages/pluggy/_callers.py", line 103, in _multicall
    res = hook_impl.function(*args)
  File "/Users/jayant.dhingra/Desktop/couchbase-lite-tests/.venv/lib/python3.13/site-packages/_pytest/runner.py", line 118, in pytest_runtest_protocol
    runtestprotocol(item, nextitem=nextitem)
  File "/Users/jayant.dhingra/Desktop/couchbase-lite-tests/.venv/lib/python3.13/site-packages/_pytest/runner.py", line 137, in runtestprotocol
    reports.append(call_and_report(item, "call", log))
  File "/Users/jayant.dhingra/Desktop/couchbase-lite-tests/.venv/lib/python3.13/site-packages/_pytest/runner.py", line 244, in call_and_report
    call = CallInfo.from_call(
  File "/Users/jayant.dhingra/Desktop/couchbase-lite-tests/.venv/lib/python3.13/site-packages/_pytest/runner.py", line 353, in from_call
    result: TResult | None = func()
  File "/Users/jayant.dhingra/Desktop/couchbase-lite-tests/.venv/lib/python3.13/site-packages/_pytest/runner.py", line 245, in <lambda>
    lambda: runtest_hook(item=item, **kwds),
  File "/Users/jayant.dhingra/Desktop/couchbase-lite-tests/.venv/lib/python3.13/site-packages/pluggy/_hooks.py", line 513, in __call__
    return self._hookexec(self.name, self._hookimpls.copy(), kwargs, firstresult)
  File "/Users/jayant.dhingra/Desktop/couchbase-lite-tests/.venv/lib/python3.13/site-packages/pluggy/_manager.py", line 120, in _hookexec
    return self._inner_hookexec(hook_name, methods, kwargs, firstresult)
  File "/Users/jayant.dhingra/Desktop/couchbase-lite-tests/.venv/lib/python3.13/site-packages/pluggy/_callers.py", line 103, in _multicall
    res = hook_impl.function(*args)
  File "/Users/jayant.dhingra/Desktop/couchbase-lite-tests/.venv/lib/python3.13/site-packages/_pytest/runner.py", line 179, in pytest_runtest_call
    item.runtest()
  File "/Users/jayant.dhingra/Desktop/couchbase-lite-tests/.venv/lib/python3.13/site-packages/pytest_asyncio/plugin.py", line 469, in runtest
    super().runtest()
  File "/Users/jayant.dhingra/Desktop/couchbase-lite-tests/.venv/lib/python3.13/site-packages/_pytest/python.py", line 1720, in runtest
    self.ihook.pytest_pyfunc_call(pyfuncitem=self)
  File "/Users/jayant.dhingra/Desktop/couchbase-lite-tests/.venv/lib/python3.13/site-packages/pluggy/_hooks.py", line 513, in __call__
    return self._hookexec(self.name, self._hookimpls.copy(), kwargs, firstresult)
  File "/Users/jayant.dhingra/Desktop/couchbase-lite-tests/.venv/lib/python3.13/site-packages/pluggy/_manager.py", line 120, in _hookexec
    return self._inner_hookexec(hook_name, methods, kwargs, firstresult)
  File "/Users/jayant.dhingra/Desktop/couchbase-lite-tests/.venv/lib/python3.13/site-packages/pluggy/_callers.py", line 103, in _multicall
    res = hook_impl.function(*args)
  File "/Users/jayant.dhingra/Desktop/couchbase-lite-tests/.venv/lib/python3.13/site-packages/_pytest/python.py", line 166, in pytest_pyfunc_call
    result = testfunction(**testargs)
  File "/Users/jayant.dhingra/Desktop/couchbase-lite-tests/.venv/lib/python3.13/site-packages/pytest_asyncio/plugin.py", line 716, in inner
    runner.run(coro, context=context)
  File "/opt/homebrew/Cellar/python@3.13/3.13.7/Frameworks/Python.framework/Versions/3.13/lib/python3.13/asyncio/runners.py", line 118, in run
    return self._loop.run_until_complete(task)
  File "/opt/homebrew/Cellar/python@3.13/3.13.7/Frameworks/Python.framework/Versions/3.13/lib/python3.13/asyncio/base_events.py", line 712, in run_until_complete
    self.run_forever()
  File "/opt/homebrew/Cellar/python@3.13/3.13.7/Frameworks/Python.framework/Versions/3.13/lib/python3.13/asyncio/base_events.py", line 683, in run_forever
    self._run_once()
  File "/opt/homebrew/Cellar/python@3.13/3.13.7/Frameworks/Python.framework/Versions/3.13/lib/python3.13/asyncio/base_events.py", line 2050, in _run_once
    handle._run()
  File "/opt/homebrew/Cellar/python@3.13/3.13.7/Frameworks/Python.framework/Versions/3.13/lib/python3.13/asyncio/events.py", line 89, in _run
    self._context.run(self._callback, *self._args)
  File "/Users/jayant.dhingra/Desktop/couchbase-lite-tests/tests/dev_e2e/test_custom_conflict.py", line 366, in test_custom_conflict_merge
    await self.do_custom_conflict_test(
  File "/Users/jayant.dhingra/Desktop/couchbase-lite-tests/tests/dev_e2e/test_custom_conflict.py", line 37, in do_custom_conflict_test
    dbs = await cblpytest.test_servers[0].create_and_reset_db(["db1"])
  File "/Users/jayant.dhingra/Desktop/couchbase-lite-tests/client/src/cbltest/api/testserver.py", line 92, in create_and_reset_db
    await self.__request_factory.send_request(self.__index, request)
____________ TestEdgeServerCbl.test_js_push_to_edge_server_over_ws _____________
tests/dev_e2e/test_edge_server_cbl.py:25: in test_js_push_to_edge_server_over_ws
    dbs = await cblpytest.test_servers[0].create_and_reset_db(["db1"])
          ^^^^^^^^^^^^^^^^^^^^^^^^^^^^^^^^^^^^^^^^^^^^^^^^^^^^^^^^^^^^
client/src/cbltest/api/testserver.py:92: in create_and_reset_db
    await self.__request_factory.send_request(self.__index, request)
client/src/cbltest/requests.py:194: in send_request
    ret_val = await transport.send(r, writer.num)
              ^^^^^^^^^^^^^^^^^^^^^^^^^^^^^^^^^^^
client/src/cbltest/requests_transport.py:120: in send
    await ws_conn.send_str(json.dumps(data))
.venv/lib/python3.13/site-packages/aiohttp/web_ws.py:478: in send_str
    await self._writer.send_frame(
.venv/lib/python3.13/site-packages/aiohttp/_websocket/writer.py:78: in send_frame
    raise ClientConnectionResetError("Cannot write to closing transport")
E   aiohttp.client_exceptions.ClientConnectionResetError: Cannot write to closing transport
------------------------------ Captured log setup ------------------------------
INFO     CBL:logging.py:111 🧹 Couchbase Server and Sync Gateway cleanup started
DEBUG    CBL:logging.py:115 🧹 SGW <cbltest.api.syncgateway.SyncGateway object at 0x11378b230>: found databases ['names'], deleting...
DEBUG    CBL:logging.py:115 🧹 CBS <cbltest.api.couchbaseserver.CouchbaseServer object at 0x11378b620>: found buckets ['names'], deleting...
DEBUG    CBL:logging.py:115 🧹 CBS <cbltest.api.couchbaseserver.CouchbaseServer object at 0x11378b620>: waiting for all buckets to be deleted...
INFO     CBL:logging.py:111 🧹 Couchbase Server and Sync Gateway cleanup finished
INFO     CBL:logging.py:111 Starting test: test_js_push_to_edge_server_over_ws
------------------------------ Captured log call -------------------------------
INFO     CBL:logging.py:111 Moving to step 1:
INFO     CBL:logging.py:111 	Start HTTP Edge Server with an empty `db`
INFO     CBL:logging.py:111 Moving to step 2:
INFO     CBL:logging.py:111 	Reset local database
DEBUG    CBL:logging.py:115 Sending (test_js_push_to_edge_server_over_ws) -> 3917af92-025e-4519-be8e-49ffccb813ad v1 POST /reset to http://localhost:5173
ERROR    CBL:testserver.py:92 Failed to send (test_js_push_to_edge_server_over_ws) -> 3917af92-025e-4519-be8e-49ffccb813ad v1 POST /reset to http://localhost:5173 (Cannot write to closing transport)
Stack (most recent call last):
  File "/Users/jayant.dhingra/Desktop/couchbase-lite-tests/.venv/bin/pytest", line 10, in <module>
    sys.exit(console_main())
  File "/Users/jayant.dhingra/Desktop/couchbase-lite-tests/.venv/lib/python3.13/site-packages/_pytest/config/__init__.py", line 223, in console_main
    code = main()
  File "/Users/jayant.dhingra/Desktop/couchbase-lite-tests/.venv/lib/python3.13/site-packages/_pytest/config/__init__.py", line 199, in main
    ret: ExitCode | int = config.hook.pytest_cmdline_main(config=config)
  File "/Users/jayant.dhingra/Desktop/couchbase-lite-tests/.venv/lib/python3.13/site-packages/pluggy/_hooks.py", line 513, in __call__
    return self._hookexec(self.name, self._hookimpls.copy(), kwargs, firstresult)
  File "/Users/jayant.dhingra/Desktop/couchbase-lite-tests/.venv/lib/python3.13/site-packages/pluggy/_manager.py", line 120, in _hookexec
    return self._inner_hookexec(hook_name, methods, kwargs, firstresult)
  File "/Users/jayant.dhingra/Desktop/couchbase-lite-tests/.venv/lib/python3.13/site-packages/pluggy/_callers.py", line 103, in _multicall
    res = hook_impl.function(*args)
  File "/Users/jayant.dhingra/Desktop/couchbase-lite-tests/.venv/lib/python3.13/site-packages/_pytest/main.py", line 365, in pytest_cmdline_main
    return wrap_session(config, _main)
  File "/Users/jayant.dhingra/Desktop/couchbase-lite-tests/.venv/lib/python3.13/site-packages/_pytest/main.py", line 318, in wrap_session
    session.exitstatus = doit(config, session) or 0
  File "/Users/jayant.dhingra/Desktop/couchbase-lite-tests/.venv/lib/python3.13/site-packages/_pytest/main.py", line 372, in _main
    config.hook.pytest_runtestloop(session=session)
  File "/Users/jayant.dhingra/Desktop/couchbase-lite-tests/.venv/lib/python3.13/site-packages/pluggy/_hooks.py", line 513, in __call__
    return self._hookexec(self.name, self._hookimpls.copy(), kwargs, firstresult)
  File "/Users/jayant.dhingra/Desktop/couchbase-lite-tests/.venv/lib/python3.13/site-packages/pluggy/_manager.py", line 120, in _hookexec
    return self._inner_hookexec(hook_name, methods, kwargs, firstresult)
  File "/Users/jayant.dhingra/Desktop/couchbase-lite-tests/.venv/lib/python3.13/site-packages/pluggy/_callers.py", line 103, in _multicall
    res = hook_impl.function(*args)
  File "/Users/jayant.dhingra/Desktop/couchbase-lite-tests/.venv/lib/python3.13/site-packages/_pytest/main.py", line 396, in pytest_runtestloop
    item.config.hook.pytest_runtest_protocol(item=item, nextitem=nextitem)
  File "/Users/jayant.dhingra/Desktop/couchbase-lite-tests/.venv/lib/python3.13/site-packages/pluggy/_hooks.py", line 513, in __call__
    return self._hookexec(self.name, self._hookimpls.copy(), kwargs, firstresult)
  File "/Users/jayant.dhingra/Desktop/couchbase-lite-tests/.venv/lib/python3.13/site-packages/pluggy/_manager.py", line 120, in _hookexec
    return self._inner_hookexec(hook_name, methods, kwargs, firstresult)
  File "/Users/jayant.dhingra/Desktop/couchbase-lite-tests/.venv/lib/python3.13/site-packages/pluggy/_callers.py", line 103, in _multicall
    res = hook_impl.function(*args)
  File "/Users/jayant.dhingra/Desktop/couchbase-lite-tests/.venv/lib/python3.13/site-packages/_pytest/runner.py", line 118, in pytest_runtest_protocol
    runtestprotocol(item, nextitem=nextitem)
  File "/Users/jayant.dhingra/Desktop/couchbase-lite-tests/.venv/lib/python3.13/site-packages/_pytest/runner.py", line 137, in runtestprotocol
    reports.append(call_and_report(item, "call", log))
  File "/Users/jayant.dhingra/Desktop/couchbase-lite-tests/.venv/lib/python3.13/site-packages/_pytest/runner.py", line 244, in call_and_report
    call = CallInfo.from_call(
  File "/Users/jayant.dhingra/Desktop/couchbase-lite-tests/.venv/lib/python3.13/site-packages/_pytest/runner.py", line 353, in from_call
    result: TResult | None = func()
  File "/Users/jayant.dhingra/Desktop/couchbase-lite-tests/.venv/lib/python3.13/site-packages/_pytest/runner.py", line 245, in <lambda>
    lambda: runtest_hook(item=item, **kwds),
  File "/Users/jayant.dhingra/Desktop/couchbase-lite-tests/.venv/lib/python3.13/site-packages/pluggy/_hooks.py", line 513, in __call__
    return self._hookexec(self.name, self._hookimpls.copy(), kwargs, firstresult)
  File "/Users/jayant.dhingra/Desktop/couchbase-lite-tests/.venv/lib/python3.13/site-packages/pluggy/_manager.py", line 120, in _hookexec
    return self._inner_hookexec(hook_name, methods, kwargs, firstresult)
  File "/Users/jayant.dhingra/Desktop/couchbase-lite-tests/.venv/lib/python3.13/site-packages/pluggy/_callers.py", line 103, in _multicall
    res = hook_impl.function(*args)
  File "/Users/jayant.dhingra/Desktop/couchbase-lite-tests/.venv/lib/python3.13/site-packages/_pytest/runner.py", line 179, in pytest_runtest_call
    item.runtest()
  File "/Users/jayant.dhingra/Desktop/couchbase-lite-tests/.venv/lib/python3.13/site-packages/pytest_asyncio/plugin.py", line 469, in runtest
    super().runtest()
  File "/Users/jayant.dhingra/Desktop/couchbase-lite-tests/.venv/lib/python3.13/site-packages/_pytest/python.py", line 1720, in runtest
    self.ihook.pytest_pyfunc_call(pyfuncitem=self)
  File "/Users/jayant.dhingra/Desktop/couchbase-lite-tests/.venv/lib/python3.13/site-packages/pluggy/_hooks.py", line 513, in __call__
    return self._hookexec(self.name, self._hookimpls.copy(), kwargs, firstresult)
  File "/Users/jayant.dhingra/Desktop/couchbase-lite-tests/.venv/lib/python3.13/site-packages/pluggy/_manager.py", line 120, in _hookexec
    return self._inner_hookexec(hook_name, methods, kwargs, firstresult)
  File "/Users/jayant.dhingra/Desktop/couchbase-lite-tests/.venv/lib/python3.13/site-packages/pluggy/_callers.py", line 103, in _multicall
    res = hook_impl.function(*args)
  File "/Users/jayant.dhingra/Desktop/couchbase-lite-tests/.venv/lib/python3.13/site-packages/_pytest/python.py", line 166, in pytest_pyfunc_call
    result = testfunction(**testargs)
  File "/Users/jayant.dhingra/Desktop/couchbase-lite-tests/.venv/lib/python3.13/site-packages/pytest_asyncio/plugin.py", line 716, in inner
    runner.run(coro, context=context)
  File "/opt/homebrew/Cellar/python@3.13/3.13.7/Frameworks/Python.framework/Versions/3.13/lib/python3.13/asyncio/runners.py", line 118, in run
    return self._loop.run_until_complete(task)
  File "/opt/homebrew/Cellar/python@3.13/3.13.7/Frameworks/Python.framework/Versions/3.13/lib/python3.13/asyncio/base_events.py", line 712, in run_until_complete
    self.run_forever()
  File "/opt/homebrew/Cellar/python@3.13/3.13.7/Frameworks/Python.framework/Versions/3.13/lib/python3.13/asyncio/base_events.py", line 683, in run_forever
    self._run_once()
  File "/opt/homebrew/Cellar/python@3.13/3.13.7/Frameworks/Python.framework/Versions/3.13/lib/python3.13/asyncio/base_events.py", line 2050, in _run_once
    handle._run()
  File "/opt/homebrew/Cellar/python@3.13/3.13.7/Frameworks/Python.framework/Versions/3.13/lib/python3.13/asyncio/events.py", line 89, in _run
    self._context.run(self._callback, *self._args)
  File "/Users/jayant.dhingra/Desktop/couchbase-lite-tests/tests/dev_e2e/test_edge_server_cbl.py", line 25, in test_js_push_to_edge_server_over_ws
    dbs = await cblpytest.test_servers[0].create_and_reset_db(["db1"])
  File "/Users/jayant.dhingra/Desktop/couchbase-lite-tests/client/src/cbltest/api/testserver.py", line 92, in create_and_reset_db
    await self.__request_factory.send_request(self.__index, request)
__________________________ TestFest.test_create_tasks __________________________
tests/dev_e2e/test_fest.py:113: in test_create_tasks
    db1, db2 = await self.setup_test_fest_dbs(cblpytest)
               ^^^^^^^^^^^^^^^^^^^^^^^^^^^^^^^^^^^^^^^^^
tests/dev_e2e/test_fest.py:47: in setup_test_fest_dbs
    return await cblpytest.test_servers[0].create_and_reset_db(["db1", "db2"], dataset="todo")
           ^^^^^^^^^^^^^^^^^^^^^^^^^^^^^^^^^^^^^^^^^^^^^^^^^^^^^^^^^^^^^^^^^^^^^^^^^^^^^^^^^^^
client/src/cbltest/api/testserver.py:92: in create_and_reset_db
    await self.__request_factory.send_request(self.__index, request)
client/src/cbltest/requests.py:194: in send_request
    ret_val = await transport.send(r, writer.num)
              ^^^^^^^^^^^^^^^^^^^^^^^^^^^^^^^^^^^
client/src/cbltest/requests_transport.py:120: in send
    await ws_conn.send_str(json.dumps(data))
.venv/lib/python3.13/site-packages/aiohttp/web_ws.py:478: in send_str
    await self._writer.send_frame(
.venv/lib/python3.13/site-packages/aiohttp/_websocket/writer.py:78: in send_frame
    raise ClientConnectionResetError("Cannot write to closing transport")
E   aiohttp.client_exceptions.ClientConnectionResetError: Cannot write to closing transport
------------------------------ Captured log setup ------------------------------
INFO     CBL:logging.py:111 🧹 Couchbase Server and Sync Gateway cleanup started
DEBUG    CBL:logging.py:115 🧹 SGW <cbltest.api.syncgateway.SyncGateway object at 0x11378b230>: found databases [], deleting...
DEBUG    CBL:logging.py:115 🧹 CBS <cbltest.api.couchbaseserver.CouchbaseServer object at 0x11378b620>: no buckets to delete
INFO     CBL:logging.py:111 🧹 Couchbase Server and Sync Gateway cleanup finished
INFO     CBL:logging.py:111 Starting test: test_create_tasks
------------------------------ Captured log call -------------------------------
INFO     CBL:logging.py:111 Moving to step 1:
INFO     CBL:logging.py:111 	Reset SG and load todo dataset
INFO     CBL:logging.py:111 Moving to step 2:
INFO     CBL:logging.py:111 	Assign roles 'lists.user1.db1-list1.contributor, lists.user1.db2-list1.contributor' to the user 'user1'
INFO     CBL:logging.py:111 Moving to step 3:
INFO     CBL:logging.py:111 	Reset local databases load them with the todo dataset
DEBUG    CBL:logging.py:115 Sending (test_create_tasks) -> 3917af92-025e-4519-be8e-49ffccb813ad v1 POST /reset to http://localhost:5173
ERROR    CBL:testserver.py:92 Failed to send (test_create_tasks) -> 3917af92-025e-4519-be8e-49ffccb813ad v1 POST /reset to http://localhost:5173 (Cannot write to closing transport)
Stack (most recent call last):
  File "/Users/jayant.dhingra/Desktop/couchbase-lite-tests/.venv/bin/pytest", line 10, in <module>
    sys.exit(console_main())
  File "/Users/jayant.dhingra/Desktop/couchbase-lite-tests/.venv/lib/python3.13/site-packages/_pytest/config/__init__.py", line 223, in console_main
    code = main()
  File "/Users/jayant.dhingra/Desktop/couchbase-lite-tests/.venv/lib/python3.13/site-packages/_pytest/config/__init__.py", line 199, in main
    ret: ExitCode | int = config.hook.pytest_cmdline_main(config=config)
  File "/Users/jayant.dhingra/Desktop/couchbase-lite-tests/.venv/lib/python3.13/site-packages/pluggy/_hooks.py", line 513, in __call__
    return self._hookexec(self.name, self._hookimpls.copy(), kwargs, firstresult)
  File "/Users/jayant.dhingra/Desktop/couchbase-lite-tests/.venv/lib/python3.13/site-packages/pluggy/_manager.py", line 120, in _hookexec
    return self._inner_hookexec(hook_name, methods, kwargs, firstresult)
  File "/Users/jayant.dhingra/Desktop/couchbase-lite-tests/.venv/lib/python3.13/site-packages/pluggy/_callers.py", line 103, in _multicall
    res = hook_impl.function(*args)
  File "/Users/jayant.dhingra/Desktop/couchbase-lite-tests/.venv/lib/python3.13/site-packages/_pytest/main.py", line 365, in pytest_cmdline_main
    return wrap_session(config, _main)
  File "/Users/jayant.dhingra/Desktop/couchbase-lite-tests/.venv/lib/python3.13/site-packages/_pytest/main.py", line 318, in wrap_session
    session.exitstatus = doit(config, session) or 0
  File "/Users/jayant.dhingra/Desktop/couchbase-lite-tests/.venv/lib/python3.13/site-packages/_pytest/main.py", line 372, in _main
    config.hook.pytest_runtestloop(session=session)
  File "/Users/jayant.dhingra/Desktop/couchbase-lite-tests/.venv/lib/python3.13/site-packages/pluggy/_hooks.py", line 513, in __call__
    return self._hookexec(self.name, self._hookimpls.copy(), kwargs, firstresult)
  File "/Users/jayant.dhingra/Desktop/couchbase-lite-tests/.venv/lib/python3.13/site-packages/pluggy/_manager.py", line 120, in _hookexec
    return self._inner_hookexec(hook_name, methods, kwargs, firstresult)
  File "/Users/jayant.dhingra/Desktop/couchbase-lite-tests/.venv/lib/python3.13/site-packages/pluggy/_callers.py", line 103, in _multicall
    res = hook_impl.function(*args)
  File "/Users/jayant.dhingra/Desktop/couchbase-lite-tests/.venv/lib/python3.13/site-packages/_pytest/main.py", line 396, in pytest_runtestloop
    item.config.hook.pytest_runtest_protocol(item=item, nextitem=nextitem)
  File "/Users/jayant.dhingra/Desktop/couchbase-lite-tests/.venv/lib/python3.13/site-packages/pluggy/_hooks.py", line 513, in __call__
    return self._hookexec(self.name, self._hookimpls.copy(), kwargs, firstresult)
  File "/Users/jayant.dhingra/Desktop/couchbase-lite-tests/.venv/lib/python3.13/site-packages/pluggy/_manager.py", line 120, in _hookexec
    return self._inner_hookexec(hook_name, methods, kwargs, firstresult)
  File "/Users/jayant.dhingra/Desktop/couchbase-lite-tests/.venv/lib/python3.13/site-packages/pluggy/_callers.py", line 103, in _multicall
    res = hook_impl.function(*args)
  File "/Users/jayant.dhingra/Desktop/couchbase-lite-tests/.venv/lib/python3.13/site-packages/_pytest/runner.py", line 118, in pytest_runtest_protocol
    runtestprotocol(item, nextitem=nextitem)
  File "/Users/jayant.dhingra/Desktop/couchbase-lite-tests/.venv/lib/python3.13/site-packages/_pytest/runner.py", line 137, in runtestprotocol
    reports.append(call_and_report(item, "call", log))
  File "/Users/jayant.dhingra/Desktop/couchbase-lite-tests/.venv/lib/python3.13/site-packages/_pytest/runner.py", line 244, in call_and_report
    call = CallInfo.from_call(
  File "/Users/jayant.dhingra/Desktop/couchbase-lite-tests/.venv/lib/python3.13/site-packages/_pytest/runner.py", line 353, in from_call
    result: TResult | None = func()
  File "/Users/jayant.dhingra/Desktop/couchbase-lite-tests/.venv/lib/python3.13/site-packages/_pytest/runner.py", line 245, in <lambda>
    lambda: runtest_hook(item=item, **kwds),
  File "/Users/jayant.dhingra/Desktop/couchbase-lite-tests/.venv/lib/python3.13/site-packages/pluggy/_hooks.py", line 513, in __call__
    return self._hookexec(self.name, self._hookimpls.copy(), kwargs, firstresult)
  File "/Users/jayant.dhingra/Desktop/couchbase-lite-tests/.venv/lib/python3.13/site-packages/pluggy/_manager.py", line 120, in _hookexec
    return self._inner_hookexec(hook_name, methods, kwargs, firstresult)
  File "/Users/jayant.dhingra/Desktop/couchbase-lite-tests/.venv/lib/python3.13/site-packages/pluggy/_callers.py", line 103, in _multicall
    res = hook_impl.function(*args)
  File "/Users/jayant.dhingra/Desktop/couchbase-lite-tests/.venv/lib/python3.13/site-packages/_pytest/runner.py", line 179, in pytest_runtest_call
    item.runtest()
  File "/Users/jayant.dhingra/Desktop/couchbase-lite-tests/.venv/lib/python3.13/site-packages/pytest_asyncio/plugin.py", line 469, in runtest
    super().runtest()
  File "/Users/jayant.dhingra/Desktop/couchbase-lite-tests/.venv/lib/python3.13/site-packages/_pytest/python.py", line 1720, in runtest
    self.ihook.pytest_pyfunc_call(pyfuncitem=self)
  File "/Users/jayant.dhingra/Desktop/couchbase-lite-tests/.venv/lib/python3.13/site-packages/pluggy/_hooks.py", line 513, in __call__
    return self._hookexec(self.name, self._hookimpls.copy(), kwargs, firstresult)
  File "/Users/jayant.dhingra/Desktop/couchbase-lite-tests/.venv/lib/python3.13/site-packages/pluggy/_manager.py", line 120, in _hookexec
    return self._inner_hookexec(hook_name, methods, kwargs, firstresult)
  File "/Users/jayant.dhingra/Desktop/couchbase-lite-tests/.venv/lib/python3.13/site-packages/pluggy/_callers.py", line 103, in _multicall
    res = hook_impl.function(*args)
  File "/Users/jayant.dhingra/Desktop/couchbase-lite-tests/.venv/lib/python3.13/site-packages/_pytest/python.py", line 166, in pytest_pyfunc_call
    result = testfunction(**testargs)
  File "/Users/jayant.dhingra/Desktop/couchbase-lite-tests/.venv/lib/python3.13/site-packages/pytest_asyncio/plugin.py", line 716, in inner
    runner.run(coro, context=context)
  File "/opt/homebrew/Cellar/python@3.13/3.13.7/Frameworks/Python.framework/Versions/3.13/lib/python3.13/asyncio/runners.py", line 118, in run
    return self._loop.run_until_complete(task)
  File "/opt/homebrew/Cellar/python@3.13/3.13.7/Frameworks/Python.framework/Versions/3.13/lib/python3.13/asyncio/base_events.py", line 712, in run_until_complete
    self.run_forever()
  File "/opt/homebrew/Cellar/python@3.13/3.13.7/Frameworks/Python.framework/Versions/3.13/lib/python3.13/asyncio/base_events.py", line 683, in run_forever
    self._run_once()
  File "/opt/homebrew/Cellar/python@3.13/3.13.7/Frameworks/Python.framework/Versions/3.13/lib/python3.13/asyncio/base_events.py", line 2050, in _run_once
    handle._run()
  File "/opt/homebrew/Cellar/python@3.13/3.13.7/Frameworks/Python.framework/Versions/3.13/lib/python3.13/asyncio/events.py", line 89, in _run
    self._context.run(self._callback, *self._args)
  File "/Users/jayant.dhingra/Desktop/couchbase-lite-tests/tests/dev_e2e/test_fest.py", line 113, in test_create_tasks
    db1, db2 = await self.setup_test_fest_dbs(cblpytest)
  File "/Users/jayant.dhingra/Desktop/couchbase-lite-tests/tests/dev_e2e/test_fest.py", line 47, in setup_test_fest_dbs
    return await cblpytest.test_servers[0].create_and_reset_db(["db1", "db2"], dataset="todo")
  File "/Users/jayant.dhingra/Desktop/couchbase-lite-tests/client/src/cbltest/api/testserver.py", line 92, in create_and_reset_db
    await self.__request_factory.send_request(self.__index, request)
__________________________ TestFest.test_update_task ___________________________
tests/dev_e2e/test_fest.py:246: in test_update_task
    db1, db2 = await self.setup_test_fest_dbs(cblpytest)
               ^^^^^^^^^^^^^^^^^^^^^^^^^^^^^^^^^^^^^^^^^
tests/dev_e2e/test_fest.py:47: in setup_test_fest_dbs
    return await cblpytest.test_servers[0].create_and_reset_db(["db1", "db2"], dataset="todo")
           ^^^^^^^^^^^^^^^^^^^^^^^^^^^^^^^^^^^^^^^^^^^^^^^^^^^^^^^^^^^^^^^^^^^^^^^^^^^^^^^^^^^
client/src/cbltest/api/testserver.py:92: in create_and_reset_db
    await self.__request_factory.send_request(self.__index, request)
client/src/cbltest/requests.py:194: in send_request
    ret_val = await transport.send(r, writer.num)
              ^^^^^^^^^^^^^^^^^^^^^^^^^^^^^^^^^^^
client/src/cbltest/requests_transport.py:120: in send
    await ws_conn.send_str(json.dumps(data))
.venv/lib/python3.13/site-packages/aiohttp/web_ws.py:478: in send_str
    await self._writer.send_frame(
.venv/lib/python3.13/site-packages/aiohttp/_websocket/writer.py:78: in send_frame
    raise ClientConnectionResetError("Cannot write to closing transport")
E   aiohttp.client_exceptions.ClientConnectionResetError: Cannot write to closing transport
------------------------------ Captured log setup ------------------------------
INFO     CBL:logging.py:111 🧹 Couchbase Server and Sync Gateway cleanup started
DEBUG    CBL:logging.py:115 🧹 SGW <cbltest.api.syncgateway.SyncGateway object at 0x11378b230>: found databases ['todo'], deleting...
DEBUG    CBL:logging.py:115 🧹 CBS <cbltest.api.couchbaseserver.CouchbaseServer object at 0x11378b620>: found buckets ['todo'], deleting...
DEBUG    CBL:logging.py:115 🧹 CBS <cbltest.api.couchbaseserver.CouchbaseServer object at 0x11378b620>: waiting for all buckets to be deleted...
INFO     CBL:logging.py:111 🧹 Couchbase Server and Sync Gateway cleanup finished
INFO     CBL:logging.py:111 Starting test: test_update_task
------------------------------ Captured log call -------------------------------
INFO     CBL:logging.py:111 Moving to step 1:
INFO     CBL:logging.py:111 	Reset SG and load todo dataset
INFO     CBL:logging.py:111 Moving to step 2:
INFO     CBL:logging.py:111 	Assign roles 'lists.user1.db1-list1.contributor' to the user 'user1'
INFO     CBL:logging.py:111 Moving to step 3:
INFO     CBL:logging.py:111 	Reset local databases load them with the todo dataset
DEBUG    CBL:logging.py:115 Sending (test_update_task) -> 3917af92-025e-4519-be8e-49ffccb813ad v1 POST /reset to http://localhost:5173
ERROR    CBL:testserver.py:92 Failed to send (test_update_task) -> 3917af92-025e-4519-be8e-49ffccb813ad v1 POST /reset to http://localhost:5173 (Cannot write to closing transport)
Stack (most recent call last):
  File "/Users/jayant.dhingra/Desktop/couchbase-lite-tests/.venv/bin/pytest", line 10, in <module>
    sys.exit(console_main())
  File "/Users/jayant.dhingra/Desktop/couchbase-lite-tests/.venv/lib/python3.13/site-packages/_pytest/config/__init__.py", line 223, in console_main
    code = main()
  File "/Users/jayant.dhingra/Desktop/couchbase-lite-tests/.venv/lib/python3.13/site-packages/_pytest/config/__init__.py", line 199, in main
    ret: ExitCode | int = config.hook.pytest_cmdline_main(config=config)
  File "/Users/jayant.dhingra/Desktop/couchbase-lite-tests/.venv/lib/python3.13/site-packages/pluggy/_hooks.py", line 513, in __call__
    return self._hookexec(self.name, self._hookimpls.copy(), kwargs, firstresult)
  File "/Users/jayant.dhingra/Desktop/couchbase-lite-tests/.venv/lib/python3.13/site-packages/pluggy/_manager.py", line 120, in _hookexec
    return self._inner_hookexec(hook_name, methods, kwargs, firstresult)
  File "/Users/jayant.dhingra/Desktop/couchbase-lite-tests/.venv/lib/python3.13/site-packages/pluggy/_callers.py", line 103, in _multicall
    res = hook_impl.function(*args)
  File "/Users/jayant.dhingra/Desktop/couchbase-lite-tests/.venv/lib/python3.13/site-packages/_pytest/main.py", line 365, in pytest_cmdline_main
    return wrap_session(config, _main)
  File "/Users/jayant.dhingra/Desktop/couchbase-lite-tests/.venv/lib/python3.13/site-packages/_pytest/main.py", line 318, in wrap_session
    session.exitstatus = doit(config, session) or 0
  File "/Users/jayant.dhingra/Desktop/couchbase-lite-tests/.venv/lib/python3.13/site-packages/_pytest/main.py", line 372, in _main
    config.hook.pytest_runtestloop(session=session)
  File "/Users/jayant.dhingra/Desktop/couchbase-lite-tests/.venv/lib/python3.13/site-packages/pluggy/_hooks.py", line 513, in __call__
    return self._hookexec(self.name, self._hookimpls.copy(), kwargs, firstresult)
  File "/Users/jayant.dhingra/Desktop/couchbase-lite-tests/.venv/lib/python3.13/site-packages/pluggy/_manager.py", line 120, in _hookexec
    return self._inner_hookexec(hook_name, methods, kwargs, firstresult)
  File "/Users/jayant.dhingra/Desktop/couchbase-lite-tests/.venv/lib/python3.13/site-packages/pluggy/_callers.py", line 103, in _multicall
    res = hook_impl.function(*args)
  File "/Users/jayant.dhingra/Desktop/couchbase-lite-tests/.venv/lib/python3.13/site-packages/_pytest/main.py", line 396, in pytest_runtestloop
    item.config.hook.pytest_runtest_protocol(item=item, nextitem=nextitem)
  File "/Users/jayant.dhingra/Desktop/couchbase-lite-tests/.venv/lib/python3.13/site-packages/pluggy/_hooks.py", line 513, in __call__
    return self._hookexec(self.name, self._hookimpls.copy(), kwargs, firstresult)
  File "/Users/jayant.dhingra/Desktop/couchbase-lite-tests/.venv/lib/python3.13/site-packages/pluggy/_manager.py", line 120, in _hookexec
    return self._inner_hookexec(hook_name, methods, kwargs, firstresult)
  File "/Users/jayant.dhingra/Desktop/couchbase-lite-tests/.venv/lib/python3.13/site-packages/pluggy/_callers.py", line 103, in _multicall
    res = hook_impl.function(*args)
  File "/Users/jayant.dhingra/Desktop/couchbase-lite-tests/.venv/lib/python3.13/site-packages/_pytest/runner.py", line 118, in pytest_runtest_protocol
    runtestprotocol(item, nextitem=nextitem)
  File "/Users/jayant.dhingra/Desktop/couchbase-lite-tests/.venv/lib/python3.13/site-packages/_pytest/runner.py", line 137, in runtestprotocol
    reports.append(call_and_report(item, "call", log))
  File "/Users/jayant.dhingra/Desktop/couchbase-lite-tests/.venv/lib/python3.13/site-packages/_pytest/runner.py", line 244, in call_and_report
    call = CallInfo.from_call(
  File "/Users/jayant.dhingra/Desktop/couchbase-lite-tests/.venv/lib/python3.13/site-packages/_pytest/runner.py", line 353, in from_call
    result: TResult | None = func()
  File "/Users/jayant.dhingra/Desktop/couchbase-lite-tests/.venv/lib/python3.13/site-packages/_pytest/runner.py", line 245, in <lambda>
    lambda: runtest_hook(item=item, **kwds),
  File "/Users/jayant.dhingra/Desktop/couchbase-lite-tests/.venv/lib/python3.13/site-packages/pluggy/_hooks.py", line 513, in __call__
    return self._hookexec(self.name, self._hookimpls.copy(), kwargs, firstresult)
  File "/Users/jayant.dhingra/Desktop/couchbase-lite-tests/.venv/lib/python3.13/site-packages/pluggy/_manager.py", line 120, in _hookexec
    return self._inner_hookexec(hook_name, methods, kwargs, firstresult)
  File "/Users/jayant.dhingra/Desktop/couchbase-lite-tests/.venv/lib/python3.13/site-packages/pluggy/_callers.py", line 103, in _multicall
    res = hook_impl.function(*args)
  File "/Users/jayant.dhingra/Desktop/couchbase-lite-tests/.venv/lib/python3.13/site-packages/_pytest/runner.py", line 179, in pytest_runtest_call
    item.runtest()
  File "/Users/jayant.dhingra/Desktop/couchbase-lite-tests/.venv/lib/python3.13/site-packages/pytest_asyncio/plugin.py", line 469, in runtest
    super().runtest()
  File "/Users/jayant.dhingra/Desktop/couchbase-lite-tests/.venv/lib/python3.13/site-packages/_pytest/python.py", line 1720, in runtest
    self.ihook.pytest_pyfunc_call(pyfuncitem=self)
  File "/Users/jayant.dhingra/Desktop/couchbase-lite-tests/.venv/lib/python3.13/site-packages/pluggy/_hooks.py", line 513, in __call__
    return self._hookexec(self.name, self._hookimpls.copy(), kwargs, firstresult)
  File "/Users/jayant.dhingra/Desktop/couchbase-lite-tests/.venv/lib/python3.13/site-packages/pluggy/_manager.py", line 120, in _hookexec
    return self._inner_hookexec(hook_name, methods, kwargs, firstresult)
  File "/Users/jayant.dhingra/Desktop/couchbase-lite-tests/.venv/lib/python3.13/site-packages/pluggy/_callers.py", line 103, in _multicall
    res = hook_impl.function(*args)
  File "/Users/jayant.dhingra/Desktop/couchbase-lite-tests/.venv/lib/python3.13/site-packages/_pytest/python.py", line 166, in pytest_pyfunc_call
    result = testfunction(**testargs)
  File "/Users/jayant.dhingra/Desktop/couchbase-lite-tests/.venv/lib/python3.13/site-packages/pytest_asyncio/plugin.py", line 716, in inner
    runner.run(coro, context=context)
  File "/opt/homebrew/Cellar/python@3.13/3.13.7/Frameworks/Python.framework/Versions/3.13/lib/python3.13/asyncio/runners.py", line 118, in run
    return self._loop.run_until_complete(task)
  File "/opt/homebrew/Cellar/python@3.13/3.13.7/Frameworks/Python.framework/Versions/3.13/lib/python3.13/asyncio/base_events.py", line 712, in run_until_complete
    self.run_forever()
  File "/opt/homebrew/Cellar/python@3.13/3.13.7/Frameworks/Python.framework/Versions/3.13/lib/python3.13/asyncio/base_events.py", line 683, in run_forever
    self._run_once()
  File "/opt/homebrew/Cellar/python@3.13/3.13.7/Frameworks/Python.framework/Versions/3.13/lib/python3.13/asyncio/base_events.py", line 2050, in _run_once
    handle._run()
  File "/opt/homebrew/Cellar/python@3.13/3.13.7/Frameworks/Python.framework/Versions/3.13/lib/python3.13/asyncio/events.py", line 89, in _run
    self._context.run(self._callback, *self._args)
  File "/Users/jayant.dhingra/Desktop/couchbase-lite-tests/tests/dev_e2e/test_fest.py", line 246, in test_update_task
    db1, db2 = await self.setup_test_fest_dbs(cblpytest)
  File "/Users/jayant.dhingra/Desktop/couchbase-lite-tests/tests/dev_e2e/test_fest.py", line 47, in setup_test_fest_dbs
    return await cblpytest.test_servers[0].create_and_reset_db(["db1", "db2"], dataset="todo")
  File "/Users/jayant.dhingra/Desktop/couchbase-lite-tests/client/src/cbltest/api/testserver.py", line 92, in create_and_reset_db
    await self.__request_factory.send_request(self.__index, request)
__________________________ TestFest.test_delete_task ___________________________
tests/dev_e2e/test_fest.py:390: in test_delete_task
    db1, db2 = await self.setup_test_fest_dbs(cblpytest)
               ^^^^^^^^^^^^^^^^^^^^^^^^^^^^^^^^^^^^^^^^^
tests/dev_e2e/test_fest.py:47: in setup_test_fest_dbs
    return await cblpytest.test_servers[0].create_and_reset_db(["db1", "db2"], dataset="todo")
           ^^^^^^^^^^^^^^^^^^^^^^^^^^^^^^^^^^^^^^^^^^^^^^^^^^^^^^^^^^^^^^^^^^^^^^^^^^^^^^^^^^^
client/src/cbltest/api/testserver.py:92: in create_and_reset_db
    await self.__request_factory.send_request(self.__index, request)
client/src/cbltest/requests.py:194: in send_request
    ret_val = await transport.send(r, writer.num)
              ^^^^^^^^^^^^^^^^^^^^^^^^^^^^^^^^^^^
client/src/cbltest/requests_transport.py:120: in send
    await ws_conn.send_str(json.dumps(data))
.venv/lib/python3.13/site-packages/aiohttp/web_ws.py:478: in send_str
    await self._writer.send_frame(
.venv/lib/python3.13/site-packages/aiohttp/_websocket/writer.py:78: in send_frame
    raise ClientConnectionResetError("Cannot write to closing transport")
E   aiohttp.client_exceptions.ClientConnectionResetError: Cannot write to closing transport
------------------------------ Captured log setup ------------------------------
INFO     CBL:logging.py:111 🧹 Couchbase Server and Sync Gateway cleanup started
DEBUG    CBL:logging.py:115 🧹 SGW <cbltest.api.syncgateway.SyncGateway object at 0x11378b230>: found databases ['todo'], deleting...
DEBUG    CBL:logging.py:115 🧹 CBS <cbltest.api.couchbaseserver.CouchbaseServer object at 0x11378b620>: found buckets ['todo'], deleting...
DEBUG    CBL:logging.py:115 🧹 CBS <cbltest.api.couchbaseserver.CouchbaseServer object at 0x11378b620>: waiting for all buckets to be deleted...
INFO     CBL:logging.py:111 🧹 Couchbase Server and Sync Gateway cleanup finished
INFO     CBL:logging.py:111 Starting test: test_delete_task
------------------------------ Captured log call -------------------------------
INFO     CBL:logging.py:111 Moving to step 1:
INFO     CBL:logging.py:111 	Reset SG and load todo dataset
INFO     CBL:logging.py:111 Moving to step 2:
INFO     CBL:logging.py:111 	Assign roles 'lists.user1.db1-list1.contributor' to the user 'user1'
INFO     CBL:logging.py:111 Moving to step 3:
INFO     CBL:logging.py:111 	Reset local databases load them with the todo dataset
DEBUG    CBL:logging.py:115 Sending (test_delete_task) -> 3917af92-025e-4519-be8e-49ffccb813ad v1 POST /reset to http://localhost:5173
ERROR    CBL:testserver.py:92 Failed to send (test_delete_task) -> 3917af92-025e-4519-be8e-49ffccb813ad v1 POST /reset to http://localhost:5173 (Cannot write to closing transport)
Stack (most recent call last):
  File "/Users/jayant.dhingra/Desktop/couchbase-lite-tests/.venv/bin/pytest", line 10, in <module>
    sys.exit(console_main())
  File "/Users/jayant.dhingra/Desktop/couchbase-lite-tests/.venv/lib/python3.13/site-packages/_pytest/config/__init__.py", line 223, in console_main
    code = main()
  File "/Users/jayant.dhingra/Desktop/couchbase-lite-tests/.venv/lib/python3.13/site-packages/_pytest/config/__init__.py", line 199, in main
    ret: ExitCode | int = config.hook.pytest_cmdline_main(config=config)
  File "/Users/jayant.dhingra/Desktop/couchbase-lite-tests/.venv/lib/python3.13/site-packages/pluggy/_hooks.py", line 513, in __call__
    return self._hookexec(self.name, self._hookimpls.copy(), kwargs, firstresult)
  File "/Users/jayant.dhingra/Desktop/couchbase-lite-tests/.venv/lib/python3.13/site-packages/pluggy/_manager.py", line 120, in _hookexec
    return self._inner_hookexec(hook_name, methods, kwargs, firstresult)
  File "/Users/jayant.dhingra/Desktop/couchbase-lite-tests/.venv/lib/python3.13/site-packages/pluggy/_callers.py", line 103, in _multicall
    res = hook_impl.function(*args)
  File "/Users/jayant.dhingra/Desktop/couchbase-lite-tests/.venv/lib/python3.13/site-packages/_pytest/main.py", line 365, in pytest_cmdline_main
    return wrap_session(config, _main)
  File "/Users/jayant.dhingra/Desktop/couchbase-lite-tests/.venv/lib/python3.13/site-packages/_pytest/main.py", line 318, in wrap_session
    session.exitstatus = doit(config, session) or 0
  File "/Users/jayant.dhingra/Desktop/couchbase-lite-tests/.venv/lib/python3.13/site-packages/_pytest/main.py", line 372, in _main
    config.hook.pytest_runtestloop(session=session)
  File "/Users/jayant.dhingra/Desktop/couchbase-lite-tests/.venv/lib/python3.13/site-packages/pluggy/_hooks.py", line 513, in __call__
    return self._hookexec(self.name, self._hookimpls.copy(), kwargs, firstresult)
  File "/Users/jayant.dhingra/Desktop/couchbase-lite-tests/.venv/lib/python3.13/site-packages/pluggy/_manager.py", line 120, in _hookexec
    return self._inner_hookexec(hook_name, methods, kwargs, firstresult)
  File "/Users/jayant.dhingra/Desktop/couchbase-lite-tests/.venv/lib/python3.13/site-packages/pluggy/_callers.py", line 103, in _multicall
    res = hook_impl.function(*args)
  File "/Users/jayant.dhingra/Desktop/couchbase-lite-tests/.venv/lib/python3.13/site-packages/_pytest/main.py", line 396, in pytest_runtestloop
    item.config.hook.pytest_runtest_protocol(item=item, nextitem=nextitem)
  File "/Users/jayant.dhingra/Desktop/couchbase-lite-tests/.venv/lib/python3.13/site-packages/pluggy/_hooks.py", line 513, in __call__
    return self._hookexec(self.name, self._hookimpls.copy(), kwargs, firstresult)
  File "/Users/jayant.dhingra/Desktop/couchbase-lite-tests/.venv/lib/python3.13/site-packages/pluggy/_manager.py", line 120, in _hookexec
    return self._inner_hookexec(hook_name, methods, kwargs, firstresult)
  File "/Users/jayant.dhingra/Desktop/couchbase-lite-tests/.venv/lib/python3.13/site-packages/pluggy/_callers.py", line 103, in _multicall
    res = hook_impl.function(*args)
  File "/Users/jayant.dhingra/Desktop/couchbase-lite-tests/.venv/lib/python3.13/site-packages/_pytest/runner.py", line 118, in pytest_runtest_protocol
    runtestprotocol(item, nextitem=nextitem)
  File "/Users/jayant.dhingra/Desktop/couchbase-lite-tests/.venv/lib/python3.13/site-packages/_pytest/runner.py", line 137, in runtestprotocol
    reports.append(call_and_report(item, "call", log))
  File "/Users/jayant.dhingra/Desktop/couchbase-lite-tests/.venv/lib/python3.13/site-packages/_pytest/runner.py", line 244, in call_and_report
    call = CallInfo.from_call(
  File "/Users/jayant.dhingra/Desktop/couchbase-lite-tests/.venv/lib/python3.13/site-packages/_pytest/runner.py", line 353, in from_call
    result: TResult | None = func()
  File "/Users/jayant.dhingra/Desktop/couchbase-lite-tests/.venv/lib/python3.13/site-packages/_pytest/runner.py", line 245, in <lambda>
    lambda: runtest_hook(item=item, **kwds),
  File "/Users/jayant.dhingra/Desktop/couchbase-lite-tests/.venv/lib/python3.13/site-packages/pluggy/_hooks.py", line 513, in __call__
    return self._hookexec(self.name, self._hookimpls.copy(), kwargs, firstresult)
  File "/Users/jayant.dhingra/Desktop/couchbase-lite-tests/.venv/lib/python3.13/site-packages/pluggy/_manager.py", line 120, in _hookexec
    return self._inner_hookexec(hook_name, methods, kwargs, firstresult)
  File "/Users/jayant.dhingra/Desktop/couchbase-lite-tests/.venv/lib/python3.13/site-packages/pluggy/_callers.py", line 103, in _multicall
    res = hook_impl.function(*args)
  File "/Users/jayant.dhingra/Desktop/couchbase-lite-tests/.venv/lib/python3.13/site-packages/_pytest/runner.py", line 179, in pytest_runtest_call
    item.runtest()
  File "/Users/jayant.dhingra/Desktop/couchbase-lite-tests/.venv/lib/python3.13/site-packages/pytest_asyncio/plugin.py", line 469, in runtest
    super().runtest()
  File "/Users/jayant.dhingra/Desktop/couchbase-lite-tests/.venv/lib/python3.13/site-packages/_pytest/python.py", line 1720, in runtest
    self.ihook.pytest_pyfunc_call(pyfuncitem=self)
  File "/Users/jayant.dhingra/Desktop/couchbase-lite-tests/.venv/lib/python3.13/site-packages/pluggy/_hooks.py", line 513, in __call__
    return self._hookexec(self.name, self._hookimpls.copy(), kwargs, firstresult)
  File "/Users/jayant.dhingra/Desktop/couchbase-lite-tests/.venv/lib/python3.13/site-packages/pluggy/_manager.py", line 120, in _hookexec
    return self._inner_hookexec(hook_name, methods, kwargs, firstresult)
  File "/Users/jayant.dhingra/Desktop/couchbase-lite-tests/.venv/lib/python3.13/site-packages/pluggy/_callers.py", line 103, in _multicall
    res = hook_impl.function(*args)
  File "/Users/jayant.dhingra/Desktop/couchbase-lite-tests/.venv/lib/python3.13/site-packages/_pytest/python.py", line 166, in pytest_pyfunc_call
    result = testfunction(**testargs)
  File "/Users/jayant.dhingra/Desktop/couchbase-lite-tests/.venv/lib/python3.13/site-packages/pytest_asyncio/plugin.py", line 716, in inner
    runner.run(coro, context=context)
  File "/opt/homebrew/Cellar/python@3.13/3.13.7/Frameworks/Python.framework/Versions/3.13/lib/python3.13/asyncio/runners.py", line 118, in run
    return self._loop.run_until_complete(task)
  File "/opt/homebrew/Cellar/python@3.13/3.13.7/Frameworks/Python.framework/Versions/3.13/lib/python3.13/asyncio/base_events.py", line 712, in run_until_complete
    self.run_forever()
  File "/opt/homebrew/Cellar/python@3.13/3.13.7/Frameworks/Python.framework/Versions/3.13/lib/python3.13/asyncio/base_events.py", line 683, in run_forever
    self._run_once()
  File "/opt/homebrew/Cellar/python@3.13/3.13.7/Frameworks/Python.framework/Versions/3.13/lib/python3.13/asyncio/base_events.py", line 2050, in _run_once
    handle._run()
  File "/opt/homebrew/Cellar/python@3.13/3.13.7/Frameworks/Python.framework/Versions/3.13/lib/python3.13/asyncio/events.py", line 89, in _run
    self._context.run(self._callback, *self._args)
  File "/Users/jayant.dhingra/Desktop/couchbase-lite-tests/tests/dev_e2e/test_fest.py", line 390, in test_delete_task
    db1, db2 = await self.setup_test_fest_dbs(cblpytest)
  File "/Users/jayant.dhingra/Desktop/couchbase-lite-tests/tests/dev_e2e/test_fest.py", line 47, in setup_test_fest_dbs
    return await cblpytest.test_servers[0].create_and_reset_db(["db1", "db2"], dataset="todo")
  File "/Users/jayant.dhingra/Desktop/couchbase-lite-tests/client/src/cbltest/api/testserver.py", line 92, in create_and_reset_db
    await self.__request_factory.send_request(self.__index, request)
__________________________ TestFest.test_delete_list ___________________________
tests/dev_e2e/test_fest.py:500: in test_delete_list
    db1, db2 = await self.setup_test_fest_dbs(cblpytest)
               ^^^^^^^^^^^^^^^^^^^^^^^^^^^^^^^^^^^^^^^^^
tests/dev_e2e/test_fest.py:47: in setup_test_fest_dbs
    return await cblpytest.test_servers[0].create_and_reset_db(["db1", "db2"], dataset="todo")
           ^^^^^^^^^^^^^^^^^^^^^^^^^^^^^^^^^^^^^^^^^^^^^^^^^^^^^^^^^^^^^^^^^^^^^^^^^^^^^^^^^^^
client/src/cbltest/api/testserver.py:92: in create_and_reset_db
    await self.__request_factory.send_request(self.__index, request)
client/src/cbltest/requests.py:194: in send_request
    ret_val = await transport.send(r, writer.num)
              ^^^^^^^^^^^^^^^^^^^^^^^^^^^^^^^^^^^
client/src/cbltest/requests_transport.py:120: in send
    await ws_conn.send_str(json.dumps(data))
.venv/lib/python3.13/site-packages/aiohttp/web_ws.py:478: in send_str
    await self._writer.send_frame(
.venv/lib/python3.13/site-packages/aiohttp/_websocket/writer.py:78: in send_frame
    raise ClientConnectionResetError("Cannot write to closing transport")
E   aiohttp.client_exceptions.ClientConnectionResetError: Cannot write to closing transport
------------------------------ Captured log setup ------------------------------
INFO     CBL:logging.py:111 🧹 Couchbase Server and Sync Gateway cleanup started
DEBUG    CBL:logging.py:115 🧹 SGW <cbltest.api.syncgateway.SyncGateway object at 0x11378b230>: found databases ['todo'], deleting...
DEBUG    CBL:logging.py:115 🧹 CBS <cbltest.api.couchbaseserver.CouchbaseServer object at 0x11378b620>: found buckets ['todo'], deleting...
DEBUG    CBL:logging.py:115 🧹 CBS <cbltest.api.couchbaseserver.CouchbaseServer object at 0x11378b620>: waiting for all buckets to be deleted...
INFO     CBL:logging.py:111 🧹 Couchbase Server and Sync Gateway cleanup finished
INFO     CBL:logging.py:111 Starting test: test_delete_list
------------------------------ Captured log call -------------------------------
INFO     CBL:logging.py:111 Moving to step 1:
INFO     CBL:logging.py:111 	Reset SG and load todo dataset
INFO     CBL:logging.py:111 Moving to step 2:
INFO     CBL:logging.py:111 	Assign roles 'lists.user1.db1-list1.contributor' to the user 'user1'
INFO     CBL:logging.py:111 Moving to step 3:
INFO     CBL:logging.py:111 	Reset local databases load them with the todo dataset
DEBUG    CBL:logging.py:115 Sending (test_delete_list) -> 3917af92-025e-4519-be8e-49ffccb813ad v1 POST /reset to http://localhost:5173
ERROR    CBL:testserver.py:92 Failed to send (test_delete_list) -> 3917af92-025e-4519-be8e-49ffccb813ad v1 POST /reset to http://localhost:5173 (Cannot write to closing transport)
Stack (most recent call last):
  File "/Users/jayant.dhingra/Desktop/couchbase-lite-tests/.venv/bin/pytest", line 10, in <module>
    sys.exit(console_main())
  File "/Users/jayant.dhingra/Desktop/couchbase-lite-tests/.venv/lib/python3.13/site-packages/_pytest/config/__init__.py", line 223, in console_main
    code = main()
  File "/Users/jayant.dhingra/Desktop/couchbase-lite-tests/.venv/lib/python3.13/site-packages/_pytest/config/__init__.py", line 199, in main
    ret: ExitCode | int = config.hook.pytest_cmdline_main(config=config)
  File "/Users/jayant.dhingra/Desktop/couchbase-lite-tests/.venv/lib/python3.13/site-packages/pluggy/_hooks.py", line 513, in __call__
    return self._hookexec(self.name, self._hookimpls.copy(), kwargs, firstresult)
  File "/Users/jayant.dhingra/Desktop/couchbase-lite-tests/.venv/lib/python3.13/site-packages/pluggy/_manager.py", line 120, in _hookexec
    return self._inner_hookexec(hook_name, methods, kwargs, firstresult)
  File "/Users/jayant.dhingra/Desktop/couchbase-lite-tests/.venv/lib/python3.13/site-packages/pluggy/_callers.py", line 103, in _multicall
    res = hook_impl.function(*args)
  File "/Users/jayant.dhingra/Desktop/couchbase-lite-tests/.venv/lib/python3.13/site-packages/_pytest/main.py", line 365, in pytest_cmdline_main
    return wrap_session(config, _main)
  File "/Users/jayant.dhingra/Desktop/couchbase-lite-tests/.venv/lib/python3.13/site-packages/_pytest/main.py", line 318, in wrap_session
    session.exitstatus = doit(config, session) or 0
  File "/Users/jayant.dhingra/Desktop/couchbase-lite-tests/.venv/lib/python3.13/site-packages/_pytest/main.py", line 372, in _main
    config.hook.pytest_runtestloop(session=session)
  File "/Users/jayant.dhingra/Desktop/couchbase-lite-tests/.venv/lib/python3.13/site-packages/pluggy/_hooks.py", line 513, in __call__
    return self._hookexec(self.name, self._hookimpls.copy(), kwargs, firstresult)
  File "/Users/jayant.dhingra/Desktop/couchbase-lite-tests/.venv/lib/python3.13/site-packages/pluggy/_manager.py", line 120, in _hookexec
    return self._inner_hookexec(hook_name, methods, kwargs, firstresult)
  File "/Users/jayant.dhingra/Desktop/couchbase-lite-tests/.venv/lib/python3.13/site-packages/pluggy/_callers.py", line 103, in _multicall
    res = hook_impl.function(*args)
  File "/Users/jayant.dhingra/Desktop/couchbase-lite-tests/.venv/lib/python3.13/site-packages/_pytest/main.py", line 396, in pytest_runtestloop
    item.config.hook.pytest_runtest_protocol(item=item, nextitem=nextitem)
  File "/Users/jayant.dhingra/Desktop/couchbase-lite-tests/.venv/lib/python3.13/site-packages/pluggy/_hooks.py", line 513, in __call__
    return self._hookexec(self.name, self._hookimpls.copy(), kwargs, firstresult)
  File "/Users/jayant.dhingra/Desktop/couchbase-lite-tests/.venv/lib/python3.13/site-packages/pluggy/_manager.py", line 120, in _hookexec
    return self._inner_hookexec(hook_name, methods, kwargs, firstresult)
  File "/Users/jayant.dhingra/Desktop/couchbase-lite-tests/.venv/lib/python3.13/site-packages/pluggy/_callers.py", line 103, in _multicall
    res = hook_impl.function(*args)
  File "/Users/jayant.dhingra/Desktop/couchbase-lite-tests/.venv/lib/python3.13/site-packages/_pytest/runner.py", line 118, in pytest_runtest_protocol
    runtestprotocol(item, nextitem=nextitem)
  File "/Users/jayant.dhingra/Desktop/couchbase-lite-tests/.venv/lib/python3.13/site-packages/_pytest/runner.py", line 137, in runtestprotocol
    reports.append(call_and_report(item, "call", log))
  File "/Users/jayant.dhingra/Desktop/couchbase-lite-tests/.venv/lib/python3.13/site-packages/_pytest/runner.py", line 244, in call_and_report
    call = CallInfo.from_call(
  File "/Users/jayant.dhingra/Desktop/couchbase-lite-tests/.venv/lib/python3.13/site-packages/_pytest/runner.py", line 353, in from_call
    result: TResult | None = func()
  File "/Users/jayant.dhingra/Desktop/couchbase-lite-tests/.venv/lib/python3.13/site-packages/_pytest/runner.py", line 245, in <lambda>
    lambda: runtest_hook(item=item, **kwds),
  File "/Users/jayant.dhingra/Desktop/couchbase-lite-tests/.venv/lib/python3.13/site-packages/pluggy/_hooks.py", line 513, in __call__
    return self._hookexec(self.name, self._hookimpls.copy(), kwargs, firstresult)
  File "/Users/jayant.dhingra/Desktop/couchbase-lite-tests/.venv/lib/python3.13/site-packages/pluggy/_manager.py", line 120, in _hookexec
    return self._inner_hookexec(hook_name, methods, kwargs, firstresult)
  File "/Users/jayant.dhingra/Desktop/couchbase-lite-tests/.venv/lib/python3.13/site-packages/pluggy/_callers.py", line 103, in _multicall
    res = hook_impl.function(*args)
  File "/Users/jayant.dhingra/Desktop/couchbase-lite-tests/.venv/lib/python3.13/site-packages/_pytest/runner.py", line 179, in pytest_runtest_call
    item.runtest()
  File "/Users/jayant.dhingra/Desktop/couchbase-lite-tests/.venv/lib/python3.13/site-packages/pytest_asyncio/plugin.py", line 469, in runtest
    super().runtest()
  File "/Users/jayant.dhingra/Desktop/couchbase-lite-tests/.venv/lib/python3.13/site-packages/_pytest/python.py", line 1720, in runtest
    self.ihook.pytest_pyfunc_call(pyfuncitem=self)
  File "/Users/jayant.dhingra/Desktop/couchbase-lite-tests/.venv/lib/python3.13/site-packages/pluggy/_hooks.py", line 513, in __call__
    return self._hookexec(self.name, self._hookimpls.copy(), kwargs, firstresult)
  File "/Users/jayant.dhingra/Desktop/couchbase-lite-tests/.venv/lib/python3.13/site-packages/pluggy/_manager.py", line 120, in _hookexec
    return self._inner_hookexec(hook_name, methods, kwargs, firstresult)
  File "/Users/jayant.dhingra/Desktop/couchbase-lite-tests/.venv/lib/python3.13/site-packages/pluggy/_callers.py", line 103, in _multicall
    res = hook_impl.function(*args)
  File "/Users/jayant.dhingra/Desktop/couchbase-lite-tests/.venv/lib/python3.13/site-packages/_pytest/python.py", line 166, in pytest_pyfunc_call
    result = testfunction(**testargs)
  File "/Users/jayant.dhingra/Desktop/couchbase-lite-tests/.venv/lib/python3.13/site-packages/pytest_asyncio/plugin.py", line 716, in inner
    runner.run(coro, context=context)
  File "/opt/homebrew/Cellar/python@3.13/3.13.7/Frameworks/Python.framework/Versions/3.13/lib/python3.13/asyncio/runners.py", line 118, in run
    return self._loop.run_until_complete(task)
  File "/opt/homebrew/Cellar/python@3.13/3.13.7/Frameworks/Python.framework/Versions/3.13/lib/python3.13/asyncio/base_events.py", line 712, in run_until_complete
    self.run_forever()
  File "/opt/homebrew/Cellar/python@3.13/3.13.7/Frameworks/Python.framework/Versions/3.13/lib/python3.13/asyncio/base_events.py", line 683, in run_forever
    self._run_once()
  File "/opt/homebrew/Cellar/python@3.13/3.13.7/Frameworks/Python.framework/Versions/3.13/lib/python3.13/asyncio/base_events.py", line 2050, in _run_once
    handle._run()
  File "/opt/homebrew/Cellar/python@3.13/3.13.7/Frameworks/Python.framework/Versions/3.13/lib/python3.13/asyncio/events.py", line 89, in _run
    self._context.run(self._callback, *self._args)
  File "/Users/jayant.dhingra/Desktop/couchbase-lite-tests/tests/dev_e2e/test_fest.py", line 500, in test_delete_list
    db1, db2 = await self.setup_test_fest_dbs(cblpytest)
  File "/Users/jayant.dhingra/Desktop/couchbase-lite-tests/tests/dev_e2e/test_fest.py", line 47, in setup_test_fest_dbs
    return await cblpytest.test_servers[0].create_and_reset_db(["db1", "db2"], dataset="todo")
  File "/Users/jayant.dhingra/Desktop/couchbase-lite-tests/client/src/cbltest/api/testserver.py", line 92, in create_and_reset_db
    await self.__request_factory.send_request(self.__index, request)
___________________________ TestFest.test_share_list ___________________________
tests/dev_e2e/test_fest.py:772: in test_share_list
    db1, db2 = await self.setup_test_fest_dbs(cblpytest)
               ^^^^^^^^^^^^^^^^^^^^^^^^^^^^^^^^^^^^^^^^^
tests/dev_e2e/test_fest.py:47: in setup_test_fest_dbs
    return await cblpytest.test_servers[0].create_and_reset_db(["db1", "db2"], dataset="todo")
           ^^^^^^^^^^^^^^^^^^^^^^^^^^^^^^^^^^^^^^^^^^^^^^^^^^^^^^^^^^^^^^^^^^^^^^^^^^^^^^^^^^^
client/src/cbltest/api/testserver.py:92: in create_and_reset_db
    await self.__request_factory.send_request(self.__index, request)
client/src/cbltest/requests.py:194: in send_request
    ret_val = await transport.send(r, writer.num)
              ^^^^^^^^^^^^^^^^^^^^^^^^^^^^^^^^^^^
client/src/cbltest/requests_transport.py:120: in send
    await ws_conn.send_str(json.dumps(data))
.venv/lib/python3.13/site-packages/aiohttp/web_ws.py:478: in send_str
    await self._writer.send_frame(
.venv/lib/python3.13/site-packages/aiohttp/_websocket/writer.py:78: in send_frame
    raise ClientConnectionResetError("Cannot write to closing transport")
E   aiohttp.client_exceptions.ClientConnectionResetError: Cannot write to closing transport
------------------------------ Captured log setup ------------------------------
INFO     CBL:logging.py:111 🧹 Couchbase Server and Sync Gateway cleanup started
DEBUG    CBL:logging.py:115 🧹 SGW <cbltest.api.syncgateway.SyncGateway object at 0x11378b230>: found databases ['todo'], deleting...
DEBUG    CBL:logging.py:115 🧹 CBS <cbltest.api.couchbaseserver.CouchbaseServer object at 0x11378b620>: found buckets ['todo'], deleting...
DEBUG    CBL:logging.py:115 🧹 CBS <cbltest.api.couchbaseserver.CouchbaseServer object at 0x11378b620>: waiting for all buckets to be deleted...
INFO     CBL:logging.py:111 🧹 Couchbase Server and Sync Gateway cleanup finished
INFO     CBL:logging.py:111 Starting test: test_share_list
------------------------------ Captured log call -------------------------------
INFO     CBL:logging.py:111 Moving to step 1:
INFO     CBL:logging.py:111 	Reset SG and load todo dataset
INFO     CBL:logging.py:111 Moving to step 2:
INFO     CBL:logging.py:111 	Assign roles 'lists.user1.db1-list1.contributor' to the user 'user1'
INFO     CBL:logging.py:111 Moving to step 3:
INFO     CBL:logging.py:111 	Reset local databases load them with the todo dataset
DEBUG    CBL:logging.py:115 Sending (test_share_list) -> 3917af92-025e-4519-be8e-49ffccb813ad v1 POST /reset to http://localhost:5173
ERROR    CBL:testserver.py:92 Failed to send (test_share_list) -> 3917af92-025e-4519-be8e-49ffccb813ad v1 POST /reset to http://localhost:5173 (Cannot write to closing transport)
Stack (most recent call last):
  File "/Users/jayant.dhingra/Desktop/couchbase-lite-tests/.venv/bin/pytest", line 10, in <module>
    sys.exit(console_main())
  File "/Users/jayant.dhingra/Desktop/couchbase-lite-tests/.venv/lib/python3.13/site-packages/_pytest/config/__init__.py", line 223, in console_main
    code = main()
  File "/Users/jayant.dhingra/Desktop/couchbase-lite-tests/.venv/lib/python3.13/site-packages/_pytest/config/__init__.py", line 199, in main
    ret: ExitCode | int = config.hook.pytest_cmdline_main(config=config)
  File "/Users/jayant.dhingra/Desktop/couchbase-lite-tests/.venv/lib/python3.13/site-packages/pluggy/_hooks.py", line 513, in __call__
    return self._hookexec(self.name, self._hookimpls.copy(), kwargs, firstresult)
  File "/Users/jayant.dhingra/Desktop/couchbase-lite-tests/.venv/lib/python3.13/site-packages/pluggy/_manager.py", line 120, in _hookexec
    return self._inner_hookexec(hook_name, methods, kwargs, firstresult)
  File "/Users/jayant.dhingra/Desktop/couchbase-lite-tests/.venv/lib/python3.13/site-packages/pluggy/_callers.py", line 103, in _multicall
    res = hook_impl.function(*args)
  File "/Users/jayant.dhingra/Desktop/couchbase-lite-tests/.venv/lib/python3.13/site-packages/_pytest/main.py", line 365, in pytest_cmdline_main
    return wrap_session(config, _main)
  File "/Users/jayant.dhingra/Desktop/couchbase-lite-tests/.venv/lib/python3.13/site-packages/_pytest/main.py", line 318, in wrap_session
    session.exitstatus = doit(config, session) or 0
  File "/Users/jayant.dhingra/Desktop/couchbase-lite-tests/.venv/lib/python3.13/site-packages/_pytest/main.py", line 372, in _main
    config.hook.pytest_runtestloop(session=session)
  File "/Users/jayant.dhingra/Desktop/couchbase-lite-tests/.venv/lib/python3.13/site-packages/pluggy/_hooks.py", line 513, in __call__
    return self._hookexec(self.name, self._hookimpls.copy(), kwargs, firstresult)
  File "/Users/jayant.dhingra/Desktop/couchbase-lite-tests/.venv/lib/python3.13/site-packages/pluggy/_manager.py", line 120, in _hookexec
    return self._inner_hookexec(hook_name, methods, kwargs, firstresult)
  File "/Users/jayant.dhingra/Desktop/couchbase-lite-tests/.venv/lib/python3.13/site-packages/pluggy/_callers.py", line 103, in _multicall
    res = hook_impl.function(*args)
  File "/Users/jayant.dhingra/Desktop/couchbase-lite-tests/.venv/lib/python3.13/site-packages/_pytest/main.py", line 396, in pytest_runtestloop
    item.config.hook.pytest_runtest_protocol(item=item, nextitem=nextitem)
  File "/Users/jayant.dhingra/Desktop/couchbase-lite-tests/.venv/lib/python3.13/site-packages/pluggy/_hooks.py", line 513, in __call__
    return self._hookexec(self.name, self._hookimpls.copy(), kwargs, firstresult)
  File "/Users/jayant.dhingra/Desktop/couchbase-lite-tests/.venv/lib/python3.13/site-packages/pluggy/_manager.py", line 120, in _hookexec
    return self._inner_hookexec(hook_name, methods, kwargs, firstresult)
  File "/Users/jayant.dhingra/Desktop/couchbase-lite-tests/.venv/lib/python3.13/site-packages/pluggy/_callers.py", line 103, in _multicall
    res = hook_impl.function(*args)
  File "/Users/jayant.dhingra/Desktop/couchbase-lite-tests/.venv/lib/python3.13/site-packages/_pytest/runner.py", line 118, in pytest_runtest_protocol
    runtestprotocol(item, nextitem=nextitem)
  File "/Users/jayant.dhingra/Desktop/couchbase-lite-tests/.venv/lib/python3.13/site-packages/_pytest/runner.py", line 137, in runtestprotocol
    reports.append(call_and_report(item, "call", log))
  File "/Users/jayant.dhingra/Desktop/couchbase-lite-tests/.venv/lib/python3.13/site-packages/_pytest/runner.py", line 244, in call_and_report
    call = CallInfo.from_call(
  File "/Users/jayant.dhingra/Desktop/couchbase-lite-tests/.venv/lib/python3.13/site-packages/_pytest/runner.py", line 353, in from_call
    result: TResult | None = func()
  File "/Users/jayant.dhingra/Desktop/couchbase-lite-tests/.venv/lib/python3.13/site-packages/_pytest/runner.py", line 245, in <lambda>
    lambda: runtest_hook(item=item, **kwds),
  File "/Users/jayant.dhingra/Desktop/couchbase-lite-tests/.venv/lib/python3.13/site-packages/pluggy/_hooks.py", line 513, in __call__
    return self._hookexec(self.name, self._hookimpls.copy(), kwargs, firstresult)
  File "/Users/jayant.dhingra/Desktop/couchbase-lite-tests/.venv/lib/python3.13/site-packages/pluggy/_manager.py", line 120, in _hookexec
    return self._inner_hookexec(hook_name, methods, kwargs, firstresult)
  File "/Users/jayant.dhingra/Desktop/couchbase-lite-tests/.venv/lib/python3.13/site-packages/pluggy/_callers.py", line 103, in _multicall
    res = hook_impl.function(*args)
  File "/Users/jayant.dhingra/Desktop/couchbase-lite-tests/.venv/lib/python3.13/site-packages/_pytest/runner.py", line 179, in pytest_runtest_call
    item.runtest()
  File "/Users/jayant.dhingra/Desktop/couchbase-lite-tests/.venv/lib/python3.13/site-packages/pytest_asyncio/plugin.py", line 469, in runtest
    super().runtest()
  File "/Users/jayant.dhingra/Desktop/couchbase-lite-tests/.venv/lib/python3.13/site-packages/_pytest/python.py", line 1720, in runtest
    self.ihook.pytest_pyfunc_call(pyfuncitem=self)
  File "/Users/jayant.dhingra/Desktop/couchbase-lite-tests/.venv/lib/python3.13/site-packages/pluggy/_hooks.py", line 513, in __call__
    return self._hookexec(self.name, self._hookimpls.copy(), kwargs, firstresult)
  File "/Users/jayant.dhingra/Desktop/couchbase-lite-tests/.venv/lib/python3.13/site-packages/pluggy/_manager.py", line 120, in _hookexec
    return self._inner_hookexec(hook_name, methods, kwargs, firstresult)
  File "/Users/jayant.dhingra/Desktop/couchbase-lite-tests/.venv/lib/python3.13/site-packages/pluggy/_callers.py", line 103, in _multicall
    res = hook_impl.function(*args)
  File "/Users/jayant.dhingra/Desktop/couchbase-lite-tests/.venv/lib/python3.13/site-packages/_pytest/python.py", line 166, in pytest_pyfunc_call
    result = testfunction(**testargs)
  File "/Users/jayant.dhingra/Desktop/couchbase-lite-tests/.venv/lib/python3.13/site-packages/pytest_asyncio/plugin.py", line 716, in inner
    runner.run(coro, context=context)
  File "/opt/homebrew/Cellar/python@3.13/3.13.7/Frameworks/Python.framework/Versions/3.13/lib/python3.13/asyncio/runners.py", line 118, in run
    return self._loop.run_until_complete(task)
  File "/opt/homebrew/Cellar/python@3.13/3.13.7/Frameworks/Python.framework/Versions/3.13/lib/python3.13/asyncio/base_events.py", line 712, in run_until_complete
    self.run_forever()
  File "/opt/homebrew/Cellar/python@3.13/3.13.7/Frameworks/Python.framework/Versions/3.13/lib/python3.13/asyncio/base_events.py", line 683, in run_forever
    self._run_once()
  File "/opt/homebrew/Cellar/python@3.13/3.13.7/Frameworks/Python.framework/Versions/3.13/lib/python3.13/asyncio/base_events.py", line 2050, in _run_once
    handle._run()
  File "/opt/homebrew/Cellar/python@3.13/3.13.7/Frameworks/Python.framework/Versions/3.13/lib/python3.13/asyncio/events.py", line 89, in _run
    self._context.run(self._callback, *self._args)
  File "/Users/jayant.dhingra/Desktop/couchbase-lite-tests/tests/dev_e2e/test_fest.py", line 772, in test_share_list
    db1, db2 = await self.setup_test_fest_dbs(cblpytest)
  File "/Users/jayant.dhingra/Desktop/couchbase-lite-tests/tests/dev_e2e/test_fest.py", line 47, in setup_test_fest_dbs
    return await cblpytest.test_servers[0].create_and_reset_db(["db1", "db2"], dataset="todo")
  File "/Users/jayant.dhingra/Desktop/couchbase-lite-tests/client/src/cbltest/api/testserver.py", line 92, in create_and_reset_db
    await self.__request_factory.send_request(self.__index, request)
______________________ TestFest.test_update_shared_tasks _______________________
tests/dev_e2e/test_fest.py:912: in test_update_shared_tasks
    db1, db2 = await self.setup_test_fest_dbs(cblpytest)
               ^^^^^^^^^^^^^^^^^^^^^^^^^^^^^^^^^^^^^^^^^
tests/dev_e2e/test_fest.py:47: in setup_test_fest_dbs
    return await cblpytest.test_servers[0].create_and_reset_db(["db1", "db2"], dataset="todo")
           ^^^^^^^^^^^^^^^^^^^^^^^^^^^^^^^^^^^^^^^^^^^^^^^^^^^^^^^^^^^^^^^^^^^^^^^^^^^^^^^^^^^
client/src/cbltest/api/testserver.py:92: in create_and_reset_db
    await self.__request_factory.send_request(self.__index, request)
client/src/cbltest/requests.py:194: in send_request
    ret_val = await transport.send(r, writer.num)
              ^^^^^^^^^^^^^^^^^^^^^^^^^^^^^^^^^^^
client/src/cbltest/requests_transport.py:120: in send
    await ws_conn.send_str(json.dumps(data))
.venv/lib/python3.13/site-packages/aiohttp/web_ws.py:478: in send_str
    await self._writer.send_frame(
.venv/lib/python3.13/site-packages/aiohttp/_websocket/writer.py:78: in send_frame
    raise ClientConnectionResetError("Cannot write to closing transport")
E   aiohttp.client_exceptions.ClientConnectionResetError: Cannot write to closing transport
------------------------------ Captured log setup ------------------------------
INFO     CBL:logging.py:111 🧹 Couchbase Server and Sync Gateway cleanup started
DEBUG    CBL:logging.py:115 🧹 SGW <cbltest.api.syncgateway.SyncGateway object at 0x11378b230>: found databases ['todo'], deleting...
DEBUG    CBL:logging.py:115 🧹 CBS <cbltest.api.couchbaseserver.CouchbaseServer object at 0x11378b620>: found buckets ['todo'], deleting...
DEBUG    CBL:logging.py:115 🧹 CBS <cbltest.api.couchbaseserver.CouchbaseServer object at 0x11378b620>: waiting for all buckets to be deleted...
INFO     CBL:logging.py:111 🧹 Couchbase Server and Sync Gateway cleanup finished
INFO     CBL:logging.py:111 Starting test: test_update_shared_tasks
------------------------------ Captured log call -------------------------------
INFO     CBL:logging.py:111 Moving to step 1:
INFO     CBL:logging.py:111 	Reset SG and load todo dataset
INFO     CBL:logging.py:111 Moving to step 2:
INFO     CBL:logging.py:111 	Assign roles 'lists.user1.db1-list1.contributor' to the user 'user1'
INFO     CBL:logging.py:111 Moving to step 3:
INFO     CBL:logging.py:111 	Reset local databases load them with the todo dataset
DEBUG    CBL:logging.py:115 Sending (test_update_shared_tasks) -> 3917af92-025e-4519-be8e-49ffccb813ad v1 POST /reset to http://localhost:5173
ERROR    CBL:testserver.py:92 Failed to send (test_update_shared_tasks) -> 3917af92-025e-4519-be8e-49ffccb813ad v1 POST /reset to http://localhost:5173 (Cannot write to closing transport)
Stack (most recent call last):
  File "/Users/jayant.dhingra/Desktop/couchbase-lite-tests/.venv/bin/pytest", line 10, in <module>
    sys.exit(console_main())
  File "/Users/jayant.dhingra/Desktop/couchbase-lite-tests/.venv/lib/python3.13/site-packages/_pytest/config/__init__.py", line 223, in console_main
    code = main()
  File "/Users/jayant.dhingra/Desktop/couchbase-lite-tests/.venv/lib/python3.13/site-packages/_pytest/config/__init__.py", line 199, in main
    ret: ExitCode | int = config.hook.pytest_cmdline_main(config=config)
  File "/Users/jayant.dhingra/Desktop/couchbase-lite-tests/.venv/lib/python3.13/site-packages/pluggy/_hooks.py", line 513, in __call__
    return self._hookexec(self.name, self._hookimpls.copy(), kwargs, firstresult)
  File "/Users/jayant.dhingra/Desktop/couchbase-lite-tests/.venv/lib/python3.13/site-packages/pluggy/_manager.py", line 120, in _hookexec
    return self._inner_hookexec(hook_name, methods, kwargs, firstresult)
  File "/Users/jayant.dhingra/Desktop/couchbase-lite-tests/.venv/lib/python3.13/site-packages/pluggy/_callers.py", line 103, in _multicall
    res = hook_impl.function(*args)
  File "/Users/jayant.dhingra/Desktop/couchbase-lite-tests/.venv/lib/python3.13/site-packages/_pytest/main.py", line 365, in pytest_cmdline_main
    return wrap_session(config, _main)
  File "/Users/jayant.dhingra/Desktop/couchbase-lite-tests/.venv/lib/python3.13/site-packages/_pytest/main.py", line 318, in wrap_session
    session.exitstatus = doit(config, session) or 0
  File "/Users/jayant.dhingra/Desktop/couchbase-lite-tests/.venv/lib/python3.13/site-packages/_pytest/main.py", line 372, in _main
    config.hook.pytest_runtestloop(session=session)
  File "/Users/jayant.dhingra/Desktop/couchbase-lite-tests/.venv/lib/python3.13/site-packages/pluggy/_hooks.py", line 513, in __call__
    return self._hookexec(self.name, self._hookimpls.copy(), kwargs, firstresult)
  File "/Users/jayant.dhingra/Desktop/couchbase-lite-tests/.venv/lib/python3.13/site-packages/pluggy/_manager.py", line 120, in _hookexec
    return self._inner_hookexec(hook_name, methods, kwargs, firstresult)
  File "/Users/jayant.dhingra/Desktop/couchbase-lite-tests/.venv/lib/python3.13/site-packages/pluggy/_callers.py", line 103, in _multicall
    res = hook_impl.function(*args)
  File "/Users/jayant.dhingra/Desktop/couchbase-lite-tests/.venv/lib/python3.13/site-packages/_pytest/main.py", line 396, in pytest_runtestloop
    item.config.hook.pytest_runtest_protocol(item=item, nextitem=nextitem)
  File "/Users/jayant.dhingra/Desktop/couchbase-lite-tests/.venv/lib/python3.13/site-packages/pluggy/_hooks.py", line 513, in __call__
    return self._hookexec(self.name, self._hookimpls.copy(), kwargs, firstresult)
  File "/Users/jayant.dhingra/Desktop/couchbase-lite-tests/.venv/lib/python3.13/site-packages/pluggy/_manager.py", line 120, in _hookexec
    return self._inner_hookexec(hook_name, methods, kwargs, firstresult)
  File "/Users/jayant.dhingra/Desktop/couchbase-lite-tests/.venv/lib/python3.13/site-packages/pluggy/_callers.py", line 103, in _multicall
    res = hook_impl.function(*args)
  File "/Users/jayant.dhingra/Desktop/couchbase-lite-tests/.venv/lib/python3.13/site-packages/_pytest/runner.py", line 118, in pytest_runtest_protocol
    runtestprotocol(item, nextitem=nextitem)
  File "/Users/jayant.dhingra/Desktop/couchbase-lite-tests/.venv/lib/python3.13/site-packages/_pytest/runner.py", line 137, in runtestprotocol
    reports.append(call_and_report(item, "call", log))
  File "/Users/jayant.dhingra/Desktop/couchbase-lite-tests/.venv/lib/python3.13/site-packages/_pytest/runner.py", line 244, in call_and_report
    call = CallInfo.from_call(
  File "/Users/jayant.dhingra/Desktop/couchbase-lite-tests/.venv/lib/python3.13/site-packages/_pytest/runner.py", line 353, in from_call
    result: TResult | None = func()
  File "/Users/jayant.dhingra/Desktop/couchbase-lite-tests/.venv/lib/python3.13/site-packages/_pytest/runner.py", line 245, in <lambda>
    lambda: runtest_hook(item=item, **kwds),
  File "/Users/jayant.dhingra/Desktop/couchbase-lite-tests/.venv/lib/python3.13/site-packages/pluggy/_hooks.py", line 513, in __call__
    return self._hookexec(self.name, self._hookimpls.copy(), kwargs, firstresult)
  File "/Users/jayant.dhingra/Desktop/couchbase-lite-tests/.venv/lib/python3.13/site-packages/pluggy/_manager.py", line 120, in _hookexec
    return self._inner_hookexec(hook_name, methods, kwargs, firstresult)
  File "/Users/jayant.dhingra/Desktop/couchbase-lite-tests/.venv/lib/python3.13/site-packages/pluggy/_callers.py", line 103, in _multicall
    res = hook_impl.function(*args)
  File "/Users/jayant.dhingra/Desktop/couchbase-lite-tests/.venv/lib/python3.13/site-packages/_pytest/runner.py", line 179, in pytest_runtest_call
    item.runtest()
  File "/Users/jayant.dhingra/Desktop/couchbase-lite-tests/.venv/lib/python3.13/site-packages/pytest_asyncio/plugin.py", line 469, in runtest
    super().runtest()
  File "/Users/jayant.dhingra/Desktop/couchbase-lite-tests/.venv/lib/python3.13/site-packages/_pytest/python.py", line 1720, in runtest
    self.ihook.pytest_pyfunc_call(pyfuncitem=self)
  File "/Users/jayant.dhingra/Desktop/couchbase-lite-tests/.venv/lib/python3.13/site-packages/pluggy/_hooks.py", line 513, in __call__
    return self._hookexec(self.name, self._hookimpls.copy(), kwargs, firstresult)
  File "/Users/jayant.dhingra/Desktop/couchbase-lite-tests/.venv/lib/python3.13/site-packages/pluggy/_manager.py", line 120, in _hookexec
    return self._inner_hookexec(hook_name, methods, kwargs, firstresult)
  File "/Users/jayant.dhingra/Desktop/couchbase-lite-tests/.venv/lib/python3.13/site-packages/pluggy/_callers.py", line 103, in _multicall
    res = hook_impl.function(*args)
  File "/Users/jayant.dhingra/Desktop/couchbase-lite-tests/.venv/lib/python3.13/site-packages/_pytest/python.py", line 166, in pytest_pyfunc_call
    result = testfunction(**testargs)
  File "/Users/jayant.dhingra/Desktop/couchbase-lite-tests/.venv/lib/python3.13/site-packages/pytest_asyncio/plugin.py", line 716, in inner
    runner.run(coro, context=context)
  File "/opt/homebrew/Cellar/python@3.13/3.13.7/Frameworks/Python.framework/Versions/3.13/lib/python3.13/asyncio/runners.py", line 118, in run
    return self._loop.run_until_complete(task)
  File "/opt/homebrew/Cellar/python@3.13/3.13.7/Frameworks/Python.framework/Versions/3.13/lib/python3.13/asyncio/base_events.py", line 712, in run_until_complete
    self.run_forever()
  File "/opt/homebrew/Cellar/python@3.13/3.13.7/Frameworks/Python.framework/Versions/3.13/lib/python3.13/asyncio/base_events.py", line 683, in run_forever
    self._run_once()
  File "/opt/homebrew/Cellar/python@3.13/3.13.7/Frameworks/Python.framework/Versions/3.13/lib/python3.13/asyncio/base_events.py", line 2050, in _run_once
    handle._run()
  File "/opt/homebrew/Cellar/python@3.13/3.13.7/Frameworks/Python.framework/Versions/3.13/lib/python3.13/asyncio/events.py", line 89, in _run
    self._context.run(self._callback, *self._args)
  File "/Users/jayant.dhingra/Desktop/couchbase-lite-tests/tests/dev_e2e/test_fest.py", line 912, in test_update_shared_tasks
    db1, db2 = await self.setup_test_fest_dbs(cblpytest)
  File "/Users/jayant.dhingra/Desktop/couchbase-lite-tests/tests/dev_e2e/test_fest.py", line 47, in setup_test_fest_dbs
    return await cblpytest.test_servers[0].create_and_reset_db(["db1", "db2"], dataset="todo")
  File "/Users/jayant.dhingra/Desktop/couchbase-lite-tests/client/src/cbltest/api/testserver.py", line 92, in create_and_reset_db
    await self.__request_factory.send_request(self.__index, request)
__________________________ TestFest.test_unshare_list __________________________
tests/dev_e2e/test_fest.py:1101: in test_unshare_list
    db1, db2 = await self.setup_test_fest_dbs(cblpytest)
               ^^^^^^^^^^^^^^^^^^^^^^^^^^^^^^^^^^^^^^^^^
tests/dev_e2e/test_fest.py:47: in setup_test_fest_dbs
    return await cblpytest.test_servers[0].create_and_reset_db(["db1", "db2"], dataset="todo")
           ^^^^^^^^^^^^^^^^^^^^^^^^^^^^^^^^^^^^^^^^^^^^^^^^^^^^^^^^^^^^^^^^^^^^^^^^^^^^^^^^^^^
client/src/cbltest/api/testserver.py:92: in create_and_reset_db
    await self.__request_factory.send_request(self.__index, request)
client/src/cbltest/requests.py:194: in send_request
    ret_val = await transport.send(r, writer.num)
              ^^^^^^^^^^^^^^^^^^^^^^^^^^^^^^^^^^^
client/src/cbltest/requests_transport.py:120: in send
    await ws_conn.send_str(json.dumps(data))
.venv/lib/python3.13/site-packages/aiohttp/web_ws.py:478: in send_str
    await self._writer.send_frame(
.venv/lib/python3.13/site-packages/aiohttp/_websocket/writer.py:78: in send_frame
    raise ClientConnectionResetError("Cannot write to closing transport")
E   aiohttp.client_exceptions.ClientConnectionResetError: Cannot write to closing transport
------------------------------ Captured log setup ------------------------------
INFO     CBL:logging.py:111 🧹 Couchbase Server and Sync Gateway cleanup started
DEBUG    CBL:logging.py:115 🧹 SGW <cbltest.api.syncgateway.SyncGateway object at 0x11378b230>: found databases ['todo'], deleting...
DEBUG    CBL:logging.py:115 🧹 CBS <cbltest.api.couchbaseserver.CouchbaseServer object at 0x11378b620>: found buckets ['todo'], deleting...
DEBUG    CBL:logging.py:115 🧹 CBS <cbltest.api.couchbaseserver.CouchbaseServer object at 0x11378b620>: waiting for all buckets to be deleted...
INFO     CBL:logging.py:111 🧹 Couchbase Server and Sync Gateway cleanup finished
INFO     CBL:logging.py:111 Starting test: test_unshare_list
------------------------------ Captured log call -------------------------------
INFO     CBL:logging.py:111 Moving to step 1:
INFO     CBL:logging.py:111 	Reset SG and load todo dataset
INFO     CBL:logging.py:111 Moving to step 2:
INFO     CBL:logging.py:111 	Assign roles 'lists.user1.db1-list1.contributor' to the user 'user1'
INFO     CBL:logging.py:111 Moving to step 3:
INFO     CBL:logging.py:111 	Reset local databases load them with the todo dataset
DEBUG    CBL:logging.py:115 Sending (test_unshare_list) -> 3917af92-025e-4519-be8e-49ffccb813ad v1 POST /reset to http://localhost:5173
ERROR    CBL:testserver.py:92 Failed to send (test_unshare_list) -> 3917af92-025e-4519-be8e-49ffccb813ad v1 POST /reset to http://localhost:5173 (Cannot write to closing transport)
Stack (most recent call last):
  File "/Users/jayant.dhingra/Desktop/couchbase-lite-tests/.venv/bin/pytest", line 10, in <module>
    sys.exit(console_main())
  File "/Users/jayant.dhingra/Desktop/couchbase-lite-tests/.venv/lib/python3.13/site-packages/_pytest/config/__init__.py", line 223, in console_main
    code = main()
  File "/Users/jayant.dhingra/Desktop/couchbase-lite-tests/.venv/lib/python3.13/site-packages/_pytest/config/__init__.py", line 199, in main
    ret: ExitCode | int = config.hook.pytest_cmdline_main(config=config)
  File "/Users/jayant.dhingra/Desktop/couchbase-lite-tests/.venv/lib/python3.13/site-packages/pluggy/_hooks.py", line 513, in __call__
    return self._hookexec(self.name, self._hookimpls.copy(), kwargs, firstresult)
  File "/Users/jayant.dhingra/Desktop/couchbase-lite-tests/.venv/lib/python3.13/site-packages/pluggy/_manager.py", line 120, in _hookexec
    return self._inner_hookexec(hook_name, methods, kwargs, firstresult)
  File "/Users/jayant.dhingra/Desktop/couchbase-lite-tests/.venv/lib/python3.13/site-packages/pluggy/_callers.py", line 103, in _multicall
    res = hook_impl.function(*args)
  File "/Users/jayant.dhingra/Desktop/couchbase-lite-tests/.venv/lib/python3.13/site-packages/_pytest/main.py", line 365, in pytest_cmdline_main
    return wrap_session(config, _main)
  File "/Users/jayant.dhingra/Desktop/couchbase-lite-tests/.venv/lib/python3.13/site-packages/_pytest/main.py", line 318, in wrap_session
    session.exitstatus = doit(config, session) or 0
  File "/Users/jayant.dhingra/Desktop/couchbase-lite-tests/.venv/lib/python3.13/site-packages/_pytest/main.py", line 372, in _main
    config.hook.pytest_runtestloop(session=session)
  File "/Users/jayant.dhingra/Desktop/couchbase-lite-tests/.venv/lib/python3.13/site-packages/pluggy/_hooks.py", line 513, in __call__
    return self._hookexec(self.name, self._hookimpls.copy(), kwargs, firstresult)
  File "/Users/jayant.dhingra/Desktop/couchbase-lite-tests/.venv/lib/python3.13/site-packages/pluggy/_manager.py", line 120, in _hookexec
    return self._inner_hookexec(hook_name, methods, kwargs, firstresult)
  File "/Users/jayant.dhingra/Desktop/couchbase-lite-tests/.venv/lib/python3.13/site-packages/pluggy/_callers.py", line 103, in _multicall
    res = hook_impl.function(*args)
  File "/Users/jayant.dhingra/Desktop/couchbase-lite-tests/.venv/lib/python3.13/site-packages/_pytest/main.py", line 396, in pytest_runtestloop
    item.config.hook.pytest_runtest_protocol(item=item, nextitem=nextitem)
  File "/Users/jayant.dhingra/Desktop/couchbase-lite-tests/.venv/lib/python3.13/site-packages/pluggy/_hooks.py", line 513, in __call__
    return self._hookexec(self.name, self._hookimpls.copy(), kwargs, firstresult)
  File "/Users/jayant.dhingra/Desktop/couchbase-lite-tests/.venv/lib/python3.13/site-packages/pluggy/_manager.py", line 120, in _hookexec
    return self._inner_hookexec(hook_name, methods, kwargs, firstresult)
  File "/Users/jayant.dhingra/Desktop/couchbase-lite-tests/.venv/lib/python3.13/site-packages/pluggy/_callers.py", line 103, in _multicall
    res = hook_impl.function(*args)
  File "/Users/jayant.dhingra/Desktop/couchbase-lite-tests/.venv/lib/python3.13/site-packages/_pytest/runner.py", line 118, in pytest_runtest_protocol
    runtestprotocol(item, nextitem=nextitem)
  File "/Users/jayant.dhingra/Desktop/couchbase-lite-tests/.venv/lib/python3.13/site-packages/_pytest/runner.py", line 137, in runtestprotocol
    reports.append(call_and_report(item, "call", log))
  File "/Users/jayant.dhingra/Desktop/couchbase-lite-tests/.venv/lib/python3.13/site-packages/_pytest/runner.py", line 244, in call_and_report
    call = CallInfo.from_call(
  File "/Users/jayant.dhingra/Desktop/couchbase-lite-tests/.venv/lib/python3.13/site-packages/_pytest/runner.py", line 353, in from_call
    result: TResult | None = func()
  File "/Users/jayant.dhingra/Desktop/couchbase-lite-tests/.venv/lib/python3.13/site-packages/_pytest/runner.py", line 245, in <lambda>
    lambda: runtest_hook(item=item, **kwds),
  File "/Users/jayant.dhingra/Desktop/couchbase-lite-tests/.venv/lib/python3.13/site-packages/pluggy/_hooks.py", line 513, in __call__
    return self._hookexec(self.name, self._hookimpls.copy(), kwargs, firstresult)
  File "/Users/jayant.dhingra/Desktop/couchbase-lite-tests/.venv/lib/python3.13/site-packages/pluggy/_manager.py", line 120, in _hookexec
    return self._inner_hookexec(hook_name, methods, kwargs, firstresult)
  File "/Users/jayant.dhingra/Desktop/couchbase-lite-tests/.venv/lib/python3.13/site-packages/pluggy/_callers.py", line 103, in _multicall
    res = hook_impl.function(*args)
  File "/Users/jayant.dhingra/Desktop/couchbase-lite-tests/.venv/lib/python3.13/site-packages/_pytest/runner.py", line 179, in pytest_runtest_call
    item.runtest()
  File "/Users/jayant.dhingra/Desktop/couchbase-lite-tests/.venv/lib/python3.13/site-packages/pytest_asyncio/plugin.py", line 469, in runtest
    super().runtest()
  File "/Users/jayant.dhingra/Desktop/couchbase-lite-tests/.venv/lib/python3.13/site-packages/_pytest/python.py", line 1720, in runtest
    self.ihook.pytest_pyfunc_call(pyfuncitem=self)
  File "/Users/jayant.dhingra/Desktop/couchbase-lite-tests/.venv/lib/python3.13/site-packages/pluggy/_hooks.py", line 513, in __call__
    return self._hookexec(self.name, self._hookimpls.copy(), kwargs, firstresult)
  File "/Users/jayant.dhingra/Desktop/couchbase-lite-tests/.venv/lib/python3.13/site-packages/pluggy/_manager.py", line 120, in _hookexec
    return self._inner_hookexec(hook_name, methods, kwargs, firstresult)
  File "/Users/jayant.dhingra/Desktop/couchbase-lite-tests/.venv/lib/python3.13/site-packages/pluggy/_callers.py", line 103, in _multicall
    res = hook_impl.function(*args)
  File "/Users/jayant.dhingra/Desktop/couchbase-lite-tests/.venv/lib/python3.13/site-packages/_pytest/python.py", line 166, in pytest_pyfunc_call
    result = testfunction(**testargs)
  File "/Users/jayant.dhingra/Desktop/couchbase-lite-tests/.venv/lib/python3.13/site-packages/pytest_asyncio/plugin.py", line 716, in inner
    runner.run(coro, context=context)
  File "/opt/homebrew/Cellar/python@3.13/3.13.7/Frameworks/Python.framework/Versions/3.13/lib/python3.13/asyncio/runners.py", line 118, in run
    return self._loop.run_until_complete(task)
  File "/opt/homebrew/Cellar/python@3.13/3.13.7/Frameworks/Python.framework/Versions/3.13/lib/python3.13/asyncio/base_events.py", line 712, in run_until_complete
    self.run_forever()
  File "/opt/homebrew/Cellar/python@3.13/3.13.7/Frameworks/Python.framework/Versions/3.13/lib/python3.13/asyncio/base_events.py", line 683, in run_forever
    self._run_once()
  File "/opt/homebrew/Cellar/python@3.13/3.13.7/Frameworks/Python.framework/Versions/3.13/lib/python3.13/asyncio/base_events.py", line 2050, in _run_once
    handle._run()
  File "/opt/homebrew/Cellar/python@3.13/3.13.7/Frameworks/Python.framework/Versions/3.13/lib/python3.13/asyncio/events.py", line 89, in _run
    self._context.run(self._callback, *self._args)
  File "/Users/jayant.dhingra/Desktop/couchbase-lite-tests/tests/dev_e2e/test_fest.py", line 1101, in test_unshare_list
    db1, db2 = await self.setup_test_fest_dbs(cblpytest)
  File "/Users/jayant.dhingra/Desktop/couchbase-lite-tests/tests/dev_e2e/test_fest.py", line 47, in setup_test_fest_dbs
    return await cblpytest.test_servers[0].create_and_reset_db(["db1", "db2"], dataset="todo")
  File "/Users/jayant.dhingra/Desktop/couchbase-lite-tests/client/src/cbltest/api/testserver.py", line 92, in create_and_reset_db
    await self.__request_factory.send_request(self.__index, request)
_ TestReplicationAutoPurge.test_remove_docs_from_channel_with_auto_purge_enabled _
tests/dev_e2e/test_replication_auto_purge.py:34: in test_remove_docs_from_channel_with_auto_purge_enabled
    dbs = await cblpytest.test_servers[0].create_and_reset_db(["db1"], dataset="posts")
          ^^^^^^^^^^^^^^^^^^^^^^^^^^^^^^^^^^^^^^^^^^^^^^^^^^^^^^^^^^^^^^^^^^^^^^^^^^^^^
client/src/cbltest/api/testserver.py:92: in create_and_reset_db
    await self.__request_factory.send_request(self.__index, request)
client/src/cbltest/requests.py:194: in send_request
    ret_val = await transport.send(r, writer.num)
              ^^^^^^^^^^^^^^^^^^^^^^^^^^^^^^^^^^^
client/src/cbltest/requests_transport.py:120: in send
    await ws_conn.send_str(json.dumps(data))
.venv/lib/python3.13/site-packages/aiohttp/web_ws.py:478: in send_str
    await self._writer.send_frame(
.venv/lib/python3.13/site-packages/aiohttp/_websocket/writer.py:78: in send_frame
    raise ClientConnectionResetError("Cannot write to closing transport")
E   aiohttp.client_exceptions.ClientConnectionResetError: Cannot write to closing transport
------------------------------ Captured log setup ------------------------------
INFO     CBL:logging.py:111 🧹 Couchbase Server and Sync Gateway cleanup started
DEBUG    CBL:logging.py:115 🧹 SGW <cbltest.api.syncgateway.SyncGateway object at 0x11378b230>: found databases ['travel'], deleting...
DEBUG    CBL:logging.py:115 🧹 CBS <cbltest.api.couchbaseserver.CouchbaseServer object at 0x11378b620>: found buckets ['travel'], deleting...
DEBUG    CBL:logging.py:115 🧹 CBS <cbltest.api.couchbaseserver.CouchbaseServer object at 0x11378b620>: waiting for all buckets to be deleted...
INFO     CBL:logging.py:111 🧹 Couchbase Server and Sync Gateway cleanup finished
INFO     CBL:logging.py:111 Starting test: test_remove_docs_from_channel_with_auto_purge_enabled
------------------------------ Captured log call -------------------------------
INFO     CBL:logging.py:111 Moving to step 1:
INFO     CBL:logging.py:111 	Reset SG and load `posts` dataset
INFO     CBL:logging.py:111 Moving to step 2:
INFO     CBL:logging.py:111 	Reset local database and load `posts` dataset
DEBUG    CBL:logging.py:115 Sending (test_remove_docs_from_channel_with_auto_purge_enabled) -> 3917af92-025e-4519-be8e-49ffccb813ad v1 POST /reset to http://localhost:5173
ERROR    CBL:testserver.py:92 Failed to send (test_remove_docs_from_channel_with_auto_purge_enabled) -> 3917af92-025e-4519-be8e-49ffccb813ad v1 POST /reset to http://localhost:5173 (Cannot write to closing transport)
Stack (most recent call last):
  File "/Users/jayant.dhingra/Desktop/couchbase-lite-tests/.venv/bin/pytest", line 10, in <module>
    sys.exit(console_main())
  File "/Users/jayant.dhingra/Desktop/couchbase-lite-tests/.venv/lib/python3.13/site-packages/_pytest/config/__init__.py", line 223, in console_main
    code = main()
  File "/Users/jayant.dhingra/Desktop/couchbase-lite-tests/.venv/lib/python3.13/site-packages/_pytest/config/__init__.py", line 199, in main
    ret: ExitCode | int = config.hook.pytest_cmdline_main(config=config)
  File "/Users/jayant.dhingra/Desktop/couchbase-lite-tests/.venv/lib/python3.13/site-packages/pluggy/_hooks.py", line 513, in __call__
    return self._hookexec(self.name, self._hookimpls.copy(), kwargs, firstresult)
  File "/Users/jayant.dhingra/Desktop/couchbase-lite-tests/.venv/lib/python3.13/site-packages/pluggy/_manager.py", line 120, in _hookexec
    return self._inner_hookexec(hook_name, methods, kwargs, firstresult)
  File "/Users/jayant.dhingra/Desktop/couchbase-lite-tests/.venv/lib/python3.13/site-packages/pluggy/_callers.py", line 103, in _multicall
    res = hook_impl.function(*args)
  File "/Users/jayant.dhingra/Desktop/couchbase-lite-tests/.venv/lib/python3.13/site-packages/_pytest/main.py", line 365, in pytest_cmdline_main
    return wrap_session(config, _main)
  File "/Users/jayant.dhingra/Desktop/couchbase-lite-tests/.venv/lib/python3.13/site-packages/_pytest/main.py", line 318, in wrap_session
    session.exitstatus = doit(config, session) or 0
  File "/Users/jayant.dhingra/Desktop/couchbase-lite-tests/.venv/lib/python3.13/site-packages/_pytest/main.py", line 372, in _main
    config.hook.pytest_runtestloop(session=session)
  File "/Users/jayant.dhingra/Desktop/couchbase-lite-tests/.venv/lib/python3.13/site-packages/pluggy/_hooks.py", line 513, in __call__
    return self._hookexec(self.name, self._hookimpls.copy(), kwargs, firstresult)
  File "/Users/jayant.dhingra/Desktop/couchbase-lite-tests/.venv/lib/python3.13/site-packages/pluggy/_manager.py", line 120, in _hookexec
    return self._inner_hookexec(hook_name, methods, kwargs, firstresult)
  File "/Users/jayant.dhingra/Desktop/couchbase-lite-tests/.venv/lib/python3.13/site-packages/pluggy/_callers.py", line 103, in _multicall
    res = hook_impl.function(*args)
  File "/Users/jayant.dhingra/Desktop/couchbase-lite-tests/.venv/lib/python3.13/site-packages/_pytest/main.py", line 396, in pytest_runtestloop
    item.config.hook.pytest_runtest_protocol(item=item, nextitem=nextitem)
  File "/Users/jayant.dhingra/Desktop/couchbase-lite-tests/.venv/lib/python3.13/site-packages/pluggy/_hooks.py", line 513, in __call__
    return self._hookexec(self.name, self._hookimpls.copy(), kwargs, firstresult)
  File "/Users/jayant.dhingra/Desktop/couchbase-lite-tests/.venv/lib/python3.13/site-packages/pluggy/_manager.py", line 120, in _hookexec
    return self._inner_hookexec(hook_name, methods, kwargs, firstresult)
  File "/Users/jayant.dhingra/Desktop/couchbase-lite-tests/.venv/lib/python3.13/site-packages/pluggy/_callers.py", line 103, in _multicall
    res = hook_impl.function(*args)
  File "/Users/jayant.dhingra/Desktop/couchbase-lite-tests/.venv/lib/python3.13/site-packages/_pytest/runner.py", line 118, in pytest_runtest_protocol
    runtestprotocol(item, nextitem=nextitem)
  File "/Users/jayant.dhingra/Desktop/couchbase-lite-tests/.venv/lib/python3.13/site-packages/_pytest/runner.py", line 137, in runtestprotocol
    reports.append(call_and_report(item, "call", log))
  File "/Users/jayant.dhingra/Desktop/couchbase-lite-tests/.venv/lib/python3.13/site-packages/_pytest/runner.py", line 244, in call_and_report
    call = CallInfo.from_call(
  File "/Users/jayant.dhingra/Desktop/couchbase-lite-tests/.venv/lib/python3.13/site-packages/_pytest/runner.py", line 353, in from_call
    result: TResult | None = func()
  File "/Users/jayant.dhingra/Desktop/couchbase-lite-tests/.venv/lib/python3.13/site-packages/_pytest/runner.py", line 245, in <lambda>
    lambda: runtest_hook(item=item, **kwds),
  File "/Users/jayant.dhingra/Desktop/couchbase-lite-tests/.venv/lib/python3.13/site-packages/pluggy/_hooks.py", line 513, in __call__
    return self._hookexec(self.name, self._hookimpls.copy(), kwargs, firstresult)
  File "/Users/jayant.dhingra/Desktop/couchbase-lite-tests/.venv/lib/python3.13/site-packages/pluggy/_manager.py", line 120, in _hookexec
    return self._inner_hookexec(hook_name, methods, kwargs, firstresult)
  File "/Users/jayant.dhingra/Desktop/couchbase-lite-tests/.venv/lib/python3.13/site-packages/pluggy/_callers.py", line 103, in _multicall
    res = hook_impl.function(*args)
  File "/Users/jayant.dhingra/Desktop/couchbase-lite-tests/.venv/lib/python3.13/site-packages/_pytest/runner.py", line 179, in pytest_runtest_call
    item.runtest()
  File "/Users/jayant.dhingra/Desktop/couchbase-lite-tests/.venv/lib/python3.13/site-packages/pytest_asyncio/plugin.py", line 469, in runtest
    super().runtest()
  File "/Users/jayant.dhingra/Desktop/couchbase-lite-tests/.venv/lib/python3.13/site-packages/_pytest/python.py", line 1720, in runtest
    self.ihook.pytest_pyfunc_call(pyfuncitem=self)
  File "/Users/jayant.dhingra/Desktop/couchbase-lite-tests/.venv/lib/python3.13/site-packages/pluggy/_hooks.py", line 513, in __call__
    return self._hookexec(self.name, self._hookimpls.copy(), kwargs, firstresult)
  File "/Users/jayant.dhingra/Desktop/couchbase-lite-tests/.venv/lib/python3.13/site-packages/pluggy/_manager.py", line 120, in _hookexec
    return self._inner_hookexec(hook_name, methods, kwargs, firstresult)
  File "/Users/jayant.dhingra/Desktop/couchbase-lite-tests/.venv/lib/python3.13/site-packages/pluggy/_callers.py", line 103, in _multicall
    res = hook_impl.function(*args)
  File "/Users/jayant.dhingra/Desktop/couchbase-lite-tests/.venv/lib/python3.13/site-packages/_pytest/python.py", line 166, in pytest_pyfunc_call
    result = testfunction(**testargs)
  File "/Users/jayant.dhingra/Desktop/couchbase-lite-tests/.venv/lib/python3.13/site-packages/pytest_asyncio/plugin.py", line 716, in inner
    runner.run(coro, context=context)
  File "/opt/homebrew/Cellar/python@3.13/3.13.7/Frameworks/Python.framework/Versions/3.13/lib/python3.13/asyncio/runners.py", line 118, in run
    return self._loop.run_until_complete(task)
  File "/opt/homebrew/Cellar/python@3.13/3.13.7/Frameworks/Python.framework/Versions/3.13/lib/python3.13/asyncio/base_events.py", line 712, in run_until_complete
    self.run_forever()
  File "/opt/homebrew/Cellar/python@3.13/3.13.7/Frameworks/Python.framework/Versions/3.13/lib/python3.13/asyncio/base_events.py", line 683, in run_forever
    self._run_once()
  File "/opt/homebrew/Cellar/python@3.13/3.13.7/Frameworks/Python.framework/Versions/3.13/lib/python3.13/asyncio/base_events.py", line 2050, in _run_once
    handle._run()
  File "/opt/homebrew/Cellar/python@3.13/3.13.7/Frameworks/Python.framework/Versions/3.13/lib/python3.13/asyncio/events.py", line 89, in _run
    self._context.run(self._callback, *self._args)
  File "/Users/jayant.dhingra/Desktop/couchbase-lite-tests/tests/dev_e2e/test_replication_auto_purge.py", line 34, in test_remove_docs_from_channel_with_auto_purge_enabled
    dbs = await cblpytest.test_servers[0].create_and_reset_db(["db1"], dataset="posts")
  File "/Users/jayant.dhingra/Desktop/couchbase-lite-tests/client/src/cbltest/api/testserver.py", line 92, in create_and_reset_db
    await self.__request_factory.send_request(self.__index, request)
_____ TestReplicationAutoPurge.test_revoke_access_with_auto_purge_enabled ______
tests/dev_e2e/test_replication_auto_purge.py:143: in test_revoke_access_with_auto_purge_enabled
    dbs = await cblpytest.test_servers[0].create_and_reset_db(["db1"], dataset="posts")
          ^^^^^^^^^^^^^^^^^^^^^^^^^^^^^^^^^^^^^^^^^^^^^^^^^^^^^^^^^^^^^^^^^^^^^^^^^^^^^
client/src/cbltest/api/testserver.py:92: in create_and_reset_db
    await self.__request_factory.send_request(self.__index, request)
client/src/cbltest/requests.py:194: in send_request
    ret_val = await transport.send(r, writer.num)
              ^^^^^^^^^^^^^^^^^^^^^^^^^^^^^^^^^^^
client/src/cbltest/requests_transport.py:120: in send
    await ws_conn.send_str(json.dumps(data))
.venv/lib/python3.13/site-packages/aiohttp/web_ws.py:478: in send_str
    await self._writer.send_frame(
.venv/lib/python3.13/site-packages/aiohttp/_websocket/writer.py:78: in send_frame
    raise ClientConnectionResetError("Cannot write to closing transport")
E   aiohttp.client_exceptions.ClientConnectionResetError: Cannot write to closing transport
------------------------------ Captured log setup ------------------------------
INFO     CBL:logging.py:111 🧹 Couchbase Server and Sync Gateway cleanup started
DEBUG    CBL:logging.py:115 🧹 SGW <cbltest.api.syncgateway.SyncGateway object at 0x11378b230>: found databases ['posts'], deleting...
DEBUG    CBL:logging.py:115 🧹 CBS <cbltest.api.couchbaseserver.CouchbaseServer object at 0x11378b620>: found buckets ['posts'], deleting...
DEBUG    CBL:logging.py:115 🧹 CBS <cbltest.api.couchbaseserver.CouchbaseServer object at 0x11378b620>: waiting for all buckets to be deleted...
INFO     CBL:logging.py:111 🧹 Couchbase Server and Sync Gateway cleanup finished
INFO     CBL:logging.py:111 Starting test: test_revoke_access_with_auto_purge_enabled
------------------------------ Captured log call -------------------------------
INFO     CBL:logging.py:111 Moving to step 1:
INFO     CBL:logging.py:111 	Reset SG and load `posts` dataset
INFO     CBL:logging.py:111 Moving to step 2:
INFO     CBL:logging.py:111 	Reset local database and load `posts` dataset
DEBUG    CBL:logging.py:115 Sending (test_revoke_access_with_auto_purge_enabled) -> 3917af92-025e-4519-be8e-49ffccb813ad v1 POST /reset to http://localhost:5173
ERROR    CBL:testserver.py:92 Failed to send (test_revoke_access_with_auto_purge_enabled) -> 3917af92-025e-4519-be8e-49ffccb813ad v1 POST /reset to http://localhost:5173 (Cannot write to closing transport)
Stack (most recent call last):
  File "/Users/jayant.dhingra/Desktop/couchbase-lite-tests/.venv/bin/pytest", line 10, in <module>
    sys.exit(console_main())
  File "/Users/jayant.dhingra/Desktop/couchbase-lite-tests/.venv/lib/python3.13/site-packages/_pytest/config/__init__.py", line 223, in console_main
    code = main()
  File "/Users/jayant.dhingra/Desktop/couchbase-lite-tests/.venv/lib/python3.13/site-packages/_pytest/config/__init__.py", line 199, in main
    ret: ExitCode | int = config.hook.pytest_cmdline_main(config=config)
  File "/Users/jayant.dhingra/Desktop/couchbase-lite-tests/.venv/lib/python3.13/site-packages/pluggy/_hooks.py", line 513, in __call__
    return self._hookexec(self.name, self._hookimpls.copy(), kwargs, firstresult)
  File "/Users/jayant.dhingra/Desktop/couchbase-lite-tests/.venv/lib/python3.13/site-packages/pluggy/_manager.py", line 120, in _hookexec
    return self._inner_hookexec(hook_name, methods, kwargs, firstresult)
  File "/Users/jayant.dhingra/Desktop/couchbase-lite-tests/.venv/lib/python3.13/site-packages/pluggy/_callers.py", line 103, in _multicall
    res = hook_impl.function(*args)
  File "/Users/jayant.dhingra/Desktop/couchbase-lite-tests/.venv/lib/python3.13/site-packages/_pytest/main.py", line 365, in pytest_cmdline_main
    return wrap_session(config, _main)
  File "/Users/jayant.dhingra/Desktop/couchbase-lite-tests/.venv/lib/python3.13/site-packages/_pytest/main.py", line 318, in wrap_session
    session.exitstatus = doit(config, session) or 0
  File "/Users/jayant.dhingra/Desktop/couchbase-lite-tests/.venv/lib/python3.13/site-packages/_pytest/main.py", line 372, in _main
    config.hook.pytest_runtestloop(session=session)
  File "/Users/jayant.dhingra/Desktop/couchbase-lite-tests/.venv/lib/python3.13/site-packages/pluggy/_hooks.py", line 513, in __call__
    return self._hookexec(self.name, self._hookimpls.copy(), kwargs, firstresult)
  File "/Users/jayant.dhingra/Desktop/couchbase-lite-tests/.venv/lib/python3.13/site-packages/pluggy/_manager.py", line 120, in _hookexec
    return self._inner_hookexec(hook_name, methods, kwargs, firstresult)
  File "/Users/jayant.dhingra/Desktop/couchbase-lite-tests/.venv/lib/python3.13/site-packages/pluggy/_callers.py", line 103, in _multicall
    res = hook_impl.function(*args)
  File "/Users/jayant.dhingra/Desktop/couchbase-lite-tests/.venv/lib/python3.13/site-packages/_pytest/main.py", line 396, in pytest_runtestloop
    item.config.hook.pytest_runtest_protocol(item=item, nextitem=nextitem)
  File "/Users/jayant.dhingra/Desktop/couchbase-lite-tests/.venv/lib/python3.13/site-packages/pluggy/_hooks.py", line 513, in __call__
    return self._hookexec(self.name, self._hookimpls.copy(), kwargs, firstresult)
  File "/Users/jayant.dhingra/Desktop/couchbase-lite-tests/.venv/lib/python3.13/site-packages/pluggy/_manager.py", line 120, in _hookexec
    return self._inner_hookexec(hook_name, methods, kwargs, firstresult)
  File "/Users/jayant.dhingra/Desktop/couchbase-lite-tests/.venv/lib/python3.13/site-packages/pluggy/_callers.py", line 103, in _multicall
    res = hook_impl.function(*args)
  File "/Users/jayant.dhingra/Desktop/couchbase-lite-tests/.venv/lib/python3.13/site-packages/_pytest/runner.py", line 118, in pytest_runtest_protocol
    runtestprotocol(item, nextitem=nextitem)
  File "/Users/jayant.dhingra/Desktop/couchbase-lite-tests/.venv/lib/python3.13/site-packages/_pytest/runner.py", line 137, in runtestprotocol
    reports.append(call_and_report(item, "call", log))
  File "/Users/jayant.dhingra/Desktop/couchbase-lite-tests/.venv/lib/python3.13/site-packages/_pytest/runner.py", line 244, in call_and_report
    call = CallInfo.from_call(
  File "/Users/jayant.dhingra/Desktop/couchbase-lite-tests/.venv/lib/python3.13/site-packages/_pytest/runner.py", line 353, in from_call
    result: TResult | None = func()
  File "/Users/jayant.dhingra/Desktop/couchbase-lite-tests/.venv/lib/python3.13/site-packages/_pytest/runner.py", line 245, in <lambda>
    lambda: runtest_hook(item=item, **kwds),
  File "/Users/jayant.dhingra/Desktop/couchbase-lite-tests/.venv/lib/python3.13/site-packages/pluggy/_hooks.py", line 513, in __call__
    return self._hookexec(self.name, self._hookimpls.copy(), kwargs, firstresult)
  File "/Users/jayant.dhingra/Desktop/couchbase-lite-tests/.venv/lib/python3.13/site-packages/pluggy/_manager.py", line 120, in _hookexec
    return self._inner_hookexec(hook_name, methods, kwargs, firstresult)
  File "/Users/jayant.dhingra/Desktop/couchbase-lite-tests/.venv/lib/python3.13/site-packages/pluggy/_callers.py", line 103, in _multicall
    res = hook_impl.function(*args)
  File "/Users/jayant.dhingra/Desktop/couchbase-lite-tests/.venv/lib/python3.13/site-packages/_pytest/runner.py", line 179, in pytest_runtest_call
    item.runtest()
  File "/Users/jayant.dhingra/Desktop/couchbase-lite-tests/.venv/lib/python3.13/site-packages/pytest_asyncio/plugin.py", line 469, in runtest
    super().runtest()
  File "/Users/jayant.dhingra/Desktop/couchbase-lite-tests/.venv/lib/python3.13/site-packages/_pytest/python.py", line 1720, in runtest
    self.ihook.pytest_pyfunc_call(pyfuncitem=self)
  File "/Users/jayant.dhingra/Desktop/couchbase-lite-tests/.venv/lib/python3.13/site-packages/pluggy/_hooks.py", line 513, in __call__
    return self._hookexec(self.name, self._hookimpls.copy(), kwargs, firstresult)
  File "/Users/jayant.dhingra/Desktop/couchbase-lite-tests/.venv/lib/python3.13/site-packages/pluggy/_manager.py", line 120, in _hookexec
    return self._inner_hookexec(hook_name, methods, kwargs, firstresult)
  File "/Users/jayant.dhingra/Desktop/couchbase-lite-tests/.venv/lib/python3.13/site-packages/pluggy/_callers.py", line 103, in _multicall
    res = hook_impl.function(*args)
  File "/Users/jayant.dhingra/Desktop/couchbase-lite-tests/.venv/lib/python3.13/site-packages/_pytest/python.py", line 166, in pytest_pyfunc_call
    result = testfunction(**testargs)
  File "/Users/jayant.dhingra/Desktop/couchbase-lite-tests/.venv/lib/python3.13/site-packages/pytest_asyncio/plugin.py", line 716, in inner
    runner.run(coro, context=context)
  File "/opt/homebrew/Cellar/python@3.13/3.13.7/Frameworks/Python.framework/Versions/3.13/lib/python3.13/asyncio/runners.py", line 118, in run
    return self._loop.run_until_complete(task)
  File "/opt/homebrew/Cellar/python@3.13/3.13.7/Frameworks/Python.framework/Versions/3.13/lib/python3.13/asyncio/base_events.py", line 712, in run_until_complete
    self.run_forever()
  File "/opt/homebrew/Cellar/python@3.13/3.13.7/Frameworks/Python.framework/Versions/3.13/lib/python3.13/asyncio/base_events.py", line 683, in run_forever
    self._run_once()
  File "/opt/homebrew/Cellar/python@3.13/3.13.7/Frameworks/Python.framework/Versions/3.13/lib/python3.13/asyncio/base_events.py", line 2050, in _run_once
    handle._run()
  File "/opt/homebrew/Cellar/python@3.13/3.13.7/Frameworks/Python.framework/Versions/3.13/lib/python3.13/asyncio/events.py", line 89, in _run
    self._context.run(self._callback, *self._args)
  File "/Users/jayant.dhingra/Desktop/couchbase-lite-tests/tests/dev_e2e/test_replication_auto_purge.py", line 143, in test_revoke_access_with_auto_purge_enabled
    dbs = await cblpytest.test_servers[0].create_and_reset_db(["db1"], dataset="posts")
  File "/Users/jayant.dhingra/Desktop/couchbase-lite-tests/client/src/cbltest/api/testserver.py", line 92, in create_and_reset_db
    await self.__request_factory.send_request(self.__index, request)
_ TestReplicationAutoPurge.test_remove_docs_from_channel_with_auto_purge_disabled _
tests/dev_e2e/test_replication_auto_purge.py:281: in test_remove_docs_from_channel_with_auto_purge_disabled
    dbs = await cblpytest.test_servers[0].create_and_reset_db(["db1"], dataset="posts")
          ^^^^^^^^^^^^^^^^^^^^^^^^^^^^^^^^^^^^^^^^^^^^^^^^^^^^^^^^^^^^^^^^^^^^^^^^^^^^^
client/src/cbltest/api/testserver.py:92: in create_and_reset_db
    await self.__request_factory.send_request(self.__index, request)
client/src/cbltest/requests.py:194: in send_request
    ret_val = await transport.send(r, writer.num)
              ^^^^^^^^^^^^^^^^^^^^^^^^^^^^^^^^^^^
client/src/cbltest/requests_transport.py:120: in send
    await ws_conn.send_str(json.dumps(data))
.venv/lib/python3.13/site-packages/aiohttp/web_ws.py:478: in send_str
    await self._writer.send_frame(
.venv/lib/python3.13/site-packages/aiohttp/_websocket/writer.py:78: in send_frame
    raise ClientConnectionResetError("Cannot write to closing transport")
E   aiohttp.client_exceptions.ClientConnectionResetError: Cannot write to closing transport
------------------------------ Captured log setup ------------------------------
INFO     CBL:logging.py:111 🧹 Couchbase Server and Sync Gateway cleanup started
DEBUG    CBL:logging.py:115 🧹 SGW <cbltest.api.syncgateway.SyncGateway object at 0x11378b230>: found databases ['posts'], deleting...
DEBUG    CBL:logging.py:115 🧹 CBS <cbltest.api.couchbaseserver.CouchbaseServer object at 0x11378b620>: found buckets ['posts'], deleting...
DEBUG    CBL:logging.py:115 🧹 CBS <cbltest.api.couchbaseserver.CouchbaseServer object at 0x11378b620>: waiting for all buckets to be deleted...
INFO     CBL:logging.py:111 🧹 Couchbase Server and Sync Gateway cleanup finished
INFO     CBL:logging.py:111 Starting test: test_remove_docs_from_channel_with_auto_purge_disabled
------------------------------ Captured log call -------------------------------
INFO     CBL:logging.py:111 Moving to step 1:
INFO     CBL:logging.py:111 	Reset SG and load `posts` dataset
INFO     CBL:logging.py:111 Moving to step 2:
INFO     CBL:logging.py:111 	Reset local database and load `posts` dataset
DEBUG    CBL:logging.py:115 Sending (test_remove_docs_from_channel_with_auto_purge_disabled) -> 3917af92-025e-4519-be8e-49ffccb813ad v1 POST /reset to http://localhost:5173
ERROR    CBL:testserver.py:92 Failed to send (test_remove_docs_from_channel_with_auto_purge_disabled) -> 3917af92-025e-4519-be8e-49ffccb813ad v1 POST /reset to http://localhost:5173 (Cannot write to closing transport)
Stack (most recent call last):
  File "/Users/jayant.dhingra/Desktop/couchbase-lite-tests/.venv/bin/pytest", line 10, in <module>
    sys.exit(console_main())
  File "/Users/jayant.dhingra/Desktop/couchbase-lite-tests/.venv/lib/python3.13/site-packages/_pytest/config/__init__.py", line 223, in console_main
    code = main()
  File "/Users/jayant.dhingra/Desktop/couchbase-lite-tests/.venv/lib/python3.13/site-packages/_pytest/config/__init__.py", line 199, in main
    ret: ExitCode | int = config.hook.pytest_cmdline_main(config=config)
  File "/Users/jayant.dhingra/Desktop/couchbase-lite-tests/.venv/lib/python3.13/site-packages/pluggy/_hooks.py", line 513, in __call__
    return self._hookexec(self.name, self._hookimpls.copy(), kwargs, firstresult)
  File "/Users/jayant.dhingra/Desktop/couchbase-lite-tests/.venv/lib/python3.13/site-packages/pluggy/_manager.py", line 120, in _hookexec
    return self._inner_hookexec(hook_name, methods, kwargs, firstresult)
  File "/Users/jayant.dhingra/Desktop/couchbase-lite-tests/.venv/lib/python3.13/site-packages/pluggy/_callers.py", line 103, in _multicall
    res = hook_impl.function(*args)
  File "/Users/jayant.dhingra/Desktop/couchbase-lite-tests/.venv/lib/python3.13/site-packages/_pytest/main.py", line 365, in pytest_cmdline_main
    return wrap_session(config, _main)
  File "/Users/jayant.dhingra/Desktop/couchbase-lite-tests/.venv/lib/python3.13/site-packages/_pytest/main.py", line 318, in wrap_session
    session.exitstatus = doit(config, session) or 0
  File "/Users/jayant.dhingra/Desktop/couchbase-lite-tests/.venv/lib/python3.13/site-packages/_pytest/main.py", line 372, in _main
    config.hook.pytest_runtestloop(session=session)
  File "/Users/jayant.dhingra/Desktop/couchbase-lite-tests/.venv/lib/python3.13/site-packages/pluggy/_hooks.py", line 513, in __call__
    return self._hookexec(self.name, self._hookimpls.copy(), kwargs, firstresult)
  File "/Users/jayant.dhingra/Desktop/couchbase-lite-tests/.venv/lib/python3.13/site-packages/pluggy/_manager.py", line 120, in _hookexec
    return self._inner_hookexec(hook_name, methods, kwargs, firstresult)
  File "/Users/jayant.dhingra/Desktop/couchbase-lite-tests/.venv/lib/python3.13/site-packages/pluggy/_callers.py", line 103, in _multicall
    res = hook_impl.function(*args)
  File "/Users/jayant.dhingra/Desktop/couchbase-lite-tests/.venv/lib/python3.13/site-packages/_pytest/main.py", line 396, in pytest_runtestloop
    item.config.hook.pytest_runtest_protocol(item=item, nextitem=nextitem)
  File "/Users/jayant.dhingra/Desktop/couchbase-lite-tests/.venv/lib/python3.13/site-packages/pluggy/_hooks.py", line 513, in __call__
    return self._hookexec(self.name, self._hookimpls.copy(), kwargs, firstresult)
  File "/Users/jayant.dhingra/Desktop/couchbase-lite-tests/.venv/lib/python3.13/site-packages/pluggy/_manager.py", line 120, in _hookexec
    return self._inner_hookexec(hook_name, methods, kwargs, firstresult)
  File "/Users/jayant.dhingra/Desktop/couchbase-lite-tests/.venv/lib/python3.13/site-packages/pluggy/_callers.py", line 103, in _multicall
    res = hook_impl.function(*args)
  File "/Users/jayant.dhingra/Desktop/couchbase-lite-tests/.venv/lib/python3.13/site-packages/_pytest/runner.py", line 118, in pytest_runtest_protocol
    runtestprotocol(item, nextitem=nextitem)
  File "/Users/jayant.dhingra/Desktop/couchbase-lite-tests/.venv/lib/python3.13/site-packages/_pytest/runner.py", line 137, in runtestprotocol
    reports.append(call_and_report(item, "call", log))
  File "/Users/jayant.dhingra/Desktop/couchbase-lite-tests/.venv/lib/python3.13/site-packages/_pytest/runner.py", line 244, in call_and_report
    call = CallInfo.from_call(
  File "/Users/jayant.dhingra/Desktop/couchbase-lite-tests/.venv/lib/python3.13/site-packages/_pytest/runner.py", line 353, in from_call
    result: TResult | None = func()
  File "/Users/jayant.dhingra/Desktop/couchbase-lite-tests/.venv/lib/python3.13/site-packages/_pytest/runner.py", line 245, in <lambda>
    lambda: runtest_hook(item=item, **kwds),
  File "/Users/jayant.dhingra/Desktop/couchbase-lite-tests/.venv/lib/python3.13/site-packages/pluggy/_hooks.py", line 513, in __call__
    return self._hookexec(self.name, self._hookimpls.copy(), kwargs, firstresult)
  File "/Users/jayant.dhingra/Desktop/couchbase-lite-tests/.venv/lib/python3.13/site-packages/pluggy/_manager.py", line 120, in _hookexec
    return self._inner_hookexec(hook_name, methods, kwargs, firstresult)
  File "/Users/jayant.dhingra/Desktop/couchbase-lite-tests/.venv/lib/python3.13/site-packages/pluggy/_callers.py", line 103, in _multicall
    res = hook_impl.function(*args)
  File "/Users/jayant.dhingra/Desktop/couchbase-lite-tests/.venv/lib/python3.13/site-packages/_pytest/runner.py", line 179, in pytest_runtest_call
    item.runtest()
  File "/Users/jayant.dhingra/Desktop/couchbase-lite-tests/.venv/lib/python3.13/site-packages/pytest_asyncio/plugin.py", line 469, in runtest
    super().runtest()
  File "/Users/jayant.dhingra/Desktop/couchbase-lite-tests/.venv/lib/python3.13/site-packages/_pytest/python.py", line 1720, in runtest
    self.ihook.pytest_pyfunc_call(pyfuncitem=self)
  File "/Users/jayant.dhingra/Desktop/couchbase-lite-tests/.venv/lib/python3.13/site-packages/pluggy/_hooks.py", line 513, in __call__
    return self._hookexec(self.name, self._hookimpls.copy(), kwargs, firstresult)
  File "/Users/jayant.dhingra/Desktop/couchbase-lite-tests/.venv/lib/python3.13/site-packages/pluggy/_manager.py", line 120, in _hookexec
    return self._inner_hookexec(hook_name, methods, kwargs, firstresult)
  File "/Users/jayant.dhingra/Desktop/couchbase-lite-tests/.venv/lib/python3.13/site-packages/pluggy/_callers.py", line 103, in _multicall
    res = hook_impl.function(*args)
  File "/Users/jayant.dhingra/Desktop/couchbase-lite-tests/.venv/lib/python3.13/site-packages/_pytest/python.py", line 166, in pytest_pyfunc_call
    result = testfunction(**testargs)
  File "/Users/jayant.dhingra/Desktop/couchbase-lite-tests/.venv/lib/python3.13/site-packages/pytest_asyncio/plugin.py", line 716, in inner
    runner.run(coro, context=context)
  File "/opt/homebrew/Cellar/python@3.13/3.13.7/Frameworks/Python.framework/Versions/3.13/lib/python3.13/asyncio/runners.py", line 118, in run
    return self._loop.run_until_complete(task)
  File "/opt/homebrew/Cellar/python@3.13/3.13.7/Frameworks/Python.framework/Versions/3.13/lib/python3.13/asyncio/base_events.py", line 712, in run_until_complete
    self.run_forever()
  File "/opt/homebrew/Cellar/python@3.13/3.13.7/Frameworks/Python.framework/Versions/3.13/lib/python3.13/asyncio/base_events.py", line 683, in run_forever
    self._run_once()
  File "/opt/homebrew/Cellar/python@3.13/3.13.7/Frameworks/Python.framework/Versions/3.13/lib/python3.13/asyncio/base_events.py", line 2050, in _run_once
    handle._run()
  File "/opt/homebrew/Cellar/python@3.13/3.13.7/Frameworks/Python.framework/Versions/3.13/lib/python3.13/asyncio/events.py", line 89, in _run
    self._context.run(self._callback, *self._args)
  File "/Users/jayant.dhingra/Desktop/couchbase-lite-tests/tests/dev_e2e/test_replication_auto_purge.py", line 281, in test_remove_docs_from_channel_with_auto_purge_disabled
    dbs = await cblpytest.test_servers[0].create_and_reset_db(["db1"], dataset="posts")
  File "/Users/jayant.dhingra/Desktop/couchbase-lite-tests/client/src/cbltest/api/testserver.py", line 92, in create_and_reset_db
    await self.__request_factory.send_request(self.__index, request)
_____ TestReplicationAutoPurge.test_revoke_access_with_auto_purge_disabled _____
tests/dev_e2e/test_replication_auto_purge.py:425: in test_revoke_access_with_auto_purge_disabled
    dbs = await cblpytest.test_servers[0].create_and_reset_db(["db1"], dataset="posts")
          ^^^^^^^^^^^^^^^^^^^^^^^^^^^^^^^^^^^^^^^^^^^^^^^^^^^^^^^^^^^^^^^^^^^^^^^^^^^^^
client/src/cbltest/api/testserver.py:92: in create_and_reset_db
    await self.__request_factory.send_request(self.__index, request)
client/src/cbltest/requests.py:194: in send_request
    ret_val = await transport.send(r, writer.num)
              ^^^^^^^^^^^^^^^^^^^^^^^^^^^^^^^^^^^
client/src/cbltest/requests_transport.py:120: in send
    await ws_conn.send_str(json.dumps(data))
.venv/lib/python3.13/site-packages/aiohttp/web_ws.py:478: in send_str
    await self._writer.send_frame(
.venv/lib/python3.13/site-packages/aiohttp/_websocket/writer.py:78: in send_frame
    raise ClientConnectionResetError("Cannot write to closing transport")
E   aiohttp.client_exceptions.ClientConnectionResetError: Cannot write to closing transport
------------------------------ Captured log setup ------------------------------
INFO     CBL:logging.py:111 🧹 Couchbase Server and Sync Gateway cleanup started
DEBUG    CBL:logging.py:115 🧹 SGW <cbltest.api.syncgateway.SyncGateway object at 0x11378b230>: found databases ['posts'], deleting...
DEBUG    CBL:logging.py:115 🧹 CBS <cbltest.api.couchbaseserver.CouchbaseServer object at 0x11378b620>: found buckets ['posts'], deleting...
DEBUG    CBL:logging.py:115 🧹 CBS <cbltest.api.couchbaseserver.CouchbaseServer object at 0x11378b620>: waiting for all buckets to be deleted...
INFO     CBL:logging.py:111 🧹 Couchbase Server and Sync Gateway cleanup finished
INFO     CBL:logging.py:111 Starting test: test_revoke_access_with_auto_purge_disabled
------------------------------ Captured log call -------------------------------
INFO     CBL:logging.py:111 Moving to step 1:
INFO     CBL:logging.py:111 	Reset SG and load `posts` dataset
INFO     CBL:logging.py:111 Moving to step 2:
INFO     CBL:logging.py:111 	Reset local database and load `posts` dataset
DEBUG    CBL:logging.py:115 Sending (test_revoke_access_with_auto_purge_disabled) -> 3917af92-025e-4519-be8e-49ffccb813ad v1 POST /reset to http://localhost:5173
ERROR    CBL:testserver.py:92 Failed to send (test_revoke_access_with_auto_purge_disabled) -> 3917af92-025e-4519-be8e-49ffccb813ad v1 POST /reset to http://localhost:5173 (Cannot write to closing transport)
Stack (most recent call last):
  File "/Users/jayant.dhingra/Desktop/couchbase-lite-tests/.venv/bin/pytest", line 10, in <module>
    sys.exit(console_main())
  File "/Users/jayant.dhingra/Desktop/couchbase-lite-tests/.venv/lib/python3.13/site-packages/_pytest/config/__init__.py", line 223, in console_main
    code = main()
  File "/Users/jayant.dhingra/Desktop/couchbase-lite-tests/.venv/lib/python3.13/site-packages/_pytest/config/__init__.py", line 199, in main
    ret: ExitCode | int = config.hook.pytest_cmdline_main(config=config)
  File "/Users/jayant.dhingra/Desktop/couchbase-lite-tests/.venv/lib/python3.13/site-packages/pluggy/_hooks.py", line 513, in __call__
    return self._hookexec(self.name, self._hookimpls.copy(), kwargs, firstresult)
  File "/Users/jayant.dhingra/Desktop/couchbase-lite-tests/.venv/lib/python3.13/site-packages/pluggy/_manager.py", line 120, in _hookexec
    return self._inner_hookexec(hook_name, methods, kwargs, firstresult)
  File "/Users/jayant.dhingra/Desktop/couchbase-lite-tests/.venv/lib/python3.13/site-packages/pluggy/_callers.py", line 103, in _multicall
    res = hook_impl.function(*args)
  File "/Users/jayant.dhingra/Desktop/couchbase-lite-tests/.venv/lib/python3.13/site-packages/_pytest/main.py", line 365, in pytest_cmdline_main
    return wrap_session(config, _main)
  File "/Users/jayant.dhingra/Desktop/couchbase-lite-tests/.venv/lib/python3.13/site-packages/_pytest/main.py", line 318, in wrap_session
    session.exitstatus = doit(config, session) or 0
  File "/Users/jayant.dhingra/Desktop/couchbase-lite-tests/.venv/lib/python3.13/site-packages/_pytest/main.py", line 372, in _main
    config.hook.pytest_runtestloop(session=session)
  File "/Users/jayant.dhingra/Desktop/couchbase-lite-tests/.venv/lib/python3.13/site-packages/pluggy/_hooks.py", line 513, in __call__
    return self._hookexec(self.name, self._hookimpls.copy(), kwargs, firstresult)
  File "/Users/jayant.dhingra/Desktop/couchbase-lite-tests/.venv/lib/python3.13/site-packages/pluggy/_manager.py", line 120, in _hookexec
    return self._inner_hookexec(hook_name, methods, kwargs, firstresult)
  File "/Users/jayant.dhingra/Desktop/couchbase-lite-tests/.venv/lib/python3.13/site-packages/pluggy/_callers.py", line 103, in _multicall
    res = hook_impl.function(*args)
  File "/Users/jayant.dhingra/Desktop/couchbase-lite-tests/.venv/lib/python3.13/site-packages/_pytest/main.py", line 396, in pytest_runtestloop
    item.config.hook.pytest_runtest_protocol(item=item, nextitem=nextitem)
  File "/Users/jayant.dhingra/Desktop/couchbase-lite-tests/.venv/lib/python3.13/site-packages/pluggy/_hooks.py", line 513, in __call__
    return self._hookexec(self.name, self._hookimpls.copy(), kwargs, firstresult)
  File "/Users/jayant.dhingra/Desktop/couchbase-lite-tests/.venv/lib/python3.13/site-packages/pluggy/_manager.py", line 120, in _hookexec
    return self._inner_hookexec(hook_name, methods, kwargs, firstresult)
  File "/Users/jayant.dhingra/Desktop/couchbase-lite-tests/.venv/lib/python3.13/site-packages/pluggy/_callers.py", line 103, in _multicall
    res = hook_impl.function(*args)
  File "/Users/jayant.dhingra/Desktop/couchbase-lite-tests/.venv/lib/python3.13/site-packages/_pytest/runner.py", line 118, in pytest_runtest_protocol
    runtestprotocol(item, nextitem=nextitem)
  File "/Users/jayant.dhingra/Desktop/couchbase-lite-tests/.venv/lib/python3.13/site-packages/_pytest/runner.py", line 137, in runtestprotocol
    reports.append(call_and_report(item, "call", log))
  File "/Users/jayant.dhingra/Desktop/couchbase-lite-tests/.venv/lib/python3.13/site-packages/_pytest/runner.py", line 244, in call_and_report
    call = CallInfo.from_call(
  File "/Users/jayant.dhingra/Desktop/couchbase-lite-tests/.venv/lib/python3.13/site-packages/_pytest/runner.py", line 353, in from_call
    result: TResult | None = func()
  File "/Users/jayant.dhingra/Desktop/couchbase-lite-tests/.venv/lib/python3.13/site-packages/_pytest/runner.py", line 245, in <lambda>
    lambda: runtest_hook(item=item, **kwds),
  File "/Users/jayant.dhingra/Desktop/couchbase-lite-tests/.venv/lib/python3.13/site-packages/pluggy/_hooks.py", line 513, in __call__
    return self._hookexec(self.name, self._hookimpls.copy(), kwargs, firstresult)
  File "/Users/jayant.dhingra/Desktop/couchbase-lite-tests/.venv/lib/python3.13/site-packages/pluggy/_manager.py", line 120, in _hookexec
    return self._inner_hookexec(hook_name, methods, kwargs, firstresult)
  File "/Users/jayant.dhingra/Desktop/couchbase-lite-tests/.venv/lib/python3.13/site-packages/pluggy/_callers.py", line 103, in _multicall
    res = hook_impl.function(*args)
  File "/Users/jayant.dhingra/Desktop/couchbase-lite-tests/.venv/lib/python3.13/site-packages/_pytest/runner.py", line 179, in pytest_runtest_call
    item.runtest()
  File "/Users/jayant.dhingra/Desktop/couchbase-lite-tests/.venv/lib/python3.13/site-packages/pytest_asyncio/plugin.py", line 469, in runtest
    super().runtest()
  File "/Users/jayant.dhingra/Desktop/couchbase-lite-tests/.venv/lib/python3.13/site-packages/_pytest/python.py", line 1720, in runtest
    self.ihook.pytest_pyfunc_call(pyfuncitem=self)
  File "/Users/jayant.dhingra/Desktop/couchbase-lite-tests/.venv/lib/python3.13/site-packages/pluggy/_hooks.py", line 513, in __call__
    return self._hookexec(self.name, self._hookimpls.copy(), kwargs, firstresult)
  File "/Users/jayant.dhingra/Desktop/couchbase-lite-tests/.venv/lib/python3.13/site-packages/pluggy/_manager.py", line 120, in _hookexec
    return self._inner_hookexec(hook_name, methods, kwargs, firstresult)
  File "/Users/jayant.dhingra/Desktop/couchbase-lite-tests/.venv/lib/python3.13/site-packages/pluggy/_callers.py", line 103, in _multicall
    res = hook_impl.function(*args)
  File "/Users/jayant.dhingra/Desktop/couchbase-lite-tests/.venv/lib/python3.13/site-packages/_pytest/python.py", line 166, in pytest_pyfunc_call
    result = testfunction(**testargs)
  File "/Users/jayant.dhingra/Desktop/couchbase-lite-tests/.venv/lib/python3.13/site-packages/pytest_asyncio/plugin.py", line 716, in inner
    runner.run(coro, context=context)
  File "/opt/homebrew/Cellar/python@3.13/3.13.7/Frameworks/Python.framework/Versions/3.13/lib/python3.13/asyncio/runners.py", line 118, in run
    return self._loop.run_until_complete(task)
  File "/opt/homebrew/Cellar/python@3.13/3.13.7/Frameworks/Python.framework/Versions/3.13/lib/python3.13/asyncio/base_events.py", line 712, in run_until_complete
    self.run_forever()
  File "/opt/homebrew/Cellar/python@3.13/3.13.7/Frameworks/Python.framework/Versions/3.13/lib/python3.13/asyncio/base_events.py", line 683, in run_forever
    self._run_once()
  File "/opt/homebrew/Cellar/python@3.13/3.13.7/Frameworks/Python.framework/Versions/3.13/lib/python3.13/asyncio/base_events.py", line 2050, in _run_once
    handle._run()
  File "/opt/homebrew/Cellar/python@3.13/3.13.7/Frameworks/Python.framework/Versions/3.13/lib/python3.13/asyncio/events.py", line 89, in _run
    self._context.run(self._callback, *self._args)
  File "/Users/jayant.dhingra/Desktop/couchbase-lite-tests/tests/dev_e2e/test_replication_auto_purge.py", line 425, in test_revoke_access_with_auto_purge_disabled
    dbs = await cblpytest.test_servers[0].create_and_reset_db(["db1"], dataset="posts")
  File "/Users/jayant.dhingra/Desktop/couchbase-lite-tests/client/src/cbltest/api/testserver.py", line 92, in create_and_reset_db
    await self.__request_factory.send_request(self.__index, request)
________ TestReplicationAutoPurge.test_filter_removed_access_documents _________
tests/dev_e2e/test_replication_auto_purge.py:537: in test_filter_removed_access_documents
    dbs = await cblpytest.test_servers[0].create_and_reset_db(["db1"], dataset="posts")
          ^^^^^^^^^^^^^^^^^^^^^^^^^^^^^^^^^^^^^^^^^^^^^^^^^^^^^^^^^^^^^^^^^^^^^^^^^^^^^
client/src/cbltest/api/testserver.py:92: in create_and_reset_db
    await self.__request_factory.send_request(self.__index, request)
client/src/cbltest/requests.py:194: in send_request
    ret_val = await transport.send(r, writer.num)
              ^^^^^^^^^^^^^^^^^^^^^^^^^^^^^^^^^^^
client/src/cbltest/requests_transport.py:120: in send
    await ws_conn.send_str(json.dumps(data))
.venv/lib/python3.13/site-packages/aiohttp/web_ws.py:478: in send_str
    await self._writer.send_frame(
.venv/lib/python3.13/site-packages/aiohttp/_websocket/writer.py:78: in send_frame
    raise ClientConnectionResetError("Cannot write to closing transport")
E   aiohttp.client_exceptions.ClientConnectionResetError: Cannot write to closing transport
------------------------------ Captured log setup ------------------------------
INFO     CBL:logging.py:111 🧹 Couchbase Server and Sync Gateway cleanup started
DEBUG    CBL:logging.py:115 🧹 SGW <cbltest.api.syncgateway.SyncGateway object at 0x11378b230>: found databases ['posts'], deleting...
DEBUG    CBL:logging.py:115 🧹 CBS <cbltest.api.couchbaseserver.CouchbaseServer object at 0x11378b620>: found buckets ['posts'], deleting...
DEBUG    CBL:logging.py:115 🧹 CBS <cbltest.api.couchbaseserver.CouchbaseServer object at 0x11378b620>: waiting for all buckets to be deleted...
INFO     CBL:logging.py:111 🧹 Couchbase Server and Sync Gateway cleanup finished
INFO     CBL:logging.py:111 Starting test: test_filter_removed_access_documents
------------------------------ Captured log call -------------------------------
INFO     CBL:logging.py:111 Moving to step 1:
INFO     CBL:logging.py:111 	Reset SG and load `posts` dataset
INFO     CBL:logging.py:111 Moving to step 2:
INFO     CBL:logging.py:111 	Reset local database and load `posts` dataset
DEBUG    CBL:logging.py:115 Sending (test_filter_removed_access_documents) -> 3917af92-025e-4519-be8e-49ffccb813ad v1 POST /reset to http://localhost:5173
ERROR    CBL:testserver.py:92 Failed to send (test_filter_removed_access_documents) -> 3917af92-025e-4519-be8e-49ffccb813ad v1 POST /reset to http://localhost:5173 (Cannot write to closing transport)
Stack (most recent call last):
  File "/Users/jayant.dhingra/Desktop/couchbase-lite-tests/.venv/bin/pytest", line 10, in <module>
    sys.exit(console_main())
  File "/Users/jayant.dhingra/Desktop/couchbase-lite-tests/.venv/lib/python3.13/site-packages/_pytest/config/__init__.py", line 223, in console_main
    code = main()
  File "/Users/jayant.dhingra/Desktop/couchbase-lite-tests/.venv/lib/python3.13/site-packages/_pytest/config/__init__.py", line 199, in main
    ret: ExitCode | int = config.hook.pytest_cmdline_main(config=config)
  File "/Users/jayant.dhingra/Desktop/couchbase-lite-tests/.venv/lib/python3.13/site-packages/pluggy/_hooks.py", line 513, in __call__
    return self._hookexec(self.name, self._hookimpls.copy(), kwargs, firstresult)
  File "/Users/jayant.dhingra/Desktop/couchbase-lite-tests/.venv/lib/python3.13/site-packages/pluggy/_manager.py", line 120, in _hookexec
    return self._inner_hookexec(hook_name, methods, kwargs, firstresult)
  File "/Users/jayant.dhingra/Desktop/couchbase-lite-tests/.venv/lib/python3.13/site-packages/pluggy/_callers.py", line 103, in _multicall
    res = hook_impl.function(*args)
  File "/Users/jayant.dhingra/Desktop/couchbase-lite-tests/.venv/lib/python3.13/site-packages/_pytest/main.py", line 365, in pytest_cmdline_main
    return wrap_session(config, _main)
  File "/Users/jayant.dhingra/Desktop/couchbase-lite-tests/.venv/lib/python3.13/site-packages/_pytest/main.py", line 318, in wrap_session
    session.exitstatus = doit(config, session) or 0
  File "/Users/jayant.dhingra/Desktop/couchbase-lite-tests/.venv/lib/python3.13/site-packages/_pytest/main.py", line 372, in _main
    config.hook.pytest_runtestloop(session=session)
  File "/Users/jayant.dhingra/Desktop/couchbase-lite-tests/.venv/lib/python3.13/site-packages/pluggy/_hooks.py", line 513, in __call__
    return self._hookexec(self.name, self._hookimpls.copy(), kwargs, firstresult)
  File "/Users/jayant.dhingra/Desktop/couchbase-lite-tests/.venv/lib/python3.13/site-packages/pluggy/_manager.py", line 120, in _hookexec
    return self._inner_hookexec(hook_name, methods, kwargs, firstresult)
  File "/Users/jayant.dhingra/Desktop/couchbase-lite-tests/.venv/lib/python3.13/site-packages/pluggy/_callers.py", line 103, in _multicall
    res = hook_impl.function(*args)
  File "/Users/jayant.dhingra/Desktop/couchbase-lite-tests/.venv/lib/python3.13/site-packages/_pytest/main.py", line 396, in pytest_runtestloop
    item.config.hook.pytest_runtest_protocol(item=item, nextitem=nextitem)
  File "/Users/jayant.dhingra/Desktop/couchbase-lite-tests/.venv/lib/python3.13/site-packages/pluggy/_hooks.py", line 513, in __call__
    return self._hookexec(self.name, self._hookimpls.copy(), kwargs, firstresult)
  File "/Users/jayant.dhingra/Desktop/couchbase-lite-tests/.venv/lib/python3.13/site-packages/pluggy/_manager.py", line 120, in _hookexec
    return self._inner_hookexec(hook_name, methods, kwargs, firstresult)
  File "/Users/jayant.dhingra/Desktop/couchbase-lite-tests/.venv/lib/python3.13/site-packages/pluggy/_callers.py", line 103, in _multicall
    res = hook_impl.function(*args)
  File "/Users/jayant.dhingra/Desktop/couchbase-lite-tests/.venv/lib/python3.13/site-packages/_pytest/runner.py", line 118, in pytest_runtest_protocol
    runtestprotocol(item, nextitem=nextitem)
  File "/Users/jayant.dhingra/Desktop/couchbase-lite-tests/.venv/lib/python3.13/site-packages/_pytest/runner.py", line 137, in runtestprotocol
    reports.append(call_and_report(item, "call", log))
  File "/Users/jayant.dhingra/Desktop/couchbase-lite-tests/.venv/lib/python3.13/site-packages/_pytest/runner.py", line 244, in call_and_report
    call = CallInfo.from_call(
  File "/Users/jayant.dhingra/Desktop/couchbase-lite-tests/.venv/lib/python3.13/site-packages/_pytest/runner.py", line 353, in from_call
    result: TResult | None = func()
  File "/Users/jayant.dhingra/Desktop/couchbase-lite-tests/.venv/lib/python3.13/site-packages/_pytest/runner.py", line 245, in <lambda>
    lambda: runtest_hook(item=item, **kwds),
  File "/Users/jayant.dhingra/Desktop/couchbase-lite-tests/.venv/lib/python3.13/site-packages/pluggy/_hooks.py", line 513, in __call__
    return self._hookexec(self.name, self._hookimpls.copy(), kwargs, firstresult)
  File "/Users/jayant.dhingra/Desktop/couchbase-lite-tests/.venv/lib/python3.13/site-packages/pluggy/_manager.py", line 120, in _hookexec
    return self._inner_hookexec(hook_name, methods, kwargs, firstresult)
  File "/Users/jayant.dhingra/Desktop/couchbase-lite-tests/.venv/lib/python3.13/site-packages/pluggy/_callers.py", line 103, in _multicall
    res = hook_impl.function(*args)
  File "/Users/jayant.dhingra/Desktop/couchbase-lite-tests/.venv/lib/python3.13/site-packages/_pytest/runner.py", line 179, in pytest_runtest_call
    item.runtest()
  File "/Users/jayant.dhingra/Desktop/couchbase-lite-tests/.venv/lib/python3.13/site-packages/pytest_asyncio/plugin.py", line 469, in runtest
    super().runtest()
  File "/Users/jayant.dhingra/Desktop/couchbase-lite-tests/.venv/lib/python3.13/site-packages/_pytest/python.py", line 1720, in runtest
    self.ihook.pytest_pyfunc_call(pyfuncitem=self)
  File "/Users/jayant.dhingra/Desktop/couchbase-lite-tests/.venv/lib/python3.13/site-packages/pluggy/_hooks.py", line 513, in __call__
    return self._hookexec(self.name, self._hookimpls.copy(), kwargs, firstresult)
  File "/Users/jayant.dhingra/Desktop/couchbase-lite-tests/.venv/lib/python3.13/site-packages/pluggy/_manager.py", line 120, in _hookexec
    return self._inner_hookexec(hook_name, methods, kwargs, firstresult)
  File "/Users/jayant.dhingra/Desktop/couchbase-lite-tests/.venv/lib/python3.13/site-packages/pluggy/_callers.py", line 103, in _multicall
    res = hook_impl.function(*args)
  File "/Users/jayant.dhingra/Desktop/couchbase-lite-tests/.venv/lib/python3.13/site-packages/_pytest/python.py", line 166, in pytest_pyfunc_call
    result = testfunction(**testargs)
  File "/Users/jayant.dhingra/Desktop/couchbase-lite-tests/.venv/lib/python3.13/site-packages/pytest_asyncio/plugin.py", line 716, in inner
    runner.run(coro, context=context)
  File "/opt/homebrew/Cellar/python@3.13/3.13.7/Frameworks/Python.framework/Versions/3.13/lib/python3.13/asyncio/runners.py", line 118, in run
    return self._loop.run_until_complete(task)
  File "/opt/homebrew/Cellar/python@3.13/3.13.7/Frameworks/Python.framework/Versions/3.13/lib/python3.13/asyncio/base_events.py", line 712, in run_until_complete
    self.run_forever()
  File "/opt/homebrew/Cellar/python@3.13/3.13.7/Frameworks/Python.framework/Versions/3.13/lib/python3.13/asyncio/base_events.py", line 683, in run_forever
    self._run_once()
  File "/opt/homebrew/Cellar/python@3.13/3.13.7/Frameworks/Python.framework/Versions/3.13/lib/python3.13/asyncio/base_events.py", line 2050, in _run_once
    handle._run()
  File "/opt/homebrew/Cellar/python@3.13/3.13.7/Frameworks/Python.framework/Versions/3.13/lib/python3.13/asyncio/events.py", line 89, in _run
    self._context.run(self._callback, *self._args)
  File "/Users/jayant.dhingra/Desktop/couchbase-lite-tests/tests/dev_e2e/test_replication_auto_purge.py", line 537, in test_filter_removed_access_documents
    dbs = await cblpytest.test_servers[0].create_and_reset_db(["db1"], dataset="posts")
  File "/Users/jayant.dhingra/Desktop/couchbase-lite-tests/client/src/cbltest/api/testserver.py", line 92, in create_and_reset_db
    await self.__request_factory.send_request(self.__index, request)
__________ TestReplicationAutoPurge.test_remove_user_from_role[True] ___________
tests/dev_e2e/test_replication_auto_purge.py:676: in test_remove_user_from_role
    dbs = await cblpytest.test_servers[0].create_and_reset_db(["db1"], dataset="posts")
          ^^^^^^^^^^^^^^^^^^^^^^^^^^^^^^^^^^^^^^^^^^^^^^^^^^^^^^^^^^^^^^^^^^^^^^^^^^^^^
client/src/cbltest/api/testserver.py:92: in create_and_reset_db
    await self.__request_factory.send_request(self.__index, request)
client/src/cbltest/requests.py:194: in send_request
    ret_val = await transport.send(r, writer.num)
              ^^^^^^^^^^^^^^^^^^^^^^^^^^^^^^^^^^^
client/src/cbltest/requests_transport.py:120: in send
    await ws_conn.send_str(json.dumps(data))
.venv/lib/python3.13/site-packages/aiohttp/web_ws.py:478: in send_str
    await self._writer.send_frame(
.venv/lib/python3.13/site-packages/aiohttp/_websocket/writer.py:78: in send_frame
    raise ClientConnectionResetError("Cannot write to closing transport")
E   aiohttp.client_exceptions.ClientConnectionResetError: Cannot write to closing transport
------------------------------ Captured log setup ------------------------------
INFO     CBL:logging.py:111 🧹 Couchbase Server and Sync Gateway cleanup started
DEBUG    CBL:logging.py:115 🧹 SGW <cbltest.api.syncgateway.SyncGateway object at 0x11378b230>: found databases ['posts'], deleting...
DEBUG    CBL:logging.py:115 🧹 CBS <cbltest.api.couchbaseserver.CouchbaseServer object at 0x11378b620>: found buckets ['posts'], deleting...
DEBUG    CBL:logging.py:115 🧹 CBS <cbltest.api.couchbaseserver.CouchbaseServer object at 0x11378b620>: waiting for all buckets to be deleted...
INFO     CBL:logging.py:111 🧹 Couchbase Server and Sync Gateway cleanup finished
INFO     CBL:logging.py:111 Starting test: test_remove_user_from_role
------------------------------ Captured log call -------------------------------
INFO     CBL:logging.py:111 Moving to step 1:
INFO     CBL:logging.py:111 	Reset SG and load `posts` dataset
INFO     CBL:logging.py:111 Moving to step 2:
INFO     CBL:logging.py:111 	Reset local database and load `posts` dataset
DEBUG    CBL:logging.py:115 Sending (test_remove_user_from_role) -> 3917af92-025e-4519-be8e-49ffccb813ad v1 POST /reset to http://localhost:5173
ERROR    CBL:testserver.py:92 Failed to send (test_remove_user_from_role) -> 3917af92-025e-4519-be8e-49ffccb813ad v1 POST /reset to http://localhost:5173 (Cannot write to closing transport)
Stack (most recent call last):
  File "/Users/jayant.dhingra/Desktop/couchbase-lite-tests/.venv/bin/pytest", line 10, in <module>
    sys.exit(console_main())
  File "/Users/jayant.dhingra/Desktop/couchbase-lite-tests/.venv/lib/python3.13/site-packages/_pytest/config/__init__.py", line 223, in console_main
    code = main()
  File "/Users/jayant.dhingra/Desktop/couchbase-lite-tests/.venv/lib/python3.13/site-packages/_pytest/config/__init__.py", line 199, in main
    ret: ExitCode | int = config.hook.pytest_cmdline_main(config=config)
  File "/Users/jayant.dhingra/Desktop/couchbase-lite-tests/.venv/lib/python3.13/site-packages/pluggy/_hooks.py", line 513, in __call__
    return self._hookexec(self.name, self._hookimpls.copy(), kwargs, firstresult)
  File "/Users/jayant.dhingra/Desktop/couchbase-lite-tests/.venv/lib/python3.13/site-packages/pluggy/_manager.py", line 120, in _hookexec
    return self._inner_hookexec(hook_name, methods, kwargs, firstresult)
  File "/Users/jayant.dhingra/Desktop/couchbase-lite-tests/.venv/lib/python3.13/site-packages/pluggy/_callers.py", line 103, in _multicall
    res = hook_impl.function(*args)
  File "/Users/jayant.dhingra/Desktop/couchbase-lite-tests/.venv/lib/python3.13/site-packages/_pytest/main.py", line 365, in pytest_cmdline_main
    return wrap_session(config, _main)
  File "/Users/jayant.dhingra/Desktop/couchbase-lite-tests/.venv/lib/python3.13/site-packages/_pytest/main.py", line 318, in wrap_session
    session.exitstatus = doit(config, session) or 0
  File "/Users/jayant.dhingra/Desktop/couchbase-lite-tests/.venv/lib/python3.13/site-packages/_pytest/main.py", line 372, in _main
    config.hook.pytest_runtestloop(session=session)
  File "/Users/jayant.dhingra/Desktop/couchbase-lite-tests/.venv/lib/python3.13/site-packages/pluggy/_hooks.py", line 513, in __call__
    return self._hookexec(self.name, self._hookimpls.copy(), kwargs, firstresult)
  File "/Users/jayant.dhingra/Desktop/couchbase-lite-tests/.venv/lib/python3.13/site-packages/pluggy/_manager.py", line 120, in _hookexec
    return self._inner_hookexec(hook_name, methods, kwargs, firstresult)
  File "/Users/jayant.dhingra/Desktop/couchbase-lite-tests/.venv/lib/python3.13/site-packages/pluggy/_callers.py", line 103, in _multicall
    res = hook_impl.function(*args)
  File "/Users/jayant.dhingra/Desktop/couchbase-lite-tests/.venv/lib/python3.13/site-packages/_pytest/main.py", line 396, in pytest_runtestloop
    item.config.hook.pytest_runtest_protocol(item=item, nextitem=nextitem)
  File "/Users/jayant.dhingra/Desktop/couchbase-lite-tests/.venv/lib/python3.13/site-packages/pluggy/_hooks.py", line 513, in __call__
    return self._hookexec(self.name, self._hookimpls.copy(), kwargs, firstresult)
  File "/Users/jayant.dhingra/Desktop/couchbase-lite-tests/.venv/lib/python3.13/site-packages/pluggy/_manager.py", line 120, in _hookexec
    return self._inner_hookexec(hook_name, methods, kwargs, firstresult)
  File "/Users/jayant.dhingra/Desktop/couchbase-lite-tests/.venv/lib/python3.13/site-packages/pluggy/_callers.py", line 103, in _multicall
    res = hook_impl.function(*args)
  File "/Users/jayant.dhingra/Desktop/couchbase-lite-tests/.venv/lib/python3.13/site-packages/_pytest/runner.py", line 118, in pytest_runtest_protocol
    runtestprotocol(item, nextitem=nextitem)
  File "/Users/jayant.dhingra/Desktop/couchbase-lite-tests/.venv/lib/python3.13/site-packages/_pytest/runner.py", line 137, in runtestprotocol
    reports.append(call_and_report(item, "call", log))
  File "/Users/jayant.dhingra/Desktop/couchbase-lite-tests/.venv/lib/python3.13/site-packages/_pytest/runner.py", line 244, in call_and_report
    call = CallInfo.from_call(
  File "/Users/jayant.dhingra/Desktop/couchbase-lite-tests/.venv/lib/python3.13/site-packages/_pytest/runner.py", line 353, in from_call
    result: TResult | None = func()
  File "/Users/jayant.dhingra/Desktop/couchbase-lite-tests/.venv/lib/python3.13/site-packages/_pytest/runner.py", line 245, in <lambda>
    lambda: runtest_hook(item=item, **kwds),
  File "/Users/jayant.dhingra/Desktop/couchbase-lite-tests/.venv/lib/python3.13/site-packages/pluggy/_hooks.py", line 513, in __call__
    return self._hookexec(self.name, self._hookimpls.copy(), kwargs, firstresult)
  File "/Users/jayant.dhingra/Desktop/couchbase-lite-tests/.venv/lib/python3.13/site-packages/pluggy/_manager.py", line 120, in _hookexec
    return self._inner_hookexec(hook_name, methods, kwargs, firstresult)
  File "/Users/jayant.dhingra/Desktop/couchbase-lite-tests/.venv/lib/python3.13/site-packages/pluggy/_callers.py", line 103, in _multicall
    res = hook_impl.function(*args)
  File "/Users/jayant.dhingra/Desktop/couchbase-lite-tests/.venv/lib/python3.13/site-packages/_pytest/runner.py", line 179, in pytest_runtest_call
    item.runtest()
  File "/Users/jayant.dhingra/Desktop/couchbase-lite-tests/.venv/lib/python3.13/site-packages/pytest_asyncio/plugin.py", line 469, in runtest
    super().runtest()
  File "/Users/jayant.dhingra/Desktop/couchbase-lite-tests/.venv/lib/python3.13/site-packages/_pytest/python.py", line 1720, in runtest
    self.ihook.pytest_pyfunc_call(pyfuncitem=self)
  File "/Users/jayant.dhingra/Desktop/couchbase-lite-tests/.venv/lib/python3.13/site-packages/pluggy/_hooks.py", line 513, in __call__
    return self._hookexec(self.name, self._hookimpls.copy(), kwargs, firstresult)
  File "/Users/jayant.dhingra/Desktop/couchbase-lite-tests/.venv/lib/python3.13/site-packages/pluggy/_manager.py", line 120, in _hookexec
    return self._inner_hookexec(hook_name, methods, kwargs, firstresult)
  File "/Users/jayant.dhingra/Desktop/couchbase-lite-tests/.venv/lib/python3.13/site-packages/pluggy/_callers.py", line 103, in _multicall
    res = hook_impl.function(*args)
  File "/Users/jayant.dhingra/Desktop/couchbase-lite-tests/.venv/lib/python3.13/site-packages/_pytest/python.py", line 166, in pytest_pyfunc_call
    result = testfunction(**testargs)
  File "/Users/jayant.dhingra/Desktop/couchbase-lite-tests/.venv/lib/python3.13/site-packages/pytest_asyncio/plugin.py", line 716, in inner
    runner.run(coro, context=context)
  File "/opt/homebrew/Cellar/python@3.13/3.13.7/Frameworks/Python.framework/Versions/3.13/lib/python3.13/asyncio/runners.py", line 118, in run
    return self._loop.run_until_complete(task)
  File "/opt/homebrew/Cellar/python@3.13/3.13.7/Frameworks/Python.framework/Versions/3.13/lib/python3.13/asyncio/base_events.py", line 712, in run_until_complete
    self.run_forever()
  File "/opt/homebrew/Cellar/python@3.13/3.13.7/Frameworks/Python.framework/Versions/3.13/lib/python3.13/asyncio/base_events.py", line 683, in run_forever
    self._run_once()
  File "/opt/homebrew/Cellar/python@3.13/3.13.7/Frameworks/Python.framework/Versions/3.13/lib/python3.13/asyncio/base_events.py", line 2050, in _run_once
    handle._run()
  File "/opt/homebrew/Cellar/python@3.13/3.13.7/Frameworks/Python.framework/Versions/3.13/lib/python3.13/asyncio/events.py", line 89, in _run
    self._context.run(self._callback, *self._args)
  File "/Users/jayant.dhingra/Desktop/couchbase-lite-tests/tests/dev_e2e/test_replication_auto_purge.py", line 676, in test_remove_user_from_role
    dbs = await cblpytest.test_servers[0].create_and_reset_db(["db1"], dataset="posts")
  File "/Users/jayant.dhingra/Desktop/couchbase-lite-tests/client/src/cbltest/api/testserver.py", line 92, in create_and_reset_db
    await self.__request_factory.send_request(self.__index, request)
__________ TestReplicationAutoPurge.test_remove_user_from_role[False] __________
tests/dev_e2e/test_replication_auto_purge.py:676: in test_remove_user_from_role
    dbs = await cblpytest.test_servers[0].create_and_reset_db(["db1"], dataset="posts")
          ^^^^^^^^^^^^^^^^^^^^^^^^^^^^^^^^^^^^^^^^^^^^^^^^^^^^^^^^^^^^^^^^^^^^^^^^^^^^^
client/src/cbltest/api/testserver.py:92: in create_and_reset_db
    await self.__request_factory.send_request(self.__index, request)
client/src/cbltest/requests.py:194: in send_request
    ret_val = await transport.send(r, writer.num)
              ^^^^^^^^^^^^^^^^^^^^^^^^^^^^^^^^^^^
client/src/cbltest/requests_transport.py:120: in send
    await ws_conn.send_str(json.dumps(data))
.venv/lib/python3.13/site-packages/aiohttp/web_ws.py:478: in send_str
    await self._writer.send_frame(
.venv/lib/python3.13/site-packages/aiohttp/_websocket/writer.py:78: in send_frame
    raise ClientConnectionResetError("Cannot write to closing transport")
E   aiohttp.client_exceptions.ClientConnectionResetError: Cannot write to closing transport
------------------------------ Captured log setup ------------------------------
INFO     CBL:logging.py:111 🧹 Couchbase Server and Sync Gateway cleanup started
DEBUG    CBL:logging.py:115 🧹 SGW <cbltest.api.syncgateway.SyncGateway object at 0x11378b230>: found databases ['posts'], deleting...
DEBUG    CBL:logging.py:115 🧹 CBS <cbltest.api.couchbaseserver.CouchbaseServer object at 0x11378b620>: found buckets ['posts'], deleting...
DEBUG    CBL:logging.py:115 🧹 CBS <cbltest.api.couchbaseserver.CouchbaseServer object at 0x11378b620>: waiting for all buckets to be deleted...
INFO     CBL:logging.py:111 🧹 Couchbase Server and Sync Gateway cleanup finished
INFO     CBL:logging.py:111 Starting test: test_remove_user_from_role
------------------------------ Captured log call -------------------------------
INFO     CBL:logging.py:111 Moving to step 1:
INFO     CBL:logging.py:111 	Reset SG and load `posts` dataset
INFO     CBL:logging.py:111 Moving to step 2:
INFO     CBL:logging.py:111 	Reset local database and load `posts` dataset
DEBUG    CBL:logging.py:115 Sending (test_remove_user_from_role) -> 3917af92-025e-4519-be8e-49ffccb813ad v1 POST /reset to http://localhost:5173
ERROR    CBL:testserver.py:92 Failed to send (test_remove_user_from_role) -> 3917af92-025e-4519-be8e-49ffccb813ad v1 POST /reset to http://localhost:5173 (Cannot write to closing transport)
Stack (most recent call last):
  File "/Users/jayant.dhingra/Desktop/couchbase-lite-tests/.venv/bin/pytest", line 10, in <module>
    sys.exit(console_main())
  File "/Users/jayant.dhingra/Desktop/couchbase-lite-tests/.venv/lib/python3.13/site-packages/_pytest/config/__init__.py", line 223, in console_main
    code = main()
  File "/Users/jayant.dhingra/Desktop/couchbase-lite-tests/.venv/lib/python3.13/site-packages/_pytest/config/__init__.py", line 199, in main
    ret: ExitCode | int = config.hook.pytest_cmdline_main(config=config)
  File "/Users/jayant.dhingra/Desktop/couchbase-lite-tests/.venv/lib/python3.13/site-packages/pluggy/_hooks.py", line 513, in __call__
    return self._hookexec(self.name, self._hookimpls.copy(), kwargs, firstresult)
  File "/Users/jayant.dhingra/Desktop/couchbase-lite-tests/.venv/lib/python3.13/site-packages/pluggy/_manager.py", line 120, in _hookexec
    return self._inner_hookexec(hook_name, methods, kwargs, firstresult)
  File "/Users/jayant.dhingra/Desktop/couchbase-lite-tests/.venv/lib/python3.13/site-packages/pluggy/_callers.py", line 103, in _multicall
    res = hook_impl.function(*args)
  File "/Users/jayant.dhingra/Desktop/couchbase-lite-tests/.venv/lib/python3.13/site-packages/_pytest/main.py", line 365, in pytest_cmdline_main
    return wrap_session(config, _main)
  File "/Users/jayant.dhingra/Desktop/couchbase-lite-tests/.venv/lib/python3.13/site-packages/_pytest/main.py", line 318, in wrap_session
    session.exitstatus = doit(config, session) or 0
  File "/Users/jayant.dhingra/Desktop/couchbase-lite-tests/.venv/lib/python3.13/site-packages/_pytest/main.py", line 372, in _main
    config.hook.pytest_runtestloop(session=session)
  File "/Users/jayant.dhingra/Desktop/couchbase-lite-tests/.venv/lib/python3.13/site-packages/pluggy/_hooks.py", line 513, in __call__
    return self._hookexec(self.name, self._hookimpls.copy(), kwargs, firstresult)
  File "/Users/jayant.dhingra/Desktop/couchbase-lite-tests/.venv/lib/python3.13/site-packages/pluggy/_manager.py", line 120, in _hookexec
    return self._inner_hookexec(hook_name, methods, kwargs, firstresult)
  File "/Users/jayant.dhingra/Desktop/couchbase-lite-tests/.venv/lib/python3.13/site-packages/pluggy/_callers.py", line 103, in _multicall
    res = hook_impl.function(*args)
  File "/Users/jayant.dhingra/Desktop/couchbase-lite-tests/.venv/lib/python3.13/site-packages/_pytest/main.py", line 396, in pytest_runtestloop
    item.config.hook.pytest_runtest_protocol(item=item, nextitem=nextitem)
  File "/Users/jayant.dhingra/Desktop/couchbase-lite-tests/.venv/lib/python3.13/site-packages/pluggy/_hooks.py", line 513, in __call__
    return self._hookexec(self.name, self._hookimpls.copy(), kwargs, firstresult)
  File "/Users/jayant.dhingra/Desktop/couchbase-lite-tests/.venv/lib/python3.13/site-packages/pluggy/_manager.py", line 120, in _hookexec
    return self._inner_hookexec(hook_name, methods, kwargs, firstresult)
  File "/Users/jayant.dhingra/Desktop/couchbase-lite-tests/.venv/lib/python3.13/site-packages/pluggy/_callers.py", line 103, in _multicall
    res = hook_impl.function(*args)
  File "/Users/jayant.dhingra/Desktop/couchbase-lite-tests/.venv/lib/python3.13/site-packages/_pytest/runner.py", line 118, in pytest_runtest_protocol
    runtestprotocol(item, nextitem=nextitem)
  File "/Users/jayant.dhingra/Desktop/couchbase-lite-tests/.venv/lib/python3.13/site-packages/_pytest/runner.py", line 137, in runtestprotocol
    reports.append(call_and_report(item, "call", log))
  File "/Users/jayant.dhingra/Desktop/couchbase-lite-tests/.venv/lib/python3.13/site-packages/_pytest/runner.py", line 244, in call_and_report
    call = CallInfo.from_call(
  File "/Users/jayant.dhingra/Desktop/couchbase-lite-tests/.venv/lib/python3.13/site-packages/_pytest/runner.py", line 353, in from_call
    result: TResult | None = func()
  File "/Users/jayant.dhingra/Desktop/couchbase-lite-tests/.venv/lib/python3.13/site-packages/_pytest/runner.py", line 245, in <lambda>
    lambda: runtest_hook(item=item, **kwds),
  File "/Users/jayant.dhingra/Desktop/couchbase-lite-tests/.venv/lib/python3.13/site-packages/pluggy/_hooks.py", line 513, in __call__
    return self._hookexec(self.name, self._hookimpls.copy(), kwargs, firstresult)
  File "/Users/jayant.dhingra/Desktop/couchbase-lite-tests/.venv/lib/python3.13/site-packages/pluggy/_manager.py", line 120, in _hookexec
    return self._inner_hookexec(hook_name, methods, kwargs, firstresult)
  File "/Users/jayant.dhingra/Desktop/couchbase-lite-tests/.venv/lib/python3.13/site-packages/pluggy/_callers.py", line 103, in _multicall
    res = hook_impl.function(*args)
  File "/Users/jayant.dhingra/Desktop/couchbase-lite-tests/.venv/lib/python3.13/site-packages/_pytest/runner.py", line 179, in pytest_runtest_call
    item.runtest()
  File "/Users/jayant.dhingra/Desktop/couchbase-lite-tests/.venv/lib/python3.13/site-packages/pytest_asyncio/plugin.py", line 469, in runtest
    super().runtest()
  File "/Users/jayant.dhingra/Desktop/couchbase-lite-tests/.venv/lib/python3.13/site-packages/_pytest/python.py", line 1720, in runtest
    self.ihook.pytest_pyfunc_call(pyfuncitem=self)
  File "/Users/jayant.dhingra/Desktop/couchbase-lite-tests/.venv/lib/python3.13/site-packages/pluggy/_hooks.py", line 513, in __call__
    return self._hookexec(self.name, self._hookimpls.copy(), kwargs, firstresult)
  File "/Users/jayant.dhingra/Desktop/couchbase-lite-tests/.venv/lib/python3.13/site-packages/pluggy/_manager.py", line 120, in _hookexec
    return self._inner_hookexec(hook_name, methods, kwargs, firstresult)
  File "/Users/jayant.dhingra/Desktop/couchbase-lite-tests/.venv/lib/python3.13/site-packages/pluggy/_callers.py", line 103, in _multicall
    res = hook_impl.function(*args)
  File "/Users/jayant.dhingra/Desktop/couchbase-lite-tests/.venv/lib/python3.13/site-packages/_pytest/python.py", line 166, in pytest_pyfunc_call
    result = testfunction(**testargs)
  File "/Users/jayant.dhingra/Desktop/couchbase-lite-tests/.venv/lib/python3.13/site-packages/pytest_asyncio/plugin.py", line 716, in inner
    runner.run(coro, context=context)
  File "/opt/homebrew/Cellar/python@3.13/3.13.7/Frameworks/Python.framework/Versions/3.13/lib/python3.13/asyncio/runners.py", line 118, in run
    return self._loop.run_until_complete(task)
  File "/opt/homebrew/Cellar/python@3.13/3.13.7/Frameworks/Python.framework/Versions/3.13/lib/python3.13/asyncio/base_events.py", line 712, in run_until_complete
    self.run_forever()
  File "/opt/homebrew/Cellar/python@3.13/3.13.7/Frameworks/Python.framework/Versions/3.13/lib/python3.13/asyncio/base_events.py", line 683, in run_forever
    self._run_once()
  File "/opt/homebrew/Cellar/python@3.13/3.13.7/Frameworks/Python.framework/Versions/3.13/lib/python3.13/asyncio/base_events.py", line 2050, in _run_once
    handle._run()
  File "/opt/homebrew/Cellar/python@3.13/3.13.7/Frameworks/Python.framework/Versions/3.13/lib/python3.13/asyncio/events.py", line 89, in _run
    self._context.run(self._callback, *self._args)
  File "/Users/jayant.dhingra/Desktop/couchbase-lite-tests/tests/dev_e2e/test_replication_auto_purge.py", line 676, in test_remove_user_from_role
    dbs = await cblpytest.test_servers[0].create_and_reset_db(["db1"], dataset="posts")
  File "/Users/jayant.dhingra/Desktop/couchbase-lite-tests/client/src/cbltest/api/testserver.py", line 92, in create_and_reset_db
    await self.__request_factory.send_request(self.__index, request)
_________ TestReplicationAutoPurge.test_remove_role_from_channel[True] _________
tests/dev_e2e/test_replication_auto_purge.py:780: in test_remove_role_from_channel
    dbs = await cblpytest.test_servers[0].create_and_reset_db(["db1"], dataset="posts")
          ^^^^^^^^^^^^^^^^^^^^^^^^^^^^^^^^^^^^^^^^^^^^^^^^^^^^^^^^^^^^^^^^^^^^^^^^^^^^^
client/src/cbltest/api/testserver.py:92: in create_and_reset_db
    await self.__request_factory.send_request(self.__index, request)
client/src/cbltest/requests.py:194: in send_request
    ret_val = await transport.send(r, writer.num)
              ^^^^^^^^^^^^^^^^^^^^^^^^^^^^^^^^^^^
client/src/cbltest/requests_transport.py:120: in send
    await ws_conn.send_str(json.dumps(data))
.venv/lib/python3.13/site-packages/aiohttp/web_ws.py:478: in send_str
    await self._writer.send_frame(
.venv/lib/python3.13/site-packages/aiohttp/_websocket/writer.py:78: in send_frame
    raise ClientConnectionResetError("Cannot write to closing transport")
E   aiohttp.client_exceptions.ClientConnectionResetError: Cannot write to closing transport
------------------------------ Captured log setup ------------------------------
INFO     CBL:logging.py:111 🧹 Couchbase Server and Sync Gateway cleanup started
DEBUG    CBL:logging.py:115 🧹 SGW <cbltest.api.syncgateway.SyncGateway object at 0x11378b230>: found databases ['posts'], deleting...
DEBUG    CBL:logging.py:115 🧹 CBS <cbltest.api.couchbaseserver.CouchbaseServer object at 0x11378b620>: found buckets ['posts'], deleting...
DEBUG    CBL:logging.py:115 🧹 CBS <cbltest.api.couchbaseserver.CouchbaseServer object at 0x11378b620>: waiting for all buckets to be deleted...
INFO     CBL:logging.py:111 🧹 Couchbase Server and Sync Gateway cleanup finished
INFO     CBL:logging.py:111 Starting test: test_remove_role_from_channel
------------------------------ Captured log call -------------------------------
INFO     CBL:logging.py:111 Moving to step 1:
INFO     CBL:logging.py:111 	Reset SG and load `posts` dataset
INFO     CBL:logging.py:111 Moving to step 2:
INFO     CBL:logging.py:111 	Reset local database and load `posts` dataset
DEBUG    CBL:logging.py:115 Sending (test_remove_role_from_channel) -> 3917af92-025e-4519-be8e-49ffccb813ad v1 POST /reset to http://localhost:5173
ERROR    CBL:testserver.py:92 Failed to send (test_remove_role_from_channel) -> 3917af92-025e-4519-be8e-49ffccb813ad v1 POST /reset to http://localhost:5173 (Cannot write to closing transport)
Stack (most recent call last):
  File "/Users/jayant.dhingra/Desktop/couchbase-lite-tests/.venv/bin/pytest", line 10, in <module>
    sys.exit(console_main())
  File "/Users/jayant.dhingra/Desktop/couchbase-lite-tests/.venv/lib/python3.13/site-packages/_pytest/config/__init__.py", line 223, in console_main
    code = main()
  File "/Users/jayant.dhingra/Desktop/couchbase-lite-tests/.venv/lib/python3.13/site-packages/_pytest/config/__init__.py", line 199, in main
    ret: ExitCode | int = config.hook.pytest_cmdline_main(config=config)
  File "/Users/jayant.dhingra/Desktop/couchbase-lite-tests/.venv/lib/python3.13/site-packages/pluggy/_hooks.py", line 513, in __call__
    return self._hookexec(self.name, self._hookimpls.copy(), kwargs, firstresult)
  File "/Users/jayant.dhingra/Desktop/couchbase-lite-tests/.venv/lib/python3.13/site-packages/pluggy/_manager.py", line 120, in _hookexec
    return self._inner_hookexec(hook_name, methods, kwargs, firstresult)
  File "/Users/jayant.dhingra/Desktop/couchbase-lite-tests/.venv/lib/python3.13/site-packages/pluggy/_callers.py", line 103, in _multicall
    res = hook_impl.function(*args)
  File "/Users/jayant.dhingra/Desktop/couchbase-lite-tests/.venv/lib/python3.13/site-packages/_pytest/main.py", line 365, in pytest_cmdline_main
    return wrap_session(config, _main)
  File "/Users/jayant.dhingra/Desktop/couchbase-lite-tests/.venv/lib/python3.13/site-packages/_pytest/main.py", line 318, in wrap_session
    session.exitstatus = doit(config, session) or 0
  File "/Users/jayant.dhingra/Desktop/couchbase-lite-tests/.venv/lib/python3.13/site-packages/_pytest/main.py", line 372, in _main
    config.hook.pytest_runtestloop(session=session)
  File "/Users/jayant.dhingra/Desktop/couchbase-lite-tests/.venv/lib/python3.13/site-packages/pluggy/_hooks.py", line 513, in __call__
    return self._hookexec(self.name, self._hookimpls.copy(), kwargs, firstresult)
  File "/Users/jayant.dhingra/Desktop/couchbase-lite-tests/.venv/lib/python3.13/site-packages/pluggy/_manager.py", line 120, in _hookexec
    return self._inner_hookexec(hook_name, methods, kwargs, firstresult)
  File "/Users/jayant.dhingra/Desktop/couchbase-lite-tests/.venv/lib/python3.13/site-packages/pluggy/_callers.py", line 103, in _multicall
    res = hook_impl.function(*args)
  File "/Users/jayant.dhingra/Desktop/couchbase-lite-tests/.venv/lib/python3.13/site-packages/_pytest/main.py", line 396, in pytest_runtestloop
    item.config.hook.pytest_runtest_protocol(item=item, nextitem=nextitem)
  File "/Users/jayant.dhingra/Desktop/couchbase-lite-tests/.venv/lib/python3.13/site-packages/pluggy/_hooks.py", line 513, in __call__
    return self._hookexec(self.name, self._hookimpls.copy(), kwargs, firstresult)
  File "/Users/jayant.dhingra/Desktop/couchbase-lite-tests/.venv/lib/python3.13/site-packages/pluggy/_manager.py", line 120, in _hookexec
    return self._inner_hookexec(hook_name, methods, kwargs, firstresult)
  File "/Users/jayant.dhingra/Desktop/couchbase-lite-tests/.venv/lib/python3.13/site-packages/pluggy/_callers.py", line 103, in _multicall
    res = hook_impl.function(*args)
  File "/Users/jayant.dhingra/Desktop/couchbase-lite-tests/.venv/lib/python3.13/site-packages/_pytest/runner.py", line 118, in pytest_runtest_protocol
    runtestprotocol(item, nextitem=nextitem)
  File "/Users/jayant.dhingra/Desktop/couchbase-lite-tests/.venv/lib/python3.13/site-packages/_pytest/runner.py", line 137, in runtestprotocol
    reports.append(call_and_report(item, "call", log))
  File "/Users/jayant.dhingra/Desktop/couchbase-lite-tests/.venv/lib/python3.13/site-packages/_pytest/runner.py", line 244, in call_and_report
    call = CallInfo.from_call(
  File "/Users/jayant.dhingra/Desktop/couchbase-lite-tests/.venv/lib/python3.13/site-packages/_pytest/runner.py", line 353, in from_call
    result: TResult | None = func()
  File "/Users/jayant.dhingra/Desktop/couchbase-lite-tests/.venv/lib/python3.13/site-packages/_pytest/runner.py", line 245, in <lambda>
    lambda: runtest_hook(item=item, **kwds),
  File "/Users/jayant.dhingra/Desktop/couchbase-lite-tests/.venv/lib/python3.13/site-packages/pluggy/_hooks.py", line 513, in __call__
    return self._hookexec(self.name, self._hookimpls.copy(), kwargs, firstresult)
  File "/Users/jayant.dhingra/Desktop/couchbase-lite-tests/.venv/lib/python3.13/site-packages/pluggy/_manager.py", line 120, in _hookexec
    return self._inner_hookexec(hook_name, methods, kwargs, firstresult)
  File "/Users/jayant.dhingra/Desktop/couchbase-lite-tests/.venv/lib/python3.13/site-packages/pluggy/_callers.py", line 103, in _multicall
    res = hook_impl.function(*args)
  File "/Users/jayant.dhingra/Desktop/couchbase-lite-tests/.venv/lib/python3.13/site-packages/_pytest/runner.py", line 179, in pytest_runtest_call
    item.runtest()
  File "/Users/jayant.dhingra/Desktop/couchbase-lite-tests/.venv/lib/python3.13/site-packages/pytest_asyncio/plugin.py", line 469, in runtest
    super().runtest()
  File "/Users/jayant.dhingra/Desktop/couchbase-lite-tests/.venv/lib/python3.13/site-packages/_pytest/python.py", line 1720, in runtest
    self.ihook.pytest_pyfunc_call(pyfuncitem=self)
  File "/Users/jayant.dhingra/Desktop/couchbase-lite-tests/.venv/lib/python3.13/site-packages/pluggy/_hooks.py", line 513, in __call__
    return self._hookexec(self.name, self._hookimpls.copy(), kwargs, firstresult)
  File "/Users/jayant.dhingra/Desktop/couchbase-lite-tests/.venv/lib/python3.13/site-packages/pluggy/_manager.py", line 120, in _hookexec
    return self._inner_hookexec(hook_name, methods, kwargs, firstresult)
  File "/Users/jayant.dhingra/Desktop/couchbase-lite-tests/.venv/lib/python3.13/site-packages/pluggy/_callers.py", line 103, in _multicall
    res = hook_impl.function(*args)
  File "/Users/jayant.dhingra/Desktop/couchbase-lite-tests/.venv/lib/python3.13/site-packages/_pytest/python.py", line 166, in pytest_pyfunc_call
    result = testfunction(**testargs)
  File "/Users/jayant.dhingra/Desktop/couchbase-lite-tests/.venv/lib/python3.13/site-packages/pytest_asyncio/plugin.py", line 716, in inner
    runner.run(coro, context=context)
  File "/opt/homebrew/Cellar/python@3.13/3.13.7/Frameworks/Python.framework/Versions/3.13/lib/python3.13/asyncio/runners.py", line 118, in run
    return self._loop.run_until_complete(task)
  File "/opt/homebrew/Cellar/python@3.13/3.13.7/Frameworks/Python.framework/Versions/3.13/lib/python3.13/asyncio/base_events.py", line 712, in run_until_complete
    self.run_forever()
  File "/opt/homebrew/Cellar/python@3.13/3.13.7/Frameworks/Python.framework/Versions/3.13/lib/python3.13/asyncio/base_events.py", line 683, in run_forever
    self._run_once()
  File "/opt/homebrew/Cellar/python@3.13/3.13.7/Frameworks/Python.framework/Versions/3.13/lib/python3.13/asyncio/base_events.py", line 2050, in _run_once
    handle._run()
  File "/opt/homebrew/Cellar/python@3.13/3.13.7/Frameworks/Python.framework/Versions/3.13/lib/python3.13/asyncio/events.py", line 89, in _run
    self._context.run(self._callback, *self._args)
  File "/Users/jayant.dhingra/Desktop/couchbase-lite-tests/tests/dev_e2e/test_replication_auto_purge.py", line 780, in test_remove_role_from_channel
    dbs = await cblpytest.test_servers[0].create_and_reset_db(["db1"], dataset="posts")
  File "/Users/jayant.dhingra/Desktop/couchbase-lite-tests/client/src/cbltest/api/testserver.py", line 92, in create_and_reset_db
    await self.__request_factory.send_request(self.__index, request)
________ TestReplicationAutoPurge.test_remove_role_from_channel[False] _________
tests/dev_e2e/test_replication_auto_purge.py:780: in test_remove_role_from_channel
    dbs = await cblpytest.test_servers[0].create_and_reset_db(["db1"], dataset="posts")
          ^^^^^^^^^^^^^^^^^^^^^^^^^^^^^^^^^^^^^^^^^^^^^^^^^^^^^^^^^^^^^^^^^^^^^^^^^^^^^
client/src/cbltest/api/testserver.py:92: in create_and_reset_db
    await self.__request_factory.send_request(self.__index, request)
client/src/cbltest/requests.py:194: in send_request
    ret_val = await transport.send(r, writer.num)
              ^^^^^^^^^^^^^^^^^^^^^^^^^^^^^^^^^^^
client/src/cbltest/requests_transport.py:120: in send
    await ws_conn.send_str(json.dumps(data))
.venv/lib/python3.13/site-packages/aiohttp/web_ws.py:478: in send_str
    await self._writer.send_frame(
.venv/lib/python3.13/site-packages/aiohttp/_websocket/writer.py:78: in send_frame
    raise ClientConnectionResetError("Cannot write to closing transport")
E   aiohttp.client_exceptions.ClientConnectionResetError: Cannot write to closing transport
------------------------------ Captured log setup ------------------------------
INFO     CBL:logging.py:111 🧹 Couchbase Server and Sync Gateway cleanup started
DEBUG    CBL:logging.py:115 🧹 SGW <cbltest.api.syncgateway.SyncGateway object at 0x11378b230>: found databases ['posts'], deleting...
DEBUG    CBL:logging.py:115 🧹 CBS <cbltest.api.couchbaseserver.CouchbaseServer object at 0x11378b620>: found buckets ['posts'], deleting...
DEBUG    CBL:logging.py:115 🧹 CBS <cbltest.api.couchbaseserver.CouchbaseServer object at 0x11378b620>: waiting for all buckets to be deleted...
INFO     CBL:logging.py:111 🧹 Couchbase Server and Sync Gateway cleanup finished
INFO     CBL:logging.py:111 Starting test: test_remove_role_from_channel
------------------------------ Captured log call -------------------------------
INFO     CBL:logging.py:111 Moving to step 1:
INFO     CBL:logging.py:111 	Reset SG and load `posts` dataset
INFO     CBL:logging.py:111 Moving to step 2:
INFO     CBL:logging.py:111 	Reset local database and load `posts` dataset
DEBUG    CBL:logging.py:115 Sending (test_remove_role_from_channel) -> 3917af92-025e-4519-be8e-49ffccb813ad v1 POST /reset to http://localhost:5173
ERROR    CBL:testserver.py:92 Failed to send (test_remove_role_from_channel) -> 3917af92-025e-4519-be8e-49ffccb813ad v1 POST /reset to http://localhost:5173 (Cannot write to closing transport)
Stack (most recent call last):
  File "/Users/jayant.dhingra/Desktop/couchbase-lite-tests/.venv/bin/pytest", line 10, in <module>
    sys.exit(console_main())
  File "/Users/jayant.dhingra/Desktop/couchbase-lite-tests/.venv/lib/python3.13/site-packages/_pytest/config/__init__.py", line 223, in console_main
    code = main()
  File "/Users/jayant.dhingra/Desktop/couchbase-lite-tests/.venv/lib/python3.13/site-packages/_pytest/config/__init__.py", line 199, in main
    ret: ExitCode | int = config.hook.pytest_cmdline_main(config=config)
  File "/Users/jayant.dhingra/Desktop/couchbase-lite-tests/.venv/lib/python3.13/site-packages/pluggy/_hooks.py", line 513, in __call__
    return self._hookexec(self.name, self._hookimpls.copy(), kwargs, firstresult)
  File "/Users/jayant.dhingra/Desktop/couchbase-lite-tests/.venv/lib/python3.13/site-packages/pluggy/_manager.py", line 120, in _hookexec
    return self._inner_hookexec(hook_name, methods, kwargs, firstresult)
  File "/Users/jayant.dhingra/Desktop/couchbase-lite-tests/.venv/lib/python3.13/site-packages/pluggy/_callers.py", line 103, in _multicall
    res = hook_impl.function(*args)
  File "/Users/jayant.dhingra/Desktop/couchbase-lite-tests/.venv/lib/python3.13/site-packages/_pytest/main.py", line 365, in pytest_cmdline_main
    return wrap_session(config, _main)
  File "/Users/jayant.dhingra/Desktop/couchbase-lite-tests/.venv/lib/python3.13/site-packages/_pytest/main.py", line 318, in wrap_session
    session.exitstatus = doit(config, session) or 0
  File "/Users/jayant.dhingra/Desktop/couchbase-lite-tests/.venv/lib/python3.13/site-packages/_pytest/main.py", line 372, in _main
    config.hook.pytest_runtestloop(session=session)
  File "/Users/jayant.dhingra/Desktop/couchbase-lite-tests/.venv/lib/python3.13/site-packages/pluggy/_hooks.py", line 513, in __call__
    return self._hookexec(self.name, self._hookimpls.copy(), kwargs, firstresult)
  File "/Users/jayant.dhingra/Desktop/couchbase-lite-tests/.venv/lib/python3.13/site-packages/pluggy/_manager.py", line 120, in _hookexec
    return self._inner_hookexec(hook_name, methods, kwargs, firstresult)
  File "/Users/jayant.dhingra/Desktop/couchbase-lite-tests/.venv/lib/python3.13/site-packages/pluggy/_callers.py", line 103, in _multicall
    res = hook_impl.function(*args)
  File "/Users/jayant.dhingra/Desktop/couchbase-lite-tests/.venv/lib/python3.13/site-packages/_pytest/main.py", line 396, in pytest_runtestloop
    item.config.hook.pytest_runtest_protocol(item=item, nextitem=nextitem)
  File "/Users/jayant.dhingra/Desktop/couchbase-lite-tests/.venv/lib/python3.13/site-packages/pluggy/_hooks.py", line 513, in __call__
    return self._hookexec(self.name, self._hookimpls.copy(), kwargs, firstresult)
  File "/Users/jayant.dhingra/Desktop/couchbase-lite-tests/.venv/lib/python3.13/site-packages/pluggy/_manager.py", line 120, in _hookexec
    return self._inner_hookexec(hook_name, methods, kwargs, firstresult)
  File "/Users/jayant.dhingra/Desktop/couchbase-lite-tests/.venv/lib/python3.13/site-packages/pluggy/_callers.py", line 103, in _multicall
    res = hook_impl.function(*args)
  File "/Users/jayant.dhingra/Desktop/couchbase-lite-tests/.venv/lib/python3.13/site-packages/_pytest/runner.py", line 118, in pytest_runtest_protocol
    runtestprotocol(item, nextitem=nextitem)
  File "/Users/jayant.dhingra/Desktop/couchbase-lite-tests/.venv/lib/python3.13/site-packages/_pytest/runner.py", line 137, in runtestprotocol
    reports.append(call_and_report(item, "call", log))
  File "/Users/jayant.dhingra/Desktop/couchbase-lite-tests/.venv/lib/python3.13/site-packages/_pytest/runner.py", line 244, in call_and_report
    call = CallInfo.from_call(
  File "/Users/jayant.dhingra/Desktop/couchbase-lite-tests/.venv/lib/python3.13/site-packages/_pytest/runner.py", line 353, in from_call
    result: TResult | None = func()
  File "/Users/jayant.dhingra/Desktop/couchbase-lite-tests/.venv/lib/python3.13/site-packages/_pytest/runner.py", line 245, in <lambda>
    lambda: runtest_hook(item=item, **kwds),
  File "/Users/jayant.dhingra/Desktop/couchbase-lite-tests/.venv/lib/python3.13/site-packages/pluggy/_hooks.py", line 513, in __call__
    return self._hookexec(self.name, self._hookimpls.copy(), kwargs, firstresult)
  File "/Users/jayant.dhingra/Desktop/couchbase-lite-tests/.venv/lib/python3.13/site-packages/pluggy/_manager.py", line 120, in _hookexec
    return self._inner_hookexec(hook_name, methods, kwargs, firstresult)
  File "/Users/jayant.dhingra/Desktop/couchbase-lite-tests/.venv/lib/python3.13/site-packages/pluggy/_callers.py", line 103, in _multicall
    res = hook_impl.function(*args)
  File "/Users/jayant.dhingra/Desktop/couchbase-lite-tests/.venv/lib/python3.13/site-packages/_pytest/runner.py", line 179, in pytest_runtest_call
    item.runtest()
  File "/Users/jayant.dhingra/Desktop/couchbase-lite-tests/.venv/lib/python3.13/site-packages/pytest_asyncio/plugin.py", line 469, in runtest
    super().runtest()
  File "/Users/jayant.dhingra/Desktop/couchbase-lite-tests/.venv/lib/python3.13/site-packages/_pytest/python.py", line 1720, in runtest
    self.ihook.pytest_pyfunc_call(pyfuncitem=self)
  File "/Users/jayant.dhingra/Desktop/couchbase-lite-tests/.venv/lib/python3.13/site-packages/pluggy/_hooks.py", line 513, in __call__
    return self._hookexec(self.name, self._hookimpls.copy(), kwargs, firstresult)
  File "/Users/jayant.dhingra/Desktop/couchbase-lite-tests/.venv/lib/python3.13/site-packages/pluggy/_manager.py", line 120, in _hookexec
    return self._inner_hookexec(hook_name, methods, kwargs, firstresult)
  File "/Users/jayant.dhingra/Desktop/couchbase-lite-tests/.venv/lib/python3.13/site-packages/pluggy/_callers.py", line 103, in _multicall
    res = hook_impl.function(*args)
  File "/Users/jayant.dhingra/Desktop/couchbase-lite-tests/.venv/lib/python3.13/site-packages/_pytest/python.py", line 166, in pytest_pyfunc_call
    result = testfunction(**testargs)
  File "/Users/jayant.dhingra/Desktop/couchbase-lite-tests/.venv/lib/python3.13/site-packages/pytest_asyncio/plugin.py", line 716, in inner
    runner.run(coro, context=context)
  File "/opt/homebrew/Cellar/python@3.13/3.13.7/Frameworks/Python.framework/Versions/3.13/lib/python3.13/asyncio/runners.py", line 118, in run
    return self._loop.run_until_complete(task)
  File "/opt/homebrew/Cellar/python@3.13/3.13.7/Frameworks/Python.framework/Versions/3.13/lib/python3.13/asyncio/base_events.py", line 712, in run_until_complete
    self.run_forever()
  File "/opt/homebrew/Cellar/python@3.13/3.13.7/Frameworks/Python.framework/Versions/3.13/lib/python3.13/asyncio/base_events.py", line 683, in run_forever
    self._run_once()
  File "/opt/homebrew/Cellar/python@3.13/3.13.7/Frameworks/Python.framework/Versions/3.13/lib/python3.13/asyncio/base_events.py", line 2050, in _run_once
    handle._run()
  File "/opt/homebrew/Cellar/python@3.13/3.13.7/Frameworks/Python.framework/Versions/3.13/lib/python3.13/asyncio/events.py", line 89, in _run
    self._context.run(self._callback, *self._args)
  File "/Users/jayant.dhingra/Desktop/couchbase-lite-tests/tests/dev_e2e/test_replication_auto_purge.py", line 780, in test_remove_role_from_channel
    dbs = await cblpytest.test_servers[0].create_and_reset_db(["db1"], dataset="posts")
  File "/Users/jayant.dhingra/Desktop/couchbase-lite-tests/client/src/cbltest/api/testserver.py", line 92, in create_and_reset_db
    await self.__request_factory.send_request(self.__index, request)
___________ TestReplicationAutoPurge.test_pull_after_restore_access ____________
tests/dev_e2e/test_replication_auto_purge.py:909: in test_pull_after_restore_access
    dbs = await cblpytest.test_servers[0].create_and_reset_db(["db1"], dataset="posts")
          ^^^^^^^^^^^^^^^^^^^^^^^^^^^^^^^^^^^^^^^^^^^^^^^^^^^^^^^^^^^^^^^^^^^^^^^^^^^^^
client/src/cbltest/api/testserver.py:92: in create_and_reset_db
    await self.__request_factory.send_request(self.__index, request)
client/src/cbltest/requests.py:194: in send_request
    ret_val = await transport.send(r, writer.num)
              ^^^^^^^^^^^^^^^^^^^^^^^^^^^^^^^^^^^
client/src/cbltest/requests_transport.py:120: in send
    await ws_conn.send_str(json.dumps(data))
.venv/lib/python3.13/site-packages/aiohttp/web_ws.py:478: in send_str
    await self._writer.send_frame(
.venv/lib/python3.13/site-packages/aiohttp/_websocket/writer.py:78: in send_frame
    raise ClientConnectionResetError("Cannot write to closing transport")
E   aiohttp.client_exceptions.ClientConnectionResetError: Cannot write to closing transport
------------------------------ Captured log setup ------------------------------
INFO     CBL:logging.py:111 🧹 Couchbase Server and Sync Gateway cleanup started
DEBUG    CBL:logging.py:115 🧹 SGW <cbltest.api.syncgateway.SyncGateway object at 0x11378b230>: found databases ['posts'], deleting...
DEBUG    CBL:logging.py:115 🧹 CBS <cbltest.api.couchbaseserver.CouchbaseServer object at 0x11378b620>: found buckets ['posts'], deleting...
DEBUG    CBL:logging.py:115 🧹 CBS <cbltest.api.couchbaseserver.CouchbaseServer object at 0x11378b620>: waiting for all buckets to be deleted...
INFO     CBL:logging.py:111 🧹 Couchbase Server and Sync Gateway cleanup finished
INFO     CBL:logging.py:111 Starting test: test_pull_after_restore_access
------------------------------ Captured log call -------------------------------
INFO     CBL:logging.py:111 Moving to step 1:
INFO     CBL:logging.py:111 	Reset SG and load `posts` dataset
INFO     CBL:logging.py:111 Moving to step 2:
INFO     CBL:logging.py:111 	Reset local database and load `posts` dataset
DEBUG    CBL:logging.py:115 Sending (test_pull_after_restore_access) -> 3917af92-025e-4519-be8e-49ffccb813ad v1 POST /reset to http://localhost:5173
ERROR    CBL:testserver.py:92 Failed to send (test_pull_after_restore_access) -> 3917af92-025e-4519-be8e-49ffccb813ad v1 POST /reset to http://localhost:5173 (Cannot write to closing transport)
Stack (most recent call last):
  File "/Users/jayant.dhingra/Desktop/couchbase-lite-tests/.venv/bin/pytest", line 10, in <module>
    sys.exit(console_main())
  File "/Users/jayant.dhingra/Desktop/couchbase-lite-tests/.venv/lib/python3.13/site-packages/_pytest/config/__init__.py", line 223, in console_main
    code = main()
  File "/Users/jayant.dhingra/Desktop/couchbase-lite-tests/.venv/lib/python3.13/site-packages/_pytest/config/__init__.py", line 199, in main
    ret: ExitCode | int = config.hook.pytest_cmdline_main(config=config)
  File "/Users/jayant.dhingra/Desktop/couchbase-lite-tests/.venv/lib/python3.13/site-packages/pluggy/_hooks.py", line 513, in __call__
    return self._hookexec(self.name, self._hookimpls.copy(), kwargs, firstresult)
  File "/Users/jayant.dhingra/Desktop/couchbase-lite-tests/.venv/lib/python3.13/site-packages/pluggy/_manager.py", line 120, in _hookexec
    return self._inner_hookexec(hook_name, methods, kwargs, firstresult)
  File "/Users/jayant.dhingra/Desktop/couchbase-lite-tests/.venv/lib/python3.13/site-packages/pluggy/_callers.py", line 103, in _multicall
    res = hook_impl.function(*args)
  File "/Users/jayant.dhingra/Desktop/couchbase-lite-tests/.venv/lib/python3.13/site-packages/_pytest/main.py", line 365, in pytest_cmdline_main
    return wrap_session(config, _main)
  File "/Users/jayant.dhingra/Desktop/couchbase-lite-tests/.venv/lib/python3.13/site-packages/_pytest/main.py", line 318, in wrap_session
    session.exitstatus = doit(config, session) or 0
  File "/Users/jayant.dhingra/Desktop/couchbase-lite-tests/.venv/lib/python3.13/site-packages/_pytest/main.py", line 372, in _main
    config.hook.pytest_runtestloop(session=session)
  File "/Users/jayant.dhingra/Desktop/couchbase-lite-tests/.venv/lib/python3.13/site-packages/pluggy/_hooks.py", line 513, in __call__
    return self._hookexec(self.name, self._hookimpls.copy(), kwargs, firstresult)
  File "/Users/jayant.dhingra/Desktop/couchbase-lite-tests/.venv/lib/python3.13/site-packages/pluggy/_manager.py", line 120, in _hookexec
    return self._inner_hookexec(hook_name, methods, kwargs, firstresult)
  File "/Users/jayant.dhingra/Desktop/couchbase-lite-tests/.venv/lib/python3.13/site-packages/pluggy/_callers.py", line 103, in _multicall
    res = hook_impl.function(*args)
  File "/Users/jayant.dhingra/Desktop/couchbase-lite-tests/.venv/lib/python3.13/site-packages/_pytest/main.py", line 396, in pytest_runtestloop
    item.config.hook.pytest_runtest_protocol(item=item, nextitem=nextitem)
  File "/Users/jayant.dhingra/Desktop/couchbase-lite-tests/.venv/lib/python3.13/site-packages/pluggy/_hooks.py", line 513, in __call__
    return self._hookexec(self.name, self._hookimpls.copy(), kwargs, firstresult)
  File "/Users/jayant.dhingra/Desktop/couchbase-lite-tests/.venv/lib/python3.13/site-packages/pluggy/_manager.py", line 120, in _hookexec
    return self._inner_hookexec(hook_name, methods, kwargs, firstresult)
  File "/Users/jayant.dhingra/Desktop/couchbase-lite-tests/.venv/lib/python3.13/site-packages/pluggy/_callers.py", line 103, in _multicall
    res = hook_impl.function(*args)
  File "/Users/jayant.dhingra/Desktop/couchbase-lite-tests/.venv/lib/python3.13/site-packages/_pytest/runner.py", line 118, in pytest_runtest_protocol
    runtestprotocol(item, nextitem=nextitem)
  File "/Users/jayant.dhingra/Desktop/couchbase-lite-tests/.venv/lib/python3.13/site-packages/_pytest/runner.py", line 137, in runtestprotocol
    reports.append(call_and_report(item, "call", log))
  File "/Users/jayant.dhingra/Desktop/couchbase-lite-tests/.venv/lib/python3.13/site-packages/_pytest/runner.py", line 244, in call_and_report
    call = CallInfo.from_call(
  File "/Users/jayant.dhingra/Desktop/couchbase-lite-tests/.venv/lib/python3.13/site-packages/_pytest/runner.py", line 353, in from_call
    result: TResult | None = func()
  File "/Users/jayant.dhingra/Desktop/couchbase-lite-tests/.venv/lib/python3.13/site-packages/_pytest/runner.py", line 245, in <lambda>
    lambda: runtest_hook(item=item, **kwds),
  File "/Users/jayant.dhingra/Desktop/couchbase-lite-tests/.venv/lib/python3.13/site-packages/pluggy/_hooks.py", line 513, in __call__
    return self._hookexec(self.name, self._hookimpls.copy(), kwargs, firstresult)
  File "/Users/jayant.dhingra/Desktop/couchbase-lite-tests/.venv/lib/python3.13/site-packages/pluggy/_manager.py", line 120, in _hookexec
    return self._inner_hookexec(hook_name, methods, kwargs, firstresult)
  File "/Users/jayant.dhingra/Desktop/couchbase-lite-tests/.venv/lib/python3.13/site-packages/pluggy/_callers.py", line 103, in _multicall
    res = hook_impl.function(*args)
  File "/Users/jayant.dhingra/Desktop/couchbase-lite-tests/.venv/lib/python3.13/site-packages/_pytest/runner.py", line 179, in pytest_runtest_call
    item.runtest()
  File "/Users/jayant.dhingra/Desktop/couchbase-lite-tests/.venv/lib/python3.13/site-packages/pytest_asyncio/plugin.py", line 469, in runtest
    super().runtest()
  File "/Users/jayant.dhingra/Desktop/couchbase-lite-tests/.venv/lib/python3.13/site-packages/_pytest/python.py", line 1720, in runtest
    self.ihook.pytest_pyfunc_call(pyfuncitem=self)
  File "/Users/jayant.dhingra/Desktop/couchbase-lite-tests/.venv/lib/python3.13/site-packages/pluggy/_hooks.py", line 513, in __call__
    return self._hookexec(self.name, self._hookimpls.copy(), kwargs, firstresult)
  File "/Users/jayant.dhingra/Desktop/couchbase-lite-tests/.venv/lib/python3.13/site-packages/pluggy/_manager.py", line 120, in _hookexec
    return self._inner_hookexec(hook_name, methods, kwargs, firstresult)
  File "/Users/jayant.dhingra/Desktop/couchbase-lite-tests/.venv/lib/python3.13/site-packages/pluggy/_callers.py", line 103, in _multicall
    res = hook_impl.function(*args)
  File "/Users/jayant.dhingra/Desktop/couchbase-lite-tests/.venv/lib/python3.13/site-packages/_pytest/python.py", line 166, in pytest_pyfunc_call
    result = testfunction(**testargs)
  File "/Users/jayant.dhingra/Desktop/couchbase-lite-tests/.venv/lib/python3.13/site-packages/pytest_asyncio/plugin.py", line 716, in inner
    runner.run(coro, context=context)
  File "/opt/homebrew/Cellar/python@3.13/3.13.7/Frameworks/Python.framework/Versions/3.13/lib/python3.13/asyncio/runners.py", line 118, in run
    return self._loop.run_until_complete(task)
  File "/opt/homebrew/Cellar/python@3.13/3.13.7/Frameworks/Python.framework/Versions/3.13/lib/python3.13/asyncio/base_events.py", line 712, in run_until_complete
    self.run_forever()
  File "/opt/homebrew/Cellar/python@3.13/3.13.7/Frameworks/Python.framework/Versions/3.13/lib/python3.13/asyncio/base_events.py", line 683, in run_forever
    self._run_once()
  File "/opt/homebrew/Cellar/python@3.13/3.13.7/Frameworks/Python.framework/Versions/3.13/lib/python3.13/asyncio/base_events.py", line 2050, in _run_once
    handle._run()
  File "/opt/homebrew/Cellar/python@3.13/3.13.7/Frameworks/Python.framework/Versions/3.13/lib/python3.13/asyncio/events.py", line 89, in _run
    self._context.run(self._callback, *self._args)
  File "/Users/jayant.dhingra/Desktop/couchbase-lite-tests/tests/dev_e2e/test_replication_auto_purge.py", line 909, in test_pull_after_restore_access
    dbs = await cblpytest.test_servers[0].create_and_reset_db(["db1"], dataset="posts")
  File "/Users/jayant.dhingra/Desktop/couchbase-lite-tests/client/src/cbltest/api/testserver.py", line 92, in create_and_reset_db
    await self.__request_factory.send_request(self.__index, request)
____________ TestReplicationAutoPurge.test_push_after_remove_access ____________
tests/dev_e2e/test_replication_auto_purge.py:1035: in test_push_after_remove_access
    dbs = await cblpytest.test_servers[0].create_and_reset_db(["db1"], dataset="posts")
          ^^^^^^^^^^^^^^^^^^^^^^^^^^^^^^^^^^^^^^^^^^^^^^^^^^^^^^^^^^^^^^^^^^^^^^^^^^^^^
client/src/cbltest/api/testserver.py:92: in create_and_reset_db
    await self.__request_factory.send_request(self.__index, request)
client/src/cbltest/requests.py:194: in send_request
    ret_val = await transport.send(r, writer.num)
              ^^^^^^^^^^^^^^^^^^^^^^^^^^^^^^^^^^^
client/src/cbltest/requests_transport.py:120: in send
    await ws_conn.send_str(json.dumps(data))
.venv/lib/python3.13/site-packages/aiohttp/web_ws.py:478: in send_str
    await self._writer.send_frame(
.venv/lib/python3.13/site-packages/aiohttp/_websocket/writer.py:78: in send_frame
    raise ClientConnectionResetError("Cannot write to closing transport")
E   aiohttp.client_exceptions.ClientConnectionResetError: Cannot write to closing transport
------------------------------ Captured log setup ------------------------------
INFO     CBL:logging.py:111 🧹 Couchbase Server and Sync Gateway cleanup started
DEBUG    CBL:logging.py:115 🧹 SGW <cbltest.api.syncgateway.SyncGateway object at 0x11378b230>: found databases ['posts'], deleting...
DEBUG    CBL:logging.py:115 🧹 CBS <cbltest.api.couchbaseserver.CouchbaseServer object at 0x11378b620>: found buckets ['posts'], deleting...
DEBUG    CBL:logging.py:115 🧹 CBS <cbltest.api.couchbaseserver.CouchbaseServer object at 0x11378b620>: waiting for all buckets to be deleted...
INFO     CBL:logging.py:111 🧹 Couchbase Server and Sync Gateway cleanup finished
INFO     CBL:logging.py:111 Starting test: test_push_after_remove_access
------------------------------ Captured log call -------------------------------
INFO     CBL:logging.py:111 Moving to step 1:
INFO     CBL:logging.py:111 	Reset SG and load `posts` dataset
INFO     CBL:logging.py:111 Moving to step 2:
INFO     CBL:logging.py:111 	Reset local database and load `posts` dataset
DEBUG    CBL:logging.py:115 Sending (test_push_after_remove_access) -> 3917af92-025e-4519-be8e-49ffccb813ad v1 POST /reset to http://localhost:5173
ERROR    CBL:testserver.py:92 Failed to send (test_push_after_remove_access) -> 3917af92-025e-4519-be8e-49ffccb813ad v1 POST /reset to http://localhost:5173 (Cannot write to closing transport)
Stack (most recent call last):
  File "/Users/jayant.dhingra/Desktop/couchbase-lite-tests/.venv/bin/pytest", line 10, in <module>
    sys.exit(console_main())
  File "/Users/jayant.dhingra/Desktop/couchbase-lite-tests/.venv/lib/python3.13/site-packages/_pytest/config/__init__.py", line 223, in console_main
    code = main()
  File "/Users/jayant.dhingra/Desktop/couchbase-lite-tests/.venv/lib/python3.13/site-packages/_pytest/config/__init__.py", line 199, in main
    ret: ExitCode | int = config.hook.pytest_cmdline_main(config=config)
  File "/Users/jayant.dhingra/Desktop/couchbase-lite-tests/.venv/lib/python3.13/site-packages/pluggy/_hooks.py", line 513, in __call__
    return self._hookexec(self.name, self._hookimpls.copy(), kwargs, firstresult)
  File "/Users/jayant.dhingra/Desktop/couchbase-lite-tests/.venv/lib/python3.13/site-packages/pluggy/_manager.py", line 120, in _hookexec
    return self._inner_hookexec(hook_name, methods, kwargs, firstresult)
  File "/Users/jayant.dhingra/Desktop/couchbase-lite-tests/.venv/lib/python3.13/site-packages/pluggy/_callers.py", line 103, in _multicall
    res = hook_impl.function(*args)
  File "/Users/jayant.dhingra/Desktop/couchbase-lite-tests/.venv/lib/python3.13/site-packages/_pytest/main.py", line 365, in pytest_cmdline_main
    return wrap_session(config, _main)
  File "/Users/jayant.dhingra/Desktop/couchbase-lite-tests/.venv/lib/python3.13/site-packages/_pytest/main.py", line 318, in wrap_session
    session.exitstatus = doit(config, session) or 0
  File "/Users/jayant.dhingra/Desktop/couchbase-lite-tests/.venv/lib/python3.13/site-packages/_pytest/main.py", line 372, in _main
    config.hook.pytest_runtestloop(session=session)
  File "/Users/jayant.dhingra/Desktop/couchbase-lite-tests/.venv/lib/python3.13/site-packages/pluggy/_hooks.py", line 513, in __call__
    return self._hookexec(self.name, self._hookimpls.copy(), kwargs, firstresult)
  File "/Users/jayant.dhingra/Desktop/couchbase-lite-tests/.venv/lib/python3.13/site-packages/pluggy/_manager.py", line 120, in _hookexec
    return self._inner_hookexec(hook_name, methods, kwargs, firstresult)
  File "/Users/jayant.dhingra/Desktop/couchbase-lite-tests/.venv/lib/python3.13/site-packages/pluggy/_callers.py", line 103, in _multicall
    res = hook_impl.function(*args)
  File "/Users/jayant.dhingra/Desktop/couchbase-lite-tests/.venv/lib/python3.13/site-packages/_pytest/main.py", line 396, in pytest_runtestloop
    item.config.hook.pytest_runtest_protocol(item=item, nextitem=nextitem)
  File "/Users/jayant.dhingra/Desktop/couchbase-lite-tests/.venv/lib/python3.13/site-packages/pluggy/_hooks.py", line 513, in __call__
    return self._hookexec(self.name, self._hookimpls.copy(), kwargs, firstresult)
  File "/Users/jayant.dhingra/Desktop/couchbase-lite-tests/.venv/lib/python3.13/site-packages/pluggy/_manager.py", line 120, in _hookexec
    return self._inner_hookexec(hook_name, methods, kwargs, firstresult)
  File "/Users/jayant.dhingra/Desktop/couchbase-lite-tests/.venv/lib/python3.13/site-packages/pluggy/_callers.py", line 103, in _multicall
    res = hook_impl.function(*args)
  File "/Users/jayant.dhingra/Desktop/couchbase-lite-tests/.venv/lib/python3.13/site-packages/_pytest/runner.py", line 118, in pytest_runtest_protocol
    runtestprotocol(item, nextitem=nextitem)
  File "/Users/jayant.dhingra/Desktop/couchbase-lite-tests/.venv/lib/python3.13/site-packages/_pytest/runner.py", line 137, in runtestprotocol
    reports.append(call_and_report(item, "call", log))
  File "/Users/jayant.dhingra/Desktop/couchbase-lite-tests/.venv/lib/python3.13/site-packages/_pytest/runner.py", line 244, in call_and_report
    call = CallInfo.from_call(
  File "/Users/jayant.dhingra/Desktop/couchbase-lite-tests/.venv/lib/python3.13/site-packages/_pytest/runner.py", line 353, in from_call
    result: TResult | None = func()
  File "/Users/jayant.dhingra/Desktop/couchbase-lite-tests/.venv/lib/python3.13/site-packages/_pytest/runner.py", line 245, in <lambda>
    lambda: runtest_hook(item=item, **kwds),
  File "/Users/jayant.dhingra/Desktop/couchbase-lite-tests/.venv/lib/python3.13/site-packages/pluggy/_hooks.py", line 513, in __call__
    return self._hookexec(self.name, self._hookimpls.copy(), kwargs, firstresult)
  File "/Users/jayant.dhingra/Desktop/couchbase-lite-tests/.venv/lib/python3.13/site-packages/pluggy/_manager.py", line 120, in _hookexec
    return self._inner_hookexec(hook_name, methods, kwargs, firstresult)
  File "/Users/jayant.dhingra/Desktop/couchbase-lite-tests/.venv/lib/python3.13/site-packages/pluggy/_callers.py", line 103, in _multicall
    res = hook_impl.function(*args)
  File "/Users/jayant.dhingra/Desktop/couchbase-lite-tests/.venv/lib/python3.13/site-packages/_pytest/runner.py", line 179, in pytest_runtest_call
    item.runtest()
  File "/Users/jayant.dhingra/Desktop/couchbase-lite-tests/.venv/lib/python3.13/site-packages/pytest_asyncio/plugin.py", line 469, in runtest
    super().runtest()
  File "/Users/jayant.dhingra/Desktop/couchbase-lite-tests/.venv/lib/python3.13/site-packages/_pytest/python.py", line 1720, in runtest
    self.ihook.pytest_pyfunc_call(pyfuncitem=self)
  File "/Users/jayant.dhingra/Desktop/couchbase-lite-tests/.venv/lib/python3.13/site-packages/pluggy/_hooks.py", line 513, in __call__
    return self._hookexec(self.name, self._hookimpls.copy(), kwargs, firstresult)
  File "/Users/jayant.dhingra/Desktop/couchbase-lite-tests/.venv/lib/python3.13/site-packages/pluggy/_manager.py", line 120, in _hookexec
    return self._inner_hookexec(hook_name, methods, kwargs, firstresult)
  File "/Users/jayant.dhingra/Desktop/couchbase-lite-tests/.venv/lib/python3.13/site-packages/pluggy/_callers.py", line 103, in _multicall
    res = hook_impl.function(*args)
  File "/Users/jayant.dhingra/Desktop/couchbase-lite-tests/.venv/lib/python3.13/site-packages/_pytest/python.py", line 166, in pytest_pyfunc_call
    result = testfunction(**testargs)
  File "/Users/jayant.dhingra/Desktop/couchbase-lite-tests/.venv/lib/python3.13/site-packages/pytest_asyncio/plugin.py", line 716, in inner
    runner.run(coro, context=context)
  File "/opt/homebrew/Cellar/python@3.13/3.13.7/Frameworks/Python.framework/Versions/3.13/lib/python3.13/asyncio/runners.py", line 118, in run
    return self._loop.run_until_complete(task)
  File "/opt/homebrew/Cellar/python@3.13/3.13.7/Frameworks/Python.framework/Versions/3.13/lib/python3.13/asyncio/base_events.py", line 712, in run_until_complete
    self.run_forever()
  File "/opt/homebrew/Cellar/python@3.13/3.13.7/Frameworks/Python.framework/Versions/3.13/lib/python3.13/asyncio/base_events.py", line 683, in run_forever
    self._run_once()
  File "/opt/homebrew/Cellar/python@3.13/3.13.7/Frameworks/Python.framework/Versions/3.13/lib/python3.13/asyncio/base_events.py", line 2050, in _run_once
    handle._run()
  File "/opt/homebrew/Cellar/python@3.13/3.13.7/Frameworks/Python.framework/Versions/3.13/lib/python3.13/asyncio/events.py", line 89, in _run
    self._context.run(self._callback, *self._args)
  File "/Users/jayant.dhingra/Desktop/couchbase-lite-tests/tests/dev_e2e/test_replication_auto_purge.py", line 1035, in test_push_after_remove_access
    dbs = await cblpytest.test_servers[0].create_and_reset_db(["db1"], dataset="posts")
  File "/Users/jayant.dhingra/Desktop/couchbase-lite-tests/client/src/cbltest/api/testserver.py", line 92, in create_and_reset_db
    await self.__request_factory.send_request(self.__index, request)
_____ TestReplicationAutoPurge.test_auto_purge_after_resurrection[delete] ______
tests/dev_e2e/test_replication_auto_purge.py:1150: in test_auto_purge_after_resurrection
    dbs = await cblpytest.test_servers[0].create_and_reset_db(["db1"], dataset="posts")
          ^^^^^^^^^^^^^^^^^^^^^^^^^^^^^^^^^^^^^^^^^^^^^^^^^^^^^^^^^^^^^^^^^^^^^^^^^^^^^
client/src/cbltest/api/testserver.py:92: in create_and_reset_db
    await self.__request_factory.send_request(self.__index, request)
client/src/cbltest/requests.py:194: in send_request
    ret_val = await transport.send(r, writer.num)
              ^^^^^^^^^^^^^^^^^^^^^^^^^^^^^^^^^^^
client/src/cbltest/requests_transport.py:120: in send
    await ws_conn.send_str(json.dumps(data))
.venv/lib/python3.13/site-packages/aiohttp/web_ws.py:478: in send_str
    await self._writer.send_frame(
.venv/lib/python3.13/site-packages/aiohttp/_websocket/writer.py:78: in send_frame
    raise ClientConnectionResetError("Cannot write to closing transport")
E   aiohttp.client_exceptions.ClientConnectionResetError: Cannot write to closing transport
------------------------------ Captured log setup ------------------------------
INFO     CBL:logging.py:111 🧹 Couchbase Server and Sync Gateway cleanup started
DEBUG    CBL:logging.py:115 🧹 SGW <cbltest.api.syncgateway.SyncGateway object at 0x11378b230>: found databases ['posts'], deleting...
DEBUG    CBL:logging.py:115 🧹 CBS <cbltest.api.couchbaseserver.CouchbaseServer object at 0x11378b620>: found buckets ['posts'], deleting...
DEBUG    CBL:logging.py:115 🧹 CBS <cbltest.api.couchbaseserver.CouchbaseServer object at 0x11378b620>: waiting for all buckets to be deleted...
INFO     CBL:logging.py:111 🧹 Couchbase Server and Sync Gateway cleanup finished
INFO     CBL:logging.py:111 Starting test: test_auto_purge_after_resurrection
------------------------------ Captured log call -------------------------------
INFO     CBL:logging.py:111 Moving to step 1:
INFO     CBL:logging.py:111 	Reset SG and load `posts` dataset
INFO     CBL:logging.py:111 Moving to step 2:
INFO     CBL:logging.py:111 	Reset local database and load `posts` dataset
DEBUG    CBL:logging.py:115 Sending (test_auto_purge_after_resurrection) -> 3917af92-025e-4519-be8e-49ffccb813ad v1 POST /reset to http://localhost:5173
ERROR    CBL:testserver.py:92 Failed to send (test_auto_purge_after_resurrection) -> 3917af92-025e-4519-be8e-49ffccb813ad v1 POST /reset to http://localhost:5173 (Cannot write to closing transport)
Stack (most recent call last):
  File "/Users/jayant.dhingra/Desktop/couchbase-lite-tests/.venv/bin/pytest", line 10, in <module>
    sys.exit(console_main())
  File "/Users/jayant.dhingra/Desktop/couchbase-lite-tests/.venv/lib/python3.13/site-packages/_pytest/config/__init__.py", line 223, in console_main
    code = main()
  File "/Users/jayant.dhingra/Desktop/couchbase-lite-tests/.venv/lib/python3.13/site-packages/_pytest/config/__init__.py", line 199, in main
    ret: ExitCode | int = config.hook.pytest_cmdline_main(config=config)
  File "/Users/jayant.dhingra/Desktop/couchbase-lite-tests/.venv/lib/python3.13/site-packages/pluggy/_hooks.py", line 513, in __call__
    return self._hookexec(self.name, self._hookimpls.copy(), kwargs, firstresult)
  File "/Users/jayant.dhingra/Desktop/couchbase-lite-tests/.venv/lib/python3.13/site-packages/pluggy/_manager.py", line 120, in _hookexec
    return self._inner_hookexec(hook_name, methods, kwargs, firstresult)
  File "/Users/jayant.dhingra/Desktop/couchbase-lite-tests/.venv/lib/python3.13/site-packages/pluggy/_callers.py", line 103, in _multicall
    res = hook_impl.function(*args)
  File "/Users/jayant.dhingra/Desktop/couchbase-lite-tests/.venv/lib/python3.13/site-packages/_pytest/main.py", line 365, in pytest_cmdline_main
    return wrap_session(config, _main)
  File "/Users/jayant.dhingra/Desktop/couchbase-lite-tests/.venv/lib/python3.13/site-packages/_pytest/main.py", line 318, in wrap_session
    session.exitstatus = doit(config, session) or 0
  File "/Users/jayant.dhingra/Desktop/couchbase-lite-tests/.venv/lib/python3.13/site-packages/_pytest/main.py", line 372, in _main
    config.hook.pytest_runtestloop(session=session)
  File "/Users/jayant.dhingra/Desktop/couchbase-lite-tests/.venv/lib/python3.13/site-packages/pluggy/_hooks.py", line 513, in __call__
    return self._hookexec(self.name, self._hookimpls.copy(), kwargs, firstresult)
  File "/Users/jayant.dhingra/Desktop/couchbase-lite-tests/.venv/lib/python3.13/site-packages/pluggy/_manager.py", line 120, in _hookexec
    return self._inner_hookexec(hook_name, methods, kwargs, firstresult)
  File "/Users/jayant.dhingra/Desktop/couchbase-lite-tests/.venv/lib/python3.13/site-packages/pluggy/_callers.py", line 103, in _multicall
    res = hook_impl.function(*args)
  File "/Users/jayant.dhingra/Desktop/couchbase-lite-tests/.venv/lib/python3.13/site-packages/_pytest/main.py", line 396, in pytest_runtestloop
    item.config.hook.pytest_runtest_protocol(item=item, nextitem=nextitem)
  File "/Users/jayant.dhingra/Desktop/couchbase-lite-tests/.venv/lib/python3.13/site-packages/pluggy/_hooks.py", line 513, in __call__
    return self._hookexec(self.name, self._hookimpls.copy(), kwargs, firstresult)
  File "/Users/jayant.dhingra/Desktop/couchbase-lite-tests/.venv/lib/python3.13/site-packages/pluggy/_manager.py", line 120, in _hookexec
    return self._inner_hookexec(hook_name, methods, kwargs, firstresult)
  File "/Users/jayant.dhingra/Desktop/couchbase-lite-tests/.venv/lib/python3.13/site-packages/pluggy/_callers.py", line 103, in _multicall
    res = hook_impl.function(*args)
  File "/Users/jayant.dhingra/Desktop/couchbase-lite-tests/.venv/lib/python3.13/site-packages/_pytest/runner.py", line 118, in pytest_runtest_protocol
    runtestprotocol(item, nextitem=nextitem)
  File "/Users/jayant.dhingra/Desktop/couchbase-lite-tests/.venv/lib/python3.13/site-packages/_pytest/runner.py", line 137, in runtestprotocol
    reports.append(call_and_report(item, "call", log))
  File "/Users/jayant.dhingra/Desktop/couchbase-lite-tests/.venv/lib/python3.13/site-packages/_pytest/runner.py", line 244, in call_and_report
    call = CallInfo.from_call(
  File "/Users/jayant.dhingra/Desktop/couchbase-lite-tests/.venv/lib/python3.13/site-packages/_pytest/runner.py", line 353, in from_call
    result: TResult | None = func()
  File "/Users/jayant.dhingra/Desktop/couchbase-lite-tests/.venv/lib/python3.13/site-packages/_pytest/runner.py", line 245, in <lambda>
    lambda: runtest_hook(item=item, **kwds),
  File "/Users/jayant.dhingra/Desktop/couchbase-lite-tests/.venv/lib/python3.13/site-packages/pluggy/_hooks.py", line 513, in __call__
    return self._hookexec(self.name, self._hookimpls.copy(), kwargs, firstresult)
  File "/Users/jayant.dhingra/Desktop/couchbase-lite-tests/.venv/lib/python3.13/site-packages/pluggy/_manager.py", line 120, in _hookexec
    return self._inner_hookexec(hook_name, methods, kwargs, firstresult)
  File "/Users/jayant.dhingra/Desktop/couchbase-lite-tests/.venv/lib/python3.13/site-packages/pluggy/_callers.py", line 103, in _multicall
    res = hook_impl.function(*args)
  File "/Users/jayant.dhingra/Desktop/couchbase-lite-tests/.venv/lib/python3.13/site-packages/_pytest/runner.py", line 179, in pytest_runtest_call
    item.runtest()
  File "/Users/jayant.dhingra/Desktop/couchbase-lite-tests/.venv/lib/python3.13/site-packages/pytest_asyncio/plugin.py", line 469, in runtest
    super().runtest()
  File "/Users/jayant.dhingra/Desktop/couchbase-lite-tests/.venv/lib/python3.13/site-packages/_pytest/python.py", line 1720, in runtest
    self.ihook.pytest_pyfunc_call(pyfuncitem=self)
  File "/Users/jayant.dhingra/Desktop/couchbase-lite-tests/.venv/lib/python3.13/site-packages/pluggy/_hooks.py", line 513, in __call__
    return self._hookexec(self.name, self._hookimpls.copy(), kwargs, firstresult)
  File "/Users/jayant.dhingra/Desktop/couchbase-lite-tests/.venv/lib/python3.13/site-packages/pluggy/_manager.py", line 120, in _hookexec
    return self._inner_hookexec(hook_name, methods, kwargs, firstresult)
  File "/Users/jayant.dhingra/Desktop/couchbase-lite-tests/.venv/lib/python3.13/site-packages/pluggy/_callers.py", line 103, in _multicall
    res = hook_impl.function(*args)
  File "/Users/jayant.dhingra/Desktop/couchbase-lite-tests/.venv/lib/python3.13/site-packages/_pytest/python.py", line 166, in pytest_pyfunc_call
    result = testfunction(**testargs)
  File "/Users/jayant.dhingra/Desktop/couchbase-lite-tests/.venv/lib/python3.13/site-packages/pytest_asyncio/plugin.py", line 716, in inner
    runner.run(coro, context=context)
  File "/opt/homebrew/Cellar/python@3.13/3.13.7/Frameworks/Python.framework/Versions/3.13/lib/python3.13/asyncio/runners.py", line 118, in run
    return self._loop.run_until_complete(task)
  File "/opt/homebrew/Cellar/python@3.13/3.13.7/Frameworks/Python.framework/Versions/3.13/lib/python3.13/asyncio/base_events.py", line 712, in run_until_complete
    self.run_forever()
  File "/opt/homebrew/Cellar/python@3.13/3.13.7/Frameworks/Python.framework/Versions/3.13/lib/python3.13/asyncio/base_events.py", line 683, in run_forever
    self._run_once()
  File "/opt/homebrew/Cellar/python@3.13/3.13.7/Frameworks/Python.framework/Versions/3.13/lib/python3.13/asyncio/base_events.py", line 2050, in _run_once
    handle._run()
  File "/opt/homebrew/Cellar/python@3.13/3.13.7/Frameworks/Python.framework/Versions/3.13/lib/python3.13/asyncio/events.py", line 89, in _run
    self._context.run(self._callback, *self._args)
  File "/Users/jayant.dhingra/Desktop/couchbase-lite-tests/tests/dev_e2e/test_replication_auto_purge.py", line 1150, in test_auto_purge_after_resurrection
    dbs = await cblpytest.test_servers[0].create_and_reset_db(["db1"], dataset="posts")
  File "/Users/jayant.dhingra/Desktop/couchbase-lite-tests/client/src/cbltest/api/testserver.py", line 92, in create_and_reset_db
    await self.__request_factory.send_request(self.__index, request)
______ TestReplicationAutoPurge.test_auto_purge_after_resurrection[purge] ______
tests/dev_e2e/test_replication_auto_purge.py:1150: in test_auto_purge_after_resurrection
    dbs = await cblpytest.test_servers[0].create_and_reset_db(["db1"], dataset="posts")
          ^^^^^^^^^^^^^^^^^^^^^^^^^^^^^^^^^^^^^^^^^^^^^^^^^^^^^^^^^^^^^^^^^^^^^^^^^^^^^
client/src/cbltest/api/testserver.py:92: in create_and_reset_db
    await self.__request_factory.send_request(self.__index, request)
client/src/cbltest/requests.py:194: in send_request
    ret_val = await transport.send(r, writer.num)
              ^^^^^^^^^^^^^^^^^^^^^^^^^^^^^^^^^^^
client/src/cbltest/requests_transport.py:120: in send
    await ws_conn.send_str(json.dumps(data))
.venv/lib/python3.13/site-packages/aiohttp/web_ws.py:478: in send_str
    await self._writer.send_frame(
.venv/lib/python3.13/site-packages/aiohttp/_websocket/writer.py:78: in send_frame
    raise ClientConnectionResetError("Cannot write to closing transport")
E   aiohttp.client_exceptions.ClientConnectionResetError: Cannot write to closing transport
------------------------------ Captured log setup ------------------------------
INFO     CBL:logging.py:111 🧹 Couchbase Server and Sync Gateway cleanup started
DEBUG    CBL:logging.py:115 🧹 SGW <cbltest.api.syncgateway.SyncGateway object at 0x11378b230>: found databases ['posts'], deleting...
DEBUG    CBL:logging.py:115 🧹 CBS <cbltest.api.couchbaseserver.CouchbaseServer object at 0x11378b620>: found buckets ['posts'], deleting...
DEBUG    CBL:logging.py:115 🧹 CBS <cbltest.api.couchbaseserver.CouchbaseServer object at 0x11378b620>: waiting for all buckets to be deleted...
INFO     CBL:logging.py:111 🧹 Couchbase Server and Sync Gateway cleanup finished
INFO     CBL:logging.py:111 Starting test: test_auto_purge_after_resurrection
------------------------------ Captured log call -------------------------------
INFO     CBL:logging.py:111 Moving to step 1:
INFO     CBL:logging.py:111 	Reset SG and load `posts` dataset
INFO     CBL:logging.py:111 Moving to step 2:
INFO     CBL:logging.py:111 	Reset local database and load `posts` dataset
DEBUG    CBL:logging.py:115 Sending (test_auto_purge_after_resurrection) -> 3917af92-025e-4519-be8e-49ffccb813ad v1 POST /reset to http://localhost:5173
ERROR    CBL:testserver.py:92 Failed to send (test_auto_purge_after_resurrection) -> 3917af92-025e-4519-be8e-49ffccb813ad v1 POST /reset to http://localhost:5173 (Cannot write to closing transport)
Stack (most recent call last):
  File "/Users/jayant.dhingra/Desktop/couchbase-lite-tests/.venv/bin/pytest", line 10, in <module>
    sys.exit(console_main())
  File "/Users/jayant.dhingra/Desktop/couchbase-lite-tests/.venv/lib/python3.13/site-packages/_pytest/config/__init__.py", line 223, in console_main
    code = main()
  File "/Users/jayant.dhingra/Desktop/couchbase-lite-tests/.venv/lib/python3.13/site-packages/_pytest/config/__init__.py", line 199, in main
    ret: ExitCode | int = config.hook.pytest_cmdline_main(config=config)
  File "/Users/jayant.dhingra/Desktop/couchbase-lite-tests/.venv/lib/python3.13/site-packages/pluggy/_hooks.py", line 513, in __call__
    return self._hookexec(self.name, self._hookimpls.copy(), kwargs, firstresult)
  File "/Users/jayant.dhingra/Desktop/couchbase-lite-tests/.venv/lib/python3.13/site-packages/pluggy/_manager.py", line 120, in _hookexec
    return self._inner_hookexec(hook_name, methods, kwargs, firstresult)
  File "/Users/jayant.dhingra/Desktop/couchbase-lite-tests/.venv/lib/python3.13/site-packages/pluggy/_callers.py", line 103, in _multicall
    res = hook_impl.function(*args)
  File "/Users/jayant.dhingra/Desktop/couchbase-lite-tests/.venv/lib/python3.13/site-packages/_pytest/main.py", line 365, in pytest_cmdline_main
    return wrap_session(config, _main)
  File "/Users/jayant.dhingra/Desktop/couchbase-lite-tests/.venv/lib/python3.13/site-packages/_pytest/main.py", line 318, in wrap_session
    session.exitstatus = doit(config, session) or 0
  File "/Users/jayant.dhingra/Desktop/couchbase-lite-tests/.venv/lib/python3.13/site-packages/_pytest/main.py", line 372, in _main
    config.hook.pytest_runtestloop(session=session)
  File "/Users/jayant.dhingra/Desktop/couchbase-lite-tests/.venv/lib/python3.13/site-packages/pluggy/_hooks.py", line 513, in __call__
    return self._hookexec(self.name, self._hookimpls.copy(), kwargs, firstresult)
  File "/Users/jayant.dhingra/Desktop/couchbase-lite-tests/.venv/lib/python3.13/site-packages/pluggy/_manager.py", line 120, in _hookexec
    return self._inner_hookexec(hook_name, methods, kwargs, firstresult)
  File "/Users/jayant.dhingra/Desktop/couchbase-lite-tests/.venv/lib/python3.13/site-packages/pluggy/_callers.py", line 103, in _multicall
    res = hook_impl.function(*args)
  File "/Users/jayant.dhingra/Desktop/couchbase-lite-tests/.venv/lib/python3.13/site-packages/_pytest/main.py", line 396, in pytest_runtestloop
    item.config.hook.pytest_runtest_protocol(item=item, nextitem=nextitem)
  File "/Users/jayant.dhingra/Desktop/couchbase-lite-tests/.venv/lib/python3.13/site-packages/pluggy/_hooks.py", line 513, in __call__
    return self._hookexec(self.name, self._hookimpls.copy(), kwargs, firstresult)
  File "/Users/jayant.dhingra/Desktop/couchbase-lite-tests/.venv/lib/python3.13/site-packages/pluggy/_manager.py", line 120, in _hookexec
    return self._inner_hookexec(hook_name, methods, kwargs, firstresult)
  File "/Users/jayant.dhingra/Desktop/couchbase-lite-tests/.venv/lib/python3.13/site-packages/pluggy/_callers.py", line 103, in _multicall
    res = hook_impl.function(*args)
  File "/Users/jayant.dhingra/Desktop/couchbase-lite-tests/.venv/lib/python3.13/site-packages/_pytest/runner.py", line 118, in pytest_runtest_protocol
    runtestprotocol(item, nextitem=nextitem)
  File "/Users/jayant.dhingra/Desktop/couchbase-lite-tests/.venv/lib/python3.13/site-packages/_pytest/runner.py", line 137, in runtestprotocol
    reports.append(call_and_report(item, "call", log))
  File "/Users/jayant.dhingra/Desktop/couchbase-lite-tests/.venv/lib/python3.13/site-packages/_pytest/runner.py", line 244, in call_and_report
    call = CallInfo.from_call(
  File "/Users/jayant.dhingra/Desktop/couchbase-lite-tests/.venv/lib/python3.13/site-packages/_pytest/runner.py", line 353, in from_call
    result: TResult | None = func()
  File "/Users/jayant.dhingra/Desktop/couchbase-lite-tests/.venv/lib/python3.13/site-packages/_pytest/runner.py", line 245, in <lambda>
    lambda: runtest_hook(item=item, **kwds),
  File "/Users/jayant.dhingra/Desktop/couchbase-lite-tests/.venv/lib/python3.13/site-packages/pluggy/_hooks.py", line 513, in __call__
    return self._hookexec(self.name, self._hookimpls.copy(), kwargs, firstresult)
  File "/Users/jayant.dhingra/Desktop/couchbase-lite-tests/.venv/lib/python3.13/site-packages/pluggy/_manager.py", line 120, in _hookexec
    return self._inner_hookexec(hook_name, methods, kwargs, firstresult)
  File "/Users/jayant.dhingra/Desktop/couchbase-lite-tests/.venv/lib/python3.13/site-packages/pluggy/_callers.py", line 103, in _multicall
    res = hook_impl.function(*args)
  File "/Users/jayant.dhingra/Desktop/couchbase-lite-tests/.venv/lib/python3.13/site-packages/_pytest/runner.py", line 179, in pytest_runtest_call
    item.runtest()
  File "/Users/jayant.dhingra/Desktop/couchbase-lite-tests/.venv/lib/python3.13/site-packages/pytest_asyncio/plugin.py", line 469, in runtest
    super().runtest()
  File "/Users/jayant.dhingra/Desktop/couchbase-lite-tests/.venv/lib/python3.13/site-packages/_pytest/python.py", line 1720, in runtest
    self.ihook.pytest_pyfunc_call(pyfuncitem=self)
  File "/Users/jayant.dhingra/Desktop/couchbase-lite-tests/.venv/lib/python3.13/site-packages/pluggy/_hooks.py", line 513, in __call__
    return self._hookexec(self.name, self._hookimpls.copy(), kwargs, firstresult)
  File "/Users/jayant.dhingra/Desktop/couchbase-lite-tests/.venv/lib/python3.13/site-packages/pluggy/_manager.py", line 120, in _hookexec
    return self._inner_hookexec(hook_name, methods, kwargs, firstresult)
  File "/Users/jayant.dhingra/Desktop/couchbase-lite-tests/.venv/lib/python3.13/site-packages/pluggy/_callers.py", line 103, in _multicall
    res = hook_impl.function(*args)
  File "/Users/jayant.dhingra/Desktop/couchbase-lite-tests/.venv/lib/python3.13/site-packages/_pytest/python.py", line 166, in pytest_pyfunc_call
    result = testfunction(**testargs)
  File "/Users/jayant.dhingra/Desktop/couchbase-lite-tests/.venv/lib/python3.13/site-packages/pytest_asyncio/plugin.py", line 716, in inner
    runner.run(coro, context=context)
  File "/opt/homebrew/Cellar/python@3.13/3.13.7/Frameworks/Python.framework/Versions/3.13/lib/python3.13/asyncio/runners.py", line 118, in run
    return self._loop.run_until_complete(task)
  File "/opt/homebrew/Cellar/python@3.13/3.13.7/Frameworks/Python.framework/Versions/3.13/lib/python3.13/asyncio/base_events.py", line 712, in run_until_complete
    self.run_forever()
  File "/opt/homebrew/Cellar/python@3.13/3.13.7/Frameworks/Python.framework/Versions/3.13/lib/python3.13/asyncio/base_events.py", line 683, in run_forever
    self._run_once()
  File "/opt/homebrew/Cellar/python@3.13/3.13.7/Frameworks/Python.framework/Versions/3.13/lib/python3.13/asyncio/base_events.py", line 2050, in _run_once
    handle._run()
  File "/opt/homebrew/Cellar/python@3.13/3.13.7/Frameworks/Python.framework/Versions/3.13/lib/python3.13/asyncio/events.py", line 89, in _run
    self._context.run(self._callback, *self._args)
  File "/Users/jayant.dhingra/Desktop/couchbase-lite-tests/tests/dev_e2e/test_replication_auto_purge.py", line 1150, in test_auto_purge_after_resurrection
    dbs = await cblpytest.test_servers[0].create_and_reset_db(["db1"], dataset="posts")
  File "/Users/jayant.dhingra/Desktop/couchbase-lite-tests/client/src/cbltest/api/testserver.py", line 92, in create_and_reset_db
    await self.__request_factory.send_request(self.__index, request)
_________ TestReplicationBehavior.test_pull_empty_database_active_only _________
tests/dev_e2e/test_replication_behavior.py:38: in test_pull_empty_database_active_only
    dbs = await cblpytest.test_servers[0].create_and_reset_db(["db1"])
          ^^^^^^^^^^^^^^^^^^^^^^^^^^^^^^^^^^^^^^^^^^^^^^^^^^^^^^^^^^^^
client/src/cbltest/api/testserver.py:92: in create_and_reset_db
    await self.__request_factory.send_request(self.__index, request)
client/src/cbltest/requests.py:194: in send_request
    ret_val = await transport.send(r, writer.num)
              ^^^^^^^^^^^^^^^^^^^^^^^^^^^^^^^^^^^
client/src/cbltest/requests_transport.py:120: in send
    await ws_conn.send_str(json.dumps(data))
.venv/lib/python3.13/site-packages/aiohttp/web_ws.py:478: in send_str
    await self._writer.send_frame(
.venv/lib/python3.13/site-packages/aiohttp/_websocket/writer.py:78: in send_frame
    raise ClientConnectionResetError("Cannot write to closing transport")
E   aiohttp.client_exceptions.ClientConnectionResetError: Cannot write to closing transport
------------------------------ Captured log setup ------------------------------
INFO     CBL:logging.py:111 🧹 Couchbase Server and Sync Gateway cleanup started
DEBUG    CBL:logging.py:115 🧹 SGW <cbltest.api.syncgateway.SyncGateway object at 0x11378b230>: found databases ['posts'], deleting...
DEBUG    CBL:logging.py:115 🧹 CBS <cbltest.api.couchbaseserver.CouchbaseServer object at 0x11378b620>: found buckets ['posts'], deleting...
DEBUG    CBL:logging.py:115 🧹 CBS <cbltest.api.couchbaseserver.CouchbaseServer object at 0x11378b620>: waiting for all buckets to be deleted...
INFO     CBL:logging.py:111 🧹 Couchbase Server and Sync Gateway cleanup finished
INFO     CBL:logging.py:111 Starting test: test_pull_empty_database_active_only
------------------------------ Captured log call -------------------------------
INFO     CBL:logging.py:111 Moving to step 1:
INFO     CBL:logging.py:111 	Reset SG and load `names` dataset
INFO     CBL:logging.py:111 Moving to step 2:
INFO     CBL:logging.py:111 	Delete name_101 through name_150 on sync gateway
INFO     CBL:logging.py:111 Moving to step 3:
INFO     CBL:logging.py:111 	Reset local database, and load `empty` dataset
DEBUG    CBL:logging.py:115 Sending (test_pull_empty_database_active_only) -> 3917af92-025e-4519-be8e-49ffccb813ad v1 POST /reset to http://localhost:5173
ERROR    CBL:testserver.py:92 Failed to send (test_pull_empty_database_active_only) -> 3917af92-025e-4519-be8e-49ffccb813ad v1 POST /reset to http://localhost:5173 (Cannot write to closing transport)
Stack (most recent call last):
  File "/Users/jayant.dhingra/Desktop/couchbase-lite-tests/.venv/bin/pytest", line 10, in <module>
    sys.exit(console_main())
  File "/Users/jayant.dhingra/Desktop/couchbase-lite-tests/.venv/lib/python3.13/site-packages/_pytest/config/__init__.py", line 223, in console_main
    code = main()
  File "/Users/jayant.dhingra/Desktop/couchbase-lite-tests/.venv/lib/python3.13/site-packages/_pytest/config/__init__.py", line 199, in main
    ret: ExitCode | int = config.hook.pytest_cmdline_main(config=config)
  File "/Users/jayant.dhingra/Desktop/couchbase-lite-tests/.venv/lib/python3.13/site-packages/pluggy/_hooks.py", line 513, in __call__
    return self._hookexec(self.name, self._hookimpls.copy(), kwargs, firstresult)
  File "/Users/jayant.dhingra/Desktop/couchbase-lite-tests/.venv/lib/python3.13/site-packages/pluggy/_manager.py", line 120, in _hookexec
    return self._inner_hookexec(hook_name, methods, kwargs, firstresult)
  File "/Users/jayant.dhingra/Desktop/couchbase-lite-tests/.venv/lib/python3.13/site-packages/pluggy/_callers.py", line 103, in _multicall
    res = hook_impl.function(*args)
  File "/Users/jayant.dhingra/Desktop/couchbase-lite-tests/.venv/lib/python3.13/site-packages/_pytest/main.py", line 365, in pytest_cmdline_main
    return wrap_session(config, _main)
  File "/Users/jayant.dhingra/Desktop/couchbase-lite-tests/.venv/lib/python3.13/site-packages/_pytest/main.py", line 318, in wrap_session
    session.exitstatus = doit(config, session) or 0
  File "/Users/jayant.dhingra/Desktop/couchbase-lite-tests/.venv/lib/python3.13/site-packages/_pytest/main.py", line 372, in _main
    config.hook.pytest_runtestloop(session=session)
  File "/Users/jayant.dhingra/Desktop/couchbase-lite-tests/.venv/lib/python3.13/site-packages/pluggy/_hooks.py", line 513, in __call__
    return self._hookexec(self.name, self._hookimpls.copy(), kwargs, firstresult)
  File "/Users/jayant.dhingra/Desktop/couchbase-lite-tests/.venv/lib/python3.13/site-packages/pluggy/_manager.py", line 120, in _hookexec
    return self._inner_hookexec(hook_name, methods, kwargs, firstresult)
  File "/Users/jayant.dhingra/Desktop/couchbase-lite-tests/.venv/lib/python3.13/site-packages/pluggy/_callers.py", line 103, in _multicall
    res = hook_impl.function(*args)
  File "/Users/jayant.dhingra/Desktop/couchbase-lite-tests/.venv/lib/python3.13/site-packages/_pytest/main.py", line 396, in pytest_runtestloop
    item.config.hook.pytest_runtest_protocol(item=item, nextitem=nextitem)
  File "/Users/jayant.dhingra/Desktop/couchbase-lite-tests/.venv/lib/python3.13/site-packages/pluggy/_hooks.py", line 513, in __call__
    return self._hookexec(self.name, self._hookimpls.copy(), kwargs, firstresult)
  File "/Users/jayant.dhingra/Desktop/couchbase-lite-tests/.venv/lib/python3.13/site-packages/pluggy/_manager.py", line 120, in _hookexec
    return self._inner_hookexec(hook_name, methods, kwargs, firstresult)
  File "/Users/jayant.dhingra/Desktop/couchbase-lite-tests/.venv/lib/python3.13/site-packages/pluggy/_callers.py", line 103, in _multicall
    res = hook_impl.function(*args)
  File "/Users/jayant.dhingra/Desktop/couchbase-lite-tests/.venv/lib/python3.13/site-packages/_pytest/runner.py", line 118, in pytest_runtest_protocol
    runtestprotocol(item, nextitem=nextitem)
  File "/Users/jayant.dhingra/Desktop/couchbase-lite-tests/.venv/lib/python3.13/site-packages/_pytest/runner.py", line 137, in runtestprotocol
    reports.append(call_and_report(item, "call", log))
  File "/Users/jayant.dhingra/Desktop/couchbase-lite-tests/.venv/lib/python3.13/site-packages/_pytest/runner.py", line 244, in call_and_report
    call = CallInfo.from_call(
  File "/Users/jayant.dhingra/Desktop/couchbase-lite-tests/.venv/lib/python3.13/site-packages/_pytest/runner.py", line 353, in from_call
    result: TResult | None = func()
  File "/Users/jayant.dhingra/Desktop/couchbase-lite-tests/.venv/lib/python3.13/site-packages/_pytest/runner.py", line 245, in <lambda>
    lambda: runtest_hook(item=item, **kwds),
  File "/Users/jayant.dhingra/Desktop/couchbase-lite-tests/.venv/lib/python3.13/site-packages/pluggy/_hooks.py", line 513, in __call__
    return self._hookexec(self.name, self._hookimpls.copy(), kwargs, firstresult)
  File "/Users/jayant.dhingra/Desktop/couchbase-lite-tests/.venv/lib/python3.13/site-packages/pluggy/_manager.py", line 120, in _hookexec
    return self._inner_hookexec(hook_name, methods, kwargs, firstresult)
  File "/Users/jayant.dhingra/Desktop/couchbase-lite-tests/.venv/lib/python3.13/site-packages/pluggy/_callers.py", line 103, in _multicall
    res = hook_impl.function(*args)
  File "/Users/jayant.dhingra/Desktop/couchbase-lite-tests/.venv/lib/python3.13/site-packages/_pytest/runner.py", line 179, in pytest_runtest_call
    item.runtest()
  File "/Users/jayant.dhingra/Desktop/couchbase-lite-tests/.venv/lib/python3.13/site-packages/pytest_asyncio/plugin.py", line 469, in runtest
    super().runtest()
  File "/Users/jayant.dhingra/Desktop/couchbase-lite-tests/.venv/lib/python3.13/site-packages/_pytest/python.py", line 1720, in runtest
    self.ihook.pytest_pyfunc_call(pyfuncitem=self)
  File "/Users/jayant.dhingra/Desktop/couchbase-lite-tests/.venv/lib/python3.13/site-packages/pluggy/_hooks.py", line 513, in __call__
    return self._hookexec(self.name, self._hookimpls.copy(), kwargs, firstresult)
  File "/Users/jayant.dhingra/Desktop/couchbase-lite-tests/.venv/lib/python3.13/site-packages/pluggy/_manager.py", line 120, in _hookexec
    return self._inner_hookexec(hook_name, methods, kwargs, firstresult)
  File "/Users/jayant.dhingra/Desktop/couchbase-lite-tests/.venv/lib/python3.13/site-packages/pluggy/_callers.py", line 103, in _multicall
    res = hook_impl.function(*args)
  File "/Users/jayant.dhingra/Desktop/couchbase-lite-tests/.venv/lib/python3.13/site-packages/_pytest/python.py", line 166, in pytest_pyfunc_call
    result = testfunction(**testargs)
  File "/Users/jayant.dhingra/Desktop/couchbase-lite-tests/.venv/lib/python3.13/site-packages/pytest_asyncio/plugin.py", line 716, in inner
    runner.run(coro, context=context)
  File "/opt/homebrew/Cellar/python@3.13/3.13.7/Frameworks/Python.framework/Versions/3.13/lib/python3.13/asyncio/runners.py", line 118, in run
    return self._loop.run_until_complete(task)
  File "/opt/homebrew/Cellar/python@3.13/3.13.7/Frameworks/Python.framework/Versions/3.13/lib/python3.13/asyncio/base_events.py", line 712, in run_until_complete
    self.run_forever()
  File "/opt/homebrew/Cellar/python@3.13/3.13.7/Frameworks/Python.framework/Versions/3.13/lib/python3.13/asyncio/base_events.py", line 683, in run_forever
    self._run_once()
  File "/opt/homebrew/Cellar/python@3.13/3.13.7/Frameworks/Python.framework/Versions/3.13/lib/python3.13/asyncio/base_events.py", line 2050, in _run_once
    handle._run()
  File "/opt/homebrew/Cellar/python@3.13/3.13.7/Frameworks/Python.framework/Versions/3.13/lib/python3.13/asyncio/events.py", line 89, in _run
    self._context.run(self._callback, *self._args)
  File "/Users/jayant.dhingra/Desktop/couchbase-lite-tests/tests/dev_e2e/test_replication_behavior.py", line 38, in test_pull_empty_database_active_only
    dbs = await cblpytest.test_servers[0].create_and_reset_db(["db1"])
  File "/Users/jayant.dhingra/Desktop/couchbase-lite-tests/client/src/cbltest/api/testserver.py", line 92, in create_and_reset_db
    await self.__request_factory.send_request(self.__index, request)
__________________ TestReplicationBlob.test_blob_replication ___________________
tests/dev_e2e/test_replication_blob.py:201: in test_blob_replication
    dbs = await cblpytest.test_servers[0].create_and_reset_db(["db1"])
          ^^^^^^^^^^^^^^^^^^^^^^^^^^^^^^^^^^^^^^^^^^^^^^^^^^^^^^^^^^^^
client/src/cbltest/api/testserver.py:92: in create_and_reset_db
    await self.__request_factory.send_request(self.__index, request)
client/src/cbltest/requests.py:194: in send_request
    ret_val = await transport.send(r, writer.num)
              ^^^^^^^^^^^^^^^^^^^^^^^^^^^^^^^^^^^
client/src/cbltest/requests_transport.py:120: in send
    await ws_conn.send_str(json.dumps(data))
.venv/lib/python3.13/site-packages/aiohttp/web_ws.py:478: in send_str
    await self._writer.send_frame(
.venv/lib/python3.13/site-packages/aiohttp/_websocket/writer.py:78: in send_frame
    raise ClientConnectionResetError("Cannot write to closing transport")
E   aiohttp.client_exceptions.ClientConnectionResetError: Cannot write to closing transport
------------------------------ Captured log setup ------------------------------
INFO     CBL:logging.py:111 🧹 Couchbase Server and Sync Gateway cleanup started
DEBUG    CBL:logging.py:115 🧹 SGW <cbltest.api.syncgateway.SyncGateway object at 0x11378b230>: found databases [], deleting...
DEBUG    CBL:logging.py:115 🧹 CBS <cbltest.api.couchbaseserver.CouchbaseServer object at 0x11378b620>: no buckets to delete
INFO     CBL:logging.py:111 🧹 Couchbase Server and Sync Gateway cleanup finished
INFO     CBL:logging.py:111 Starting test: test_blob_replication
------------------------------ Captured log call -------------------------------
INFO     CBL:logging.py:111 Moving to step 1:
INFO     CBL:logging.py:111 	Reset SG and load `names` dataset.
INFO     CBL:logging.py:111 Moving to step 2:
INFO     CBL:logging.py:111 	Reset empty local database
DEBUG    CBL:logging.py:115 Sending (test_blob_replication) -> 3917af92-025e-4519-be8e-49ffccb813ad v1 POST /reset to http://localhost:5173
ERROR    CBL:testserver.py:92 Failed to send (test_blob_replication) -> 3917af92-025e-4519-be8e-49ffccb813ad v1 POST /reset to http://localhost:5173 (Cannot write to closing transport)
Stack (most recent call last):
  File "/Users/jayant.dhingra/Desktop/couchbase-lite-tests/.venv/bin/pytest", line 10, in <module>
    sys.exit(console_main())
  File "/Users/jayant.dhingra/Desktop/couchbase-lite-tests/.venv/lib/python3.13/site-packages/_pytest/config/__init__.py", line 223, in console_main
    code = main()
  File "/Users/jayant.dhingra/Desktop/couchbase-lite-tests/.venv/lib/python3.13/site-packages/_pytest/config/__init__.py", line 199, in main
    ret: ExitCode | int = config.hook.pytest_cmdline_main(config=config)
  File "/Users/jayant.dhingra/Desktop/couchbase-lite-tests/.venv/lib/python3.13/site-packages/pluggy/_hooks.py", line 513, in __call__
    return self._hookexec(self.name, self._hookimpls.copy(), kwargs, firstresult)
  File "/Users/jayant.dhingra/Desktop/couchbase-lite-tests/.venv/lib/python3.13/site-packages/pluggy/_manager.py", line 120, in _hookexec
    return self._inner_hookexec(hook_name, methods, kwargs, firstresult)
  File "/Users/jayant.dhingra/Desktop/couchbase-lite-tests/.venv/lib/python3.13/site-packages/pluggy/_callers.py", line 103, in _multicall
    res = hook_impl.function(*args)
  File "/Users/jayant.dhingra/Desktop/couchbase-lite-tests/.venv/lib/python3.13/site-packages/_pytest/main.py", line 365, in pytest_cmdline_main
    return wrap_session(config, _main)
  File "/Users/jayant.dhingra/Desktop/couchbase-lite-tests/.venv/lib/python3.13/site-packages/_pytest/main.py", line 318, in wrap_session
    session.exitstatus = doit(config, session) or 0
  File "/Users/jayant.dhingra/Desktop/couchbase-lite-tests/.venv/lib/python3.13/site-packages/_pytest/main.py", line 372, in _main
    config.hook.pytest_runtestloop(session=session)
  File "/Users/jayant.dhingra/Desktop/couchbase-lite-tests/.venv/lib/python3.13/site-packages/pluggy/_hooks.py", line 513, in __call__
    return self._hookexec(self.name, self._hookimpls.copy(), kwargs, firstresult)
  File "/Users/jayant.dhingra/Desktop/couchbase-lite-tests/.venv/lib/python3.13/site-packages/pluggy/_manager.py", line 120, in _hookexec
    return self._inner_hookexec(hook_name, methods, kwargs, firstresult)
  File "/Users/jayant.dhingra/Desktop/couchbase-lite-tests/.venv/lib/python3.13/site-packages/pluggy/_callers.py", line 103, in _multicall
    res = hook_impl.function(*args)
  File "/Users/jayant.dhingra/Desktop/couchbase-lite-tests/.venv/lib/python3.13/site-packages/_pytest/main.py", line 396, in pytest_runtestloop
    item.config.hook.pytest_runtest_protocol(item=item, nextitem=nextitem)
  File "/Users/jayant.dhingra/Desktop/couchbase-lite-tests/.venv/lib/python3.13/site-packages/pluggy/_hooks.py", line 513, in __call__
    return self._hookexec(self.name, self._hookimpls.copy(), kwargs, firstresult)
  File "/Users/jayant.dhingra/Desktop/couchbase-lite-tests/.venv/lib/python3.13/site-packages/pluggy/_manager.py", line 120, in _hookexec
    return self._inner_hookexec(hook_name, methods, kwargs, firstresult)
  File "/Users/jayant.dhingra/Desktop/couchbase-lite-tests/.venv/lib/python3.13/site-packages/pluggy/_callers.py", line 103, in _multicall
    res = hook_impl.function(*args)
  File "/Users/jayant.dhingra/Desktop/couchbase-lite-tests/.venv/lib/python3.13/site-packages/_pytest/runner.py", line 118, in pytest_runtest_protocol
    runtestprotocol(item, nextitem=nextitem)
  File "/Users/jayant.dhingra/Desktop/couchbase-lite-tests/.venv/lib/python3.13/site-packages/_pytest/runner.py", line 137, in runtestprotocol
    reports.append(call_and_report(item, "call", log))
  File "/Users/jayant.dhingra/Desktop/couchbase-lite-tests/.venv/lib/python3.13/site-packages/_pytest/runner.py", line 244, in call_and_report
    call = CallInfo.from_call(
  File "/Users/jayant.dhingra/Desktop/couchbase-lite-tests/.venv/lib/python3.13/site-packages/_pytest/runner.py", line 353, in from_call
    result: TResult | None = func()
  File "/Users/jayant.dhingra/Desktop/couchbase-lite-tests/.venv/lib/python3.13/site-packages/_pytest/runner.py", line 245, in <lambda>
    lambda: runtest_hook(item=item, **kwds),
  File "/Users/jayant.dhingra/Desktop/couchbase-lite-tests/.venv/lib/python3.13/site-packages/pluggy/_hooks.py", line 513, in __call__
    return self._hookexec(self.name, self._hookimpls.copy(), kwargs, firstresult)
  File "/Users/jayant.dhingra/Desktop/couchbase-lite-tests/.venv/lib/python3.13/site-packages/pluggy/_manager.py", line 120, in _hookexec
    return self._inner_hookexec(hook_name, methods, kwargs, firstresult)
  File "/Users/jayant.dhingra/Desktop/couchbase-lite-tests/.venv/lib/python3.13/site-packages/pluggy/_callers.py", line 103, in _multicall
    res = hook_impl.function(*args)
  File "/Users/jayant.dhingra/Desktop/couchbase-lite-tests/.venv/lib/python3.13/site-packages/_pytest/runner.py", line 179, in pytest_runtest_call
    item.runtest()
  File "/Users/jayant.dhingra/Desktop/couchbase-lite-tests/.venv/lib/python3.13/site-packages/pytest_asyncio/plugin.py", line 469, in runtest
    super().runtest()
  File "/Users/jayant.dhingra/Desktop/couchbase-lite-tests/.venv/lib/python3.13/site-packages/_pytest/python.py", line 1720, in runtest
    self.ihook.pytest_pyfunc_call(pyfuncitem=self)
  File "/Users/jayant.dhingra/Desktop/couchbase-lite-tests/.venv/lib/python3.13/site-packages/pluggy/_hooks.py", line 513, in __call__
    return self._hookexec(self.name, self._hookimpls.copy(), kwargs, firstresult)
  File "/Users/jayant.dhingra/Desktop/couchbase-lite-tests/.venv/lib/python3.13/site-packages/pluggy/_manager.py", line 120, in _hookexec
    return self._inner_hookexec(hook_name, methods, kwargs, firstresult)
  File "/Users/jayant.dhingra/Desktop/couchbase-lite-tests/.venv/lib/python3.13/site-packages/pluggy/_callers.py", line 103, in _multicall
    res = hook_impl.function(*args)
  File "/Users/jayant.dhingra/Desktop/couchbase-lite-tests/.venv/lib/python3.13/site-packages/_pytest/python.py", line 166, in pytest_pyfunc_call
    result = testfunction(**testargs)
  File "/Users/jayant.dhingra/Desktop/couchbase-lite-tests/.venv/lib/python3.13/site-packages/pytest_asyncio/plugin.py", line 716, in inner
    runner.run(coro, context=context)
  File "/opt/homebrew/Cellar/python@3.13/3.13.7/Frameworks/Python.framework/Versions/3.13/lib/python3.13/asyncio/runners.py", line 118, in run
    return self._loop.run_until_complete(task)
  File "/opt/homebrew/Cellar/python@3.13/3.13.7/Frameworks/Python.framework/Versions/3.13/lib/python3.13/asyncio/base_events.py", line 712, in run_until_complete
    self.run_forever()
  File "/opt/homebrew/Cellar/python@3.13/3.13.7/Frameworks/Python.framework/Versions/3.13/lib/python3.13/asyncio/base_events.py", line 683, in run_forever
    self._run_once()
  File "/opt/homebrew/Cellar/python@3.13/3.13.7/Frameworks/Python.framework/Versions/3.13/lib/python3.13/asyncio/base_events.py", line 2050, in _run_once
    handle._run()
  File "/opt/homebrew/Cellar/python@3.13/3.13.7/Frameworks/Python.framework/Versions/3.13/lib/python3.13/asyncio/events.py", line 89, in _run
    self._context.run(self._callback, *self._args)
  File "/Users/jayant.dhingra/Desktop/couchbase-lite-tests/tests/dev_e2e/test_replication_blob.py", line 201, in test_blob_replication
    dbs = await cblpytest.test_servers[0].create_and_reset_db(["db1"])
  File "/Users/jayant.dhingra/Desktop/couchbase-lite-tests/client/src/cbltest/api/testserver.py", line 92, in create_and_reset_db
    await self.__request_factory.send_request(self.__index, request)
_____________ TestReplicationFilter.test_push_document_ids_filter ______________
tests/dev_e2e/test_replication_filter.py:40: in test_push_document_ids_filter
    dbs = await cblpytest.test_servers[0].create_and_reset_db(["db1"], dataset="travel")
          ^^^^^^^^^^^^^^^^^^^^^^^^^^^^^^^^^^^^^^^^^^^^^^^^^^^^^^^^^^^^^^^^^^^^^^^^^^^^^^
client/src/cbltest/api/testserver.py:92: in create_and_reset_db
    await self.__request_factory.send_request(self.__index, request)
client/src/cbltest/requests.py:194: in send_request
    ret_val = await transport.send(r, writer.num)
              ^^^^^^^^^^^^^^^^^^^^^^^^^^^^^^^^^^^
client/src/cbltest/requests_transport.py:120: in send
    await ws_conn.send_str(json.dumps(data))
.venv/lib/python3.13/site-packages/aiohttp/web_ws.py:478: in send_str
    await self._writer.send_frame(
.venv/lib/python3.13/site-packages/aiohttp/_websocket/writer.py:78: in send_frame
    raise ClientConnectionResetError("Cannot write to closing transport")
E   aiohttp.client_exceptions.ClientConnectionResetError: Cannot write to closing transport
------------------------------ Captured log setup ------------------------------
INFO     CBL:logging.py:111 🧹 Couchbase Server and Sync Gateway cleanup started
DEBUG    CBL:logging.py:115 🧹 SGW <cbltest.api.syncgateway.SyncGateway object at 0x11378b230>: found databases ['names'], deleting...
DEBUG    CBL:logging.py:115 🧹 CBS <cbltest.api.couchbaseserver.CouchbaseServer object at 0x11378b620>: found buckets ['names'], deleting...
DEBUG    CBL:logging.py:115 🧹 CBS <cbltest.api.couchbaseserver.CouchbaseServer object at 0x11378b620>: waiting for all buckets to be deleted...
INFO     CBL:logging.py:111 🧹 Couchbase Server and Sync Gateway cleanup finished
INFO     CBL:logging.py:111 Starting test: test_push_document_ids_filter
------------------------------ Captured log call -------------------------------
INFO     CBL:logging.py:111 Moving to step 1:
INFO     CBL:logging.py:111 	Reset SG and load `travel` dataset.
INFO     CBL:logging.py:111 Moving to step 2:
INFO     CBL:logging.py:111 	Reset local database, and load `travel` dataset.
DEBUG    CBL:logging.py:115 Sending (test_push_document_ids_filter) -> 3917af92-025e-4519-be8e-49ffccb813ad v1 POST /reset to http://localhost:5173
ERROR    CBL:testserver.py:92 Failed to send (test_push_document_ids_filter) -> 3917af92-025e-4519-be8e-49ffccb813ad v1 POST /reset to http://localhost:5173 (Cannot write to closing transport)
Stack (most recent call last):
  File "/Users/jayant.dhingra/Desktop/couchbase-lite-tests/.venv/bin/pytest", line 10, in <module>
    sys.exit(console_main())
  File "/Users/jayant.dhingra/Desktop/couchbase-lite-tests/.venv/lib/python3.13/site-packages/_pytest/config/__init__.py", line 223, in console_main
    code = main()
  File "/Users/jayant.dhingra/Desktop/couchbase-lite-tests/.venv/lib/python3.13/site-packages/_pytest/config/__init__.py", line 199, in main
    ret: ExitCode | int = config.hook.pytest_cmdline_main(config=config)
  File "/Users/jayant.dhingra/Desktop/couchbase-lite-tests/.venv/lib/python3.13/site-packages/pluggy/_hooks.py", line 513, in __call__
    return self._hookexec(self.name, self._hookimpls.copy(), kwargs, firstresult)
  File "/Users/jayant.dhingra/Desktop/couchbase-lite-tests/.venv/lib/python3.13/site-packages/pluggy/_manager.py", line 120, in _hookexec
    return self._inner_hookexec(hook_name, methods, kwargs, firstresult)
  File "/Users/jayant.dhingra/Desktop/couchbase-lite-tests/.venv/lib/python3.13/site-packages/pluggy/_callers.py", line 103, in _multicall
    res = hook_impl.function(*args)
  File "/Users/jayant.dhingra/Desktop/couchbase-lite-tests/.venv/lib/python3.13/site-packages/_pytest/main.py", line 365, in pytest_cmdline_main
    return wrap_session(config, _main)
  File "/Users/jayant.dhingra/Desktop/couchbase-lite-tests/.venv/lib/python3.13/site-packages/_pytest/main.py", line 318, in wrap_session
    session.exitstatus = doit(config, session) or 0
  File "/Users/jayant.dhingra/Desktop/couchbase-lite-tests/.venv/lib/python3.13/site-packages/_pytest/main.py", line 372, in _main
    config.hook.pytest_runtestloop(session=session)
  File "/Users/jayant.dhingra/Desktop/couchbase-lite-tests/.venv/lib/python3.13/site-packages/pluggy/_hooks.py", line 513, in __call__
    return self._hookexec(self.name, self._hookimpls.copy(), kwargs, firstresult)
  File "/Users/jayant.dhingra/Desktop/couchbase-lite-tests/.venv/lib/python3.13/site-packages/pluggy/_manager.py", line 120, in _hookexec
    return self._inner_hookexec(hook_name, methods, kwargs, firstresult)
  File "/Users/jayant.dhingra/Desktop/couchbase-lite-tests/.venv/lib/python3.13/site-packages/pluggy/_callers.py", line 103, in _multicall
    res = hook_impl.function(*args)
  File "/Users/jayant.dhingra/Desktop/couchbase-lite-tests/.venv/lib/python3.13/site-packages/_pytest/main.py", line 396, in pytest_runtestloop
    item.config.hook.pytest_runtest_protocol(item=item, nextitem=nextitem)
  File "/Users/jayant.dhingra/Desktop/couchbase-lite-tests/.venv/lib/python3.13/site-packages/pluggy/_hooks.py", line 513, in __call__
    return self._hookexec(self.name, self._hookimpls.copy(), kwargs, firstresult)
  File "/Users/jayant.dhingra/Desktop/couchbase-lite-tests/.venv/lib/python3.13/site-packages/pluggy/_manager.py", line 120, in _hookexec
    return self._inner_hookexec(hook_name, methods, kwargs, firstresult)
  File "/Users/jayant.dhingra/Desktop/couchbase-lite-tests/.venv/lib/python3.13/site-packages/pluggy/_callers.py", line 103, in _multicall
    res = hook_impl.function(*args)
  File "/Users/jayant.dhingra/Desktop/couchbase-lite-tests/.venv/lib/python3.13/site-packages/_pytest/runner.py", line 118, in pytest_runtest_protocol
    runtestprotocol(item, nextitem=nextitem)
  File "/Users/jayant.dhingra/Desktop/couchbase-lite-tests/.venv/lib/python3.13/site-packages/_pytest/runner.py", line 137, in runtestprotocol
    reports.append(call_and_report(item, "call", log))
  File "/Users/jayant.dhingra/Desktop/couchbase-lite-tests/.venv/lib/python3.13/site-packages/_pytest/runner.py", line 244, in call_and_report
    call = CallInfo.from_call(
  File "/Users/jayant.dhingra/Desktop/couchbase-lite-tests/.venv/lib/python3.13/site-packages/_pytest/runner.py", line 353, in from_call
    result: TResult | None = func()
  File "/Users/jayant.dhingra/Desktop/couchbase-lite-tests/.venv/lib/python3.13/site-packages/_pytest/runner.py", line 245, in <lambda>
    lambda: runtest_hook(item=item, **kwds),
  File "/Users/jayant.dhingra/Desktop/couchbase-lite-tests/.venv/lib/python3.13/site-packages/pluggy/_hooks.py", line 513, in __call__
    return self._hookexec(self.name, self._hookimpls.copy(), kwargs, firstresult)
  File "/Users/jayant.dhingra/Desktop/couchbase-lite-tests/.venv/lib/python3.13/site-packages/pluggy/_manager.py", line 120, in _hookexec
    return self._inner_hookexec(hook_name, methods, kwargs, firstresult)
  File "/Users/jayant.dhingra/Desktop/couchbase-lite-tests/.venv/lib/python3.13/site-packages/pluggy/_callers.py", line 103, in _multicall
    res = hook_impl.function(*args)
  File "/Users/jayant.dhingra/Desktop/couchbase-lite-tests/.venv/lib/python3.13/site-packages/_pytest/runner.py", line 179, in pytest_runtest_call
    item.runtest()
  File "/Users/jayant.dhingra/Desktop/couchbase-lite-tests/.venv/lib/python3.13/site-packages/pytest_asyncio/plugin.py", line 469, in runtest
    super().runtest()
  File "/Users/jayant.dhingra/Desktop/couchbase-lite-tests/.venv/lib/python3.13/site-packages/_pytest/python.py", line 1720, in runtest
    self.ihook.pytest_pyfunc_call(pyfuncitem=self)
  File "/Users/jayant.dhingra/Desktop/couchbase-lite-tests/.venv/lib/python3.13/site-packages/pluggy/_hooks.py", line 513, in __call__
    return self._hookexec(self.name, self._hookimpls.copy(), kwargs, firstresult)
  File "/Users/jayant.dhingra/Desktop/couchbase-lite-tests/.venv/lib/python3.13/site-packages/pluggy/_manager.py", line 120, in _hookexec
    return self._inner_hookexec(hook_name, methods, kwargs, firstresult)
  File "/Users/jayant.dhingra/Desktop/couchbase-lite-tests/.venv/lib/python3.13/site-packages/pluggy/_callers.py", line 103, in _multicall
    res = hook_impl.function(*args)
  File "/Users/jayant.dhingra/Desktop/couchbase-lite-tests/.venv/lib/python3.13/site-packages/_pytest/python.py", line 166, in pytest_pyfunc_call
    result = testfunction(**testargs)
  File "/Users/jayant.dhingra/Desktop/couchbase-lite-tests/.venv/lib/python3.13/site-packages/pytest_asyncio/plugin.py", line 716, in inner
    runner.run(coro, context=context)
  File "/opt/homebrew/Cellar/python@3.13/3.13.7/Frameworks/Python.framework/Versions/3.13/lib/python3.13/asyncio/runners.py", line 118, in run
    return self._loop.run_until_complete(task)
  File "/opt/homebrew/Cellar/python@3.13/3.13.7/Frameworks/Python.framework/Versions/3.13/lib/python3.13/asyncio/base_events.py", line 712, in run_until_complete
    self.run_forever()
  File "/opt/homebrew/Cellar/python@3.13/3.13.7/Frameworks/Python.framework/Versions/3.13/lib/python3.13/asyncio/base_events.py", line 683, in run_forever
    self._run_once()
  File "/opt/homebrew/Cellar/python@3.13/3.13.7/Frameworks/Python.framework/Versions/3.13/lib/python3.13/asyncio/base_events.py", line 2050, in _run_once
    handle._run()
  File "/opt/homebrew/Cellar/python@3.13/3.13.7/Frameworks/Python.framework/Versions/3.13/lib/python3.13/asyncio/events.py", line 89, in _run
    self._context.run(self._callback, *self._args)
  File "/Users/jayant.dhingra/Desktop/couchbase-lite-tests/tests/dev_e2e/test_replication_filter.py", line 40, in test_push_document_ids_filter
    dbs = await cblpytest.test_servers[0].create_and_reset_db(["db1"], dataset="travel")
  File "/Users/jayant.dhingra/Desktop/couchbase-lite-tests/client/src/cbltest/api/testserver.py", line 92, in create_and_reset_db
    await self.__request_factory.send_request(self.__index, request)
_____________ TestReplicationFilter.test_pull_document_ids_filter ______________
tests/dev_e2e/test_replication_filter.py:121: in test_pull_document_ids_filter
    dbs = await cblpytest.test_servers[0].create_and_reset_db(["db1"], dataset="travel")
          ^^^^^^^^^^^^^^^^^^^^^^^^^^^^^^^^^^^^^^^^^^^^^^^^^^^^^^^^^^^^^^^^^^^^^^^^^^^^^^
client/src/cbltest/api/testserver.py:92: in create_and_reset_db
    await self.__request_factory.send_request(self.__index, request)
client/src/cbltest/requests.py:194: in send_request
    ret_val = await transport.send(r, writer.num)
              ^^^^^^^^^^^^^^^^^^^^^^^^^^^^^^^^^^^
client/src/cbltest/requests_transport.py:120: in send
    await ws_conn.send_str(json.dumps(data))
.venv/lib/python3.13/site-packages/aiohttp/web_ws.py:478: in send_str
    await self._writer.send_frame(
.venv/lib/python3.13/site-packages/aiohttp/_websocket/writer.py:78: in send_frame
    raise ClientConnectionResetError("Cannot write to closing transport")
E   aiohttp.client_exceptions.ClientConnectionResetError: Cannot write to closing transport
------------------------------ Captured log setup ------------------------------
INFO     CBL:logging.py:111 🧹 Couchbase Server and Sync Gateway cleanup started
DEBUG    CBL:logging.py:115 🧹 SGW <cbltest.api.syncgateway.SyncGateway object at 0x11378b230>: found databases ['travel'], deleting...
DEBUG    CBL:logging.py:115 🧹 CBS <cbltest.api.couchbaseserver.CouchbaseServer object at 0x11378b620>: found buckets ['travel'], deleting...
DEBUG    CBL:logging.py:115 🧹 CBS <cbltest.api.couchbaseserver.CouchbaseServer object at 0x11378b620>: waiting for all buckets to be deleted...
INFO     CBL:logging.py:111 🧹 Couchbase Server and Sync Gateway cleanup finished
INFO     CBL:logging.py:111 Starting test: test_pull_document_ids_filter
------------------------------ Captured log call -------------------------------
INFO     CBL:logging.py:111 Moving to step 1:
INFO     CBL:logging.py:111 	Reset SG and load `travel` dataset.
INFO     CBL:logging.py:111 Moving to step 2:
INFO     CBL:logging.py:111 	Reset local database, and load `travel` dataset.
DEBUG    CBL:logging.py:115 Sending (test_pull_document_ids_filter) -> 3917af92-025e-4519-be8e-49ffccb813ad v1 POST /reset to http://localhost:5173
ERROR    CBL:testserver.py:92 Failed to send (test_pull_document_ids_filter) -> 3917af92-025e-4519-be8e-49ffccb813ad v1 POST /reset to http://localhost:5173 (Cannot write to closing transport)
Stack (most recent call last):
  File "/Users/jayant.dhingra/Desktop/couchbase-lite-tests/.venv/bin/pytest", line 10, in <module>
    sys.exit(console_main())
  File "/Users/jayant.dhingra/Desktop/couchbase-lite-tests/.venv/lib/python3.13/site-packages/_pytest/config/__init__.py", line 223, in console_main
    code = main()
  File "/Users/jayant.dhingra/Desktop/couchbase-lite-tests/.venv/lib/python3.13/site-packages/_pytest/config/__init__.py", line 199, in main
    ret: ExitCode | int = config.hook.pytest_cmdline_main(config=config)
  File "/Users/jayant.dhingra/Desktop/couchbase-lite-tests/.venv/lib/python3.13/site-packages/pluggy/_hooks.py", line 513, in __call__
    return self._hookexec(self.name, self._hookimpls.copy(), kwargs, firstresult)
  File "/Users/jayant.dhingra/Desktop/couchbase-lite-tests/.venv/lib/python3.13/site-packages/pluggy/_manager.py", line 120, in _hookexec
    return self._inner_hookexec(hook_name, methods, kwargs, firstresult)
  File "/Users/jayant.dhingra/Desktop/couchbase-lite-tests/.venv/lib/python3.13/site-packages/pluggy/_callers.py", line 103, in _multicall
    res = hook_impl.function(*args)
  File "/Users/jayant.dhingra/Desktop/couchbase-lite-tests/.venv/lib/python3.13/site-packages/_pytest/main.py", line 365, in pytest_cmdline_main
    return wrap_session(config, _main)
  File "/Users/jayant.dhingra/Desktop/couchbase-lite-tests/.venv/lib/python3.13/site-packages/_pytest/main.py", line 318, in wrap_session
    session.exitstatus = doit(config, session) or 0
  File "/Users/jayant.dhingra/Desktop/couchbase-lite-tests/.venv/lib/python3.13/site-packages/_pytest/main.py", line 372, in _main
    config.hook.pytest_runtestloop(session=session)
  File "/Users/jayant.dhingra/Desktop/couchbase-lite-tests/.venv/lib/python3.13/site-packages/pluggy/_hooks.py", line 513, in __call__
    return self._hookexec(self.name, self._hookimpls.copy(), kwargs, firstresult)
  File "/Users/jayant.dhingra/Desktop/couchbase-lite-tests/.venv/lib/python3.13/site-packages/pluggy/_manager.py", line 120, in _hookexec
    return self._inner_hookexec(hook_name, methods, kwargs, firstresult)
  File "/Users/jayant.dhingra/Desktop/couchbase-lite-tests/.venv/lib/python3.13/site-packages/pluggy/_callers.py", line 103, in _multicall
    res = hook_impl.function(*args)
  File "/Users/jayant.dhingra/Desktop/couchbase-lite-tests/.venv/lib/python3.13/site-packages/_pytest/main.py", line 396, in pytest_runtestloop
    item.config.hook.pytest_runtest_protocol(item=item, nextitem=nextitem)
  File "/Users/jayant.dhingra/Desktop/couchbase-lite-tests/.venv/lib/python3.13/site-packages/pluggy/_hooks.py", line 513, in __call__
    return self._hookexec(self.name, self._hookimpls.copy(), kwargs, firstresult)
  File "/Users/jayant.dhingra/Desktop/couchbase-lite-tests/.venv/lib/python3.13/site-packages/pluggy/_manager.py", line 120, in _hookexec
    return self._inner_hookexec(hook_name, methods, kwargs, firstresult)
  File "/Users/jayant.dhingra/Desktop/couchbase-lite-tests/.venv/lib/python3.13/site-packages/pluggy/_callers.py", line 103, in _multicall
    res = hook_impl.function(*args)
  File "/Users/jayant.dhingra/Desktop/couchbase-lite-tests/.venv/lib/python3.13/site-packages/_pytest/runner.py", line 118, in pytest_runtest_protocol
    runtestprotocol(item, nextitem=nextitem)
  File "/Users/jayant.dhingra/Desktop/couchbase-lite-tests/.venv/lib/python3.13/site-packages/_pytest/runner.py", line 137, in runtestprotocol
    reports.append(call_and_report(item, "call", log))
  File "/Users/jayant.dhingra/Desktop/couchbase-lite-tests/.venv/lib/python3.13/site-packages/_pytest/runner.py", line 244, in call_and_report
    call = CallInfo.from_call(
  File "/Users/jayant.dhingra/Desktop/couchbase-lite-tests/.venv/lib/python3.13/site-packages/_pytest/runner.py", line 353, in from_call
    result: TResult | None = func()
  File "/Users/jayant.dhingra/Desktop/couchbase-lite-tests/.venv/lib/python3.13/site-packages/_pytest/runner.py", line 245, in <lambda>
    lambda: runtest_hook(item=item, **kwds),
  File "/Users/jayant.dhingra/Desktop/couchbase-lite-tests/.venv/lib/python3.13/site-packages/pluggy/_hooks.py", line 513, in __call__
    return self._hookexec(self.name, self._hookimpls.copy(), kwargs, firstresult)
  File "/Users/jayant.dhingra/Desktop/couchbase-lite-tests/.venv/lib/python3.13/site-packages/pluggy/_manager.py", line 120, in _hookexec
    return self._inner_hookexec(hook_name, methods, kwargs, firstresult)
  File "/Users/jayant.dhingra/Desktop/couchbase-lite-tests/.venv/lib/python3.13/site-packages/pluggy/_callers.py", line 103, in _multicall
    res = hook_impl.function(*args)
  File "/Users/jayant.dhingra/Desktop/couchbase-lite-tests/.venv/lib/python3.13/site-packages/_pytest/runner.py", line 179, in pytest_runtest_call
    item.runtest()
  File "/Users/jayant.dhingra/Desktop/couchbase-lite-tests/.venv/lib/python3.13/site-packages/pytest_asyncio/plugin.py", line 469, in runtest
    super().runtest()
  File "/Users/jayant.dhingra/Desktop/couchbase-lite-tests/.venv/lib/python3.13/site-packages/_pytest/python.py", line 1720, in runtest
    self.ihook.pytest_pyfunc_call(pyfuncitem=self)
  File "/Users/jayant.dhingra/Desktop/couchbase-lite-tests/.venv/lib/python3.13/site-packages/pluggy/_hooks.py", line 513, in __call__
    return self._hookexec(self.name, self._hookimpls.copy(), kwargs, firstresult)
  File "/Users/jayant.dhingra/Desktop/couchbase-lite-tests/.venv/lib/python3.13/site-packages/pluggy/_manager.py", line 120, in _hookexec
    return self._inner_hookexec(hook_name, methods, kwargs, firstresult)
  File "/Users/jayant.dhingra/Desktop/couchbase-lite-tests/.venv/lib/python3.13/site-packages/pluggy/_callers.py", line 103, in _multicall
    res = hook_impl.function(*args)
  File "/Users/jayant.dhingra/Desktop/couchbase-lite-tests/.venv/lib/python3.13/site-packages/_pytest/python.py", line 166, in pytest_pyfunc_call
    result = testfunction(**testargs)
  File "/Users/jayant.dhingra/Desktop/couchbase-lite-tests/.venv/lib/python3.13/site-packages/pytest_asyncio/plugin.py", line 716, in inner
    runner.run(coro, context=context)
  File "/opt/homebrew/Cellar/python@3.13/3.13.7/Frameworks/Python.framework/Versions/3.13/lib/python3.13/asyncio/runners.py", line 118, in run
    return self._loop.run_until_complete(task)
  File "/opt/homebrew/Cellar/python@3.13/3.13.7/Frameworks/Python.framework/Versions/3.13/lib/python3.13/asyncio/base_events.py", line 712, in run_until_complete
    self.run_forever()
  File "/opt/homebrew/Cellar/python@3.13/3.13.7/Frameworks/Python.framework/Versions/3.13/lib/python3.13/asyncio/base_events.py", line 683, in run_forever
    self._run_once()
  File "/opt/homebrew/Cellar/python@3.13/3.13.7/Frameworks/Python.framework/Versions/3.13/lib/python3.13/asyncio/base_events.py", line 2050, in _run_once
    handle._run()
  File "/opt/homebrew/Cellar/python@3.13/3.13.7/Frameworks/Python.framework/Versions/3.13/lib/python3.13/asyncio/events.py", line 89, in _run
    self._context.run(self._callback, *self._args)
  File "/Users/jayant.dhingra/Desktop/couchbase-lite-tests/tests/dev_e2e/test_replication_filter.py", line 121, in test_pull_document_ids_filter
    dbs = await cblpytest.test_servers[0].create_and_reset_db(["db1"], dataset="travel")
  File "/Users/jayant.dhingra/Desktop/couchbase-lite-tests/client/src/cbltest/api/testserver.py", line 92, in create_and_reset_db
    await self.__request_factory.send_request(self.__index, request)
_______________ TestReplicationFilter.test_pull_channels_filter ________________
tests/dev_e2e/test_replication_filter.py:211: in test_pull_channels_filter
    dbs = await cblpytest.test_servers[0].create_and_reset_db(["db1"], dataset="travel")
          ^^^^^^^^^^^^^^^^^^^^^^^^^^^^^^^^^^^^^^^^^^^^^^^^^^^^^^^^^^^^^^^^^^^^^^^^^^^^^^
client/src/cbltest/api/testserver.py:92: in create_and_reset_db
    await self.__request_factory.send_request(self.__index, request)
client/src/cbltest/requests.py:194: in send_request
    ret_val = await transport.send(r, writer.num)
              ^^^^^^^^^^^^^^^^^^^^^^^^^^^^^^^^^^^
client/src/cbltest/requests_transport.py:120: in send
    await ws_conn.send_str(json.dumps(data))
.venv/lib/python3.13/site-packages/aiohttp/web_ws.py:478: in send_str
    await self._writer.send_frame(
.venv/lib/python3.13/site-packages/aiohttp/_websocket/writer.py:78: in send_frame
    raise ClientConnectionResetError("Cannot write to closing transport")
E   aiohttp.client_exceptions.ClientConnectionResetError: Cannot write to closing transport
------------------------------ Captured log setup ------------------------------
INFO     CBL:logging.py:111 🧹 Couchbase Server and Sync Gateway cleanup started
DEBUG    CBL:logging.py:115 🧹 SGW <cbltest.api.syncgateway.SyncGateway object at 0x11378b230>: found databases ['travel'], deleting...
DEBUG    CBL:logging.py:115 🧹 CBS <cbltest.api.couchbaseserver.CouchbaseServer object at 0x11378b620>: found buckets ['travel'], deleting...
DEBUG    CBL:logging.py:115 🧹 CBS <cbltest.api.couchbaseserver.CouchbaseServer object at 0x11378b620>: waiting for all buckets to be deleted...
INFO     CBL:logging.py:111 🧹 Couchbase Server and Sync Gateway cleanup finished
INFO     CBL:logging.py:111 Starting test: test_pull_channels_filter
------------------------------ Captured log call -------------------------------
INFO     CBL:logging.py:111 Moving to step 1:
INFO     CBL:logging.py:111 	Reset SG and load `travel` dataset.
INFO     CBL:logging.py:111 Moving to step 2:
INFO     CBL:logging.py:111 	Reset local database, and load `travel` dataset.
DEBUG    CBL:logging.py:115 Sending (test_pull_channels_filter) -> 3917af92-025e-4519-be8e-49ffccb813ad v1 POST /reset to http://localhost:5173
ERROR    CBL:testserver.py:92 Failed to send (test_pull_channels_filter) -> 3917af92-025e-4519-be8e-49ffccb813ad v1 POST /reset to http://localhost:5173 (Cannot write to closing transport)
Stack (most recent call last):
  File "/Users/jayant.dhingra/Desktop/couchbase-lite-tests/.venv/bin/pytest", line 10, in <module>
    sys.exit(console_main())
  File "/Users/jayant.dhingra/Desktop/couchbase-lite-tests/.venv/lib/python3.13/site-packages/_pytest/config/__init__.py", line 223, in console_main
    code = main()
  File "/Users/jayant.dhingra/Desktop/couchbase-lite-tests/.venv/lib/python3.13/site-packages/_pytest/config/__init__.py", line 199, in main
    ret: ExitCode | int = config.hook.pytest_cmdline_main(config=config)
  File "/Users/jayant.dhingra/Desktop/couchbase-lite-tests/.venv/lib/python3.13/site-packages/pluggy/_hooks.py", line 513, in __call__
    return self._hookexec(self.name, self._hookimpls.copy(), kwargs, firstresult)
  File "/Users/jayant.dhingra/Desktop/couchbase-lite-tests/.venv/lib/python3.13/site-packages/pluggy/_manager.py", line 120, in _hookexec
    return self._inner_hookexec(hook_name, methods, kwargs, firstresult)
  File "/Users/jayant.dhingra/Desktop/couchbase-lite-tests/.venv/lib/python3.13/site-packages/pluggy/_callers.py", line 103, in _multicall
    res = hook_impl.function(*args)
  File "/Users/jayant.dhingra/Desktop/couchbase-lite-tests/.venv/lib/python3.13/site-packages/_pytest/main.py", line 365, in pytest_cmdline_main
    return wrap_session(config, _main)
  File "/Users/jayant.dhingra/Desktop/couchbase-lite-tests/.venv/lib/python3.13/site-packages/_pytest/main.py", line 318, in wrap_session
    session.exitstatus = doit(config, session) or 0
  File "/Users/jayant.dhingra/Desktop/couchbase-lite-tests/.venv/lib/python3.13/site-packages/_pytest/main.py", line 372, in _main
    config.hook.pytest_runtestloop(session=session)
  File "/Users/jayant.dhingra/Desktop/couchbase-lite-tests/.venv/lib/python3.13/site-packages/pluggy/_hooks.py", line 513, in __call__
    return self._hookexec(self.name, self._hookimpls.copy(), kwargs, firstresult)
  File "/Users/jayant.dhingra/Desktop/couchbase-lite-tests/.venv/lib/python3.13/site-packages/pluggy/_manager.py", line 120, in _hookexec
    return self._inner_hookexec(hook_name, methods, kwargs, firstresult)
  File "/Users/jayant.dhingra/Desktop/couchbase-lite-tests/.venv/lib/python3.13/site-packages/pluggy/_callers.py", line 103, in _multicall
    res = hook_impl.function(*args)
  File "/Users/jayant.dhingra/Desktop/couchbase-lite-tests/.venv/lib/python3.13/site-packages/_pytest/main.py", line 396, in pytest_runtestloop
    item.config.hook.pytest_runtest_protocol(item=item, nextitem=nextitem)
  File "/Users/jayant.dhingra/Desktop/couchbase-lite-tests/.venv/lib/python3.13/site-packages/pluggy/_hooks.py", line 513, in __call__
    return self._hookexec(self.name, self._hookimpls.copy(), kwargs, firstresult)
  File "/Users/jayant.dhingra/Desktop/couchbase-lite-tests/.venv/lib/python3.13/site-packages/pluggy/_manager.py", line 120, in _hookexec
    return self._inner_hookexec(hook_name, methods, kwargs, firstresult)
  File "/Users/jayant.dhingra/Desktop/couchbase-lite-tests/.venv/lib/python3.13/site-packages/pluggy/_callers.py", line 103, in _multicall
    res = hook_impl.function(*args)
  File "/Users/jayant.dhingra/Desktop/couchbase-lite-tests/.venv/lib/python3.13/site-packages/_pytest/runner.py", line 118, in pytest_runtest_protocol
    runtestprotocol(item, nextitem=nextitem)
  File "/Users/jayant.dhingra/Desktop/couchbase-lite-tests/.venv/lib/python3.13/site-packages/_pytest/runner.py", line 137, in runtestprotocol
    reports.append(call_and_report(item, "call", log))
  File "/Users/jayant.dhingra/Desktop/couchbase-lite-tests/.venv/lib/python3.13/site-packages/_pytest/runner.py", line 244, in call_and_report
    call = CallInfo.from_call(
  File "/Users/jayant.dhingra/Desktop/couchbase-lite-tests/.venv/lib/python3.13/site-packages/_pytest/runner.py", line 353, in from_call
    result: TResult | None = func()
  File "/Users/jayant.dhingra/Desktop/couchbase-lite-tests/.venv/lib/python3.13/site-packages/_pytest/runner.py", line 245, in <lambda>
    lambda: runtest_hook(item=item, **kwds),
  File "/Users/jayant.dhingra/Desktop/couchbase-lite-tests/.venv/lib/python3.13/site-packages/pluggy/_hooks.py", line 513, in __call__
    return self._hookexec(self.name, self._hookimpls.copy(), kwargs, firstresult)
  File "/Users/jayant.dhingra/Desktop/couchbase-lite-tests/.venv/lib/python3.13/site-packages/pluggy/_manager.py", line 120, in _hookexec
    return self._inner_hookexec(hook_name, methods, kwargs, firstresult)
  File "/Users/jayant.dhingra/Desktop/couchbase-lite-tests/.venv/lib/python3.13/site-packages/pluggy/_callers.py", line 103, in _multicall
    res = hook_impl.function(*args)
  File "/Users/jayant.dhingra/Desktop/couchbase-lite-tests/.venv/lib/python3.13/site-packages/_pytest/runner.py", line 179, in pytest_runtest_call
    item.runtest()
  File "/Users/jayant.dhingra/Desktop/couchbase-lite-tests/.venv/lib/python3.13/site-packages/pytest_asyncio/plugin.py", line 469, in runtest
    super().runtest()
  File "/Users/jayant.dhingra/Desktop/couchbase-lite-tests/.venv/lib/python3.13/site-packages/_pytest/python.py", line 1720, in runtest
    self.ihook.pytest_pyfunc_call(pyfuncitem=self)
  File "/Users/jayant.dhingra/Desktop/couchbase-lite-tests/.venv/lib/python3.13/site-packages/pluggy/_hooks.py", line 513, in __call__
    return self._hookexec(self.name, self._hookimpls.copy(), kwargs, firstresult)
  File "/Users/jayant.dhingra/Desktop/couchbase-lite-tests/.venv/lib/python3.13/site-packages/pluggy/_manager.py", line 120, in _hookexec
    return self._inner_hookexec(hook_name, methods, kwargs, firstresult)
  File "/Users/jayant.dhingra/Desktop/couchbase-lite-tests/.venv/lib/python3.13/site-packages/pluggy/_callers.py", line 103, in _multicall
    res = hook_impl.function(*args)
  File "/Users/jayant.dhingra/Desktop/couchbase-lite-tests/.venv/lib/python3.13/site-packages/_pytest/python.py", line 166, in pytest_pyfunc_call
    result = testfunction(**testargs)
  File "/Users/jayant.dhingra/Desktop/couchbase-lite-tests/.venv/lib/python3.13/site-packages/pytest_asyncio/plugin.py", line 716, in inner
    runner.run(coro, context=context)
  File "/opt/homebrew/Cellar/python@3.13/3.13.7/Frameworks/Python.framework/Versions/3.13/lib/python3.13/asyncio/runners.py", line 118, in run
    return self._loop.run_until_complete(task)
  File "/opt/homebrew/Cellar/python@3.13/3.13.7/Frameworks/Python.framework/Versions/3.13/lib/python3.13/asyncio/base_events.py", line 712, in run_until_complete
    self.run_forever()
  File "/opt/homebrew/Cellar/python@3.13/3.13.7/Frameworks/Python.framework/Versions/3.13/lib/python3.13/asyncio/base_events.py", line 683, in run_forever
    self._run_once()
  File "/opt/homebrew/Cellar/python@3.13/3.13.7/Frameworks/Python.framework/Versions/3.13/lib/python3.13/asyncio/base_events.py", line 2050, in _run_once
    handle._run()
  File "/opt/homebrew/Cellar/python@3.13/3.13.7/Frameworks/Python.framework/Versions/3.13/lib/python3.13/asyncio/events.py", line 89, in _run
    self._context.run(self._callback, *self._args)
  File "/Users/jayant.dhingra/Desktop/couchbase-lite-tests/tests/dev_e2e/test_replication_filter.py", line 211, in test_pull_channels_filter
    dbs = await cblpytest.test_servers[0].create_and_reset_db(["db1"], dataset="travel")
  File "/Users/jayant.dhingra/Desktop/couchbase-lite-tests/client/src/cbltest/api/testserver.py", line 92, in create_and_reset_db
    await self.__request_factory.send_request(self.__index, request)
_____________ TestReplicationFilter.test_replicate_public_channel ______________
tests/dev_e2e/test_replication_filter.py:332: in test_replicate_public_channel
    dbs = await cblpytest.test_servers[0].create_and_reset_db(["db1"])
          ^^^^^^^^^^^^^^^^^^^^^^^^^^^^^^^^^^^^^^^^^^^^^^^^^^^^^^^^^^^^
client/src/cbltest/api/testserver.py:92: in create_and_reset_db
    await self.__request_factory.send_request(self.__index, request)
client/src/cbltest/requests.py:194: in send_request
    ret_val = await transport.send(r, writer.num)
              ^^^^^^^^^^^^^^^^^^^^^^^^^^^^^^^^^^^
client/src/cbltest/requests_transport.py:120: in send
    await ws_conn.send_str(json.dumps(data))
.venv/lib/python3.13/site-packages/aiohttp/web_ws.py:478: in send_str
    await self._writer.send_frame(
.venv/lib/python3.13/site-packages/aiohttp/_websocket/writer.py:78: in send_frame
    raise ClientConnectionResetError("Cannot write to closing transport")
E   aiohttp.client_exceptions.ClientConnectionResetError: Cannot write to closing transport
------------------------------ Captured log setup ------------------------------
INFO     CBL:logging.py:111 🧹 Couchbase Server and Sync Gateway cleanup started
DEBUG    CBL:logging.py:115 🧹 SGW <cbltest.api.syncgateway.SyncGateway object at 0x11378b230>: found databases ['travel'], deleting...
DEBUG    CBL:logging.py:115 🧹 CBS <cbltest.api.couchbaseserver.CouchbaseServer object at 0x11378b620>: found buckets ['travel'], deleting...
DEBUG    CBL:logging.py:115 🧹 CBS <cbltest.api.couchbaseserver.CouchbaseServer object at 0x11378b620>: waiting for all buckets to be deleted...
INFO     CBL:logging.py:111 🧹 Couchbase Server and Sync Gateway cleanup finished
INFO     CBL:logging.py:111 Starting test: test_replicate_public_channel
------------------------------ Captured log call -------------------------------
INFO     CBL:logging.py:111 Moving to step 1:
INFO     CBL:logging.py:111 	Reset SG and load `names` dataset.
INFO     CBL:logging.py:111 Moving to step 2:
INFO     CBL:logging.py:111 	Reset local database, and load `empty` dataset.
DEBUG    CBL:logging.py:115 Sending (test_replicate_public_channel) -> 3917af92-025e-4519-be8e-49ffccb813ad v1 POST /reset to http://localhost:5173
ERROR    CBL:testserver.py:92 Failed to send (test_replicate_public_channel) -> 3917af92-025e-4519-be8e-49ffccb813ad v1 POST /reset to http://localhost:5173 (Cannot write to closing transport)
Stack (most recent call last):
  File "/Users/jayant.dhingra/Desktop/couchbase-lite-tests/.venv/bin/pytest", line 10, in <module>
    sys.exit(console_main())
  File "/Users/jayant.dhingra/Desktop/couchbase-lite-tests/.venv/lib/python3.13/site-packages/_pytest/config/__init__.py", line 223, in console_main
    code = main()
  File "/Users/jayant.dhingra/Desktop/couchbase-lite-tests/.venv/lib/python3.13/site-packages/_pytest/config/__init__.py", line 199, in main
    ret: ExitCode | int = config.hook.pytest_cmdline_main(config=config)
  File "/Users/jayant.dhingra/Desktop/couchbase-lite-tests/.venv/lib/python3.13/site-packages/pluggy/_hooks.py", line 513, in __call__
    return self._hookexec(self.name, self._hookimpls.copy(), kwargs, firstresult)
  File "/Users/jayant.dhingra/Desktop/couchbase-lite-tests/.venv/lib/python3.13/site-packages/pluggy/_manager.py", line 120, in _hookexec
    return self._inner_hookexec(hook_name, methods, kwargs, firstresult)
  File "/Users/jayant.dhingra/Desktop/couchbase-lite-tests/.venv/lib/python3.13/site-packages/pluggy/_callers.py", line 103, in _multicall
    res = hook_impl.function(*args)
  File "/Users/jayant.dhingra/Desktop/couchbase-lite-tests/.venv/lib/python3.13/site-packages/_pytest/main.py", line 365, in pytest_cmdline_main
    return wrap_session(config, _main)
  File "/Users/jayant.dhingra/Desktop/couchbase-lite-tests/.venv/lib/python3.13/site-packages/_pytest/main.py", line 318, in wrap_session
    session.exitstatus = doit(config, session) or 0
  File "/Users/jayant.dhingra/Desktop/couchbase-lite-tests/.venv/lib/python3.13/site-packages/_pytest/main.py", line 372, in _main
    config.hook.pytest_runtestloop(session=session)
  File "/Users/jayant.dhingra/Desktop/couchbase-lite-tests/.venv/lib/python3.13/site-packages/pluggy/_hooks.py", line 513, in __call__
    return self._hookexec(self.name, self._hookimpls.copy(), kwargs, firstresult)
  File "/Users/jayant.dhingra/Desktop/couchbase-lite-tests/.venv/lib/python3.13/site-packages/pluggy/_manager.py", line 120, in _hookexec
    return self._inner_hookexec(hook_name, methods, kwargs, firstresult)
  File "/Users/jayant.dhingra/Desktop/couchbase-lite-tests/.venv/lib/python3.13/site-packages/pluggy/_callers.py", line 103, in _multicall
    res = hook_impl.function(*args)
  File "/Users/jayant.dhingra/Desktop/couchbase-lite-tests/.venv/lib/python3.13/site-packages/_pytest/main.py", line 396, in pytest_runtestloop
    item.config.hook.pytest_runtest_protocol(item=item, nextitem=nextitem)
  File "/Users/jayant.dhingra/Desktop/couchbase-lite-tests/.venv/lib/python3.13/site-packages/pluggy/_hooks.py", line 513, in __call__
    return self._hookexec(self.name, self._hookimpls.copy(), kwargs, firstresult)
  File "/Users/jayant.dhingra/Desktop/couchbase-lite-tests/.venv/lib/python3.13/site-packages/pluggy/_manager.py", line 120, in _hookexec
    return self._inner_hookexec(hook_name, methods, kwargs, firstresult)
  File "/Users/jayant.dhingra/Desktop/couchbase-lite-tests/.venv/lib/python3.13/site-packages/pluggy/_callers.py", line 103, in _multicall
    res = hook_impl.function(*args)
  File "/Users/jayant.dhingra/Desktop/couchbase-lite-tests/.venv/lib/python3.13/site-packages/_pytest/runner.py", line 118, in pytest_runtest_protocol
    runtestprotocol(item, nextitem=nextitem)
  File "/Users/jayant.dhingra/Desktop/couchbase-lite-tests/.venv/lib/python3.13/site-packages/_pytest/runner.py", line 137, in runtestprotocol
    reports.append(call_and_report(item, "call", log))
  File "/Users/jayant.dhingra/Desktop/couchbase-lite-tests/.venv/lib/python3.13/site-packages/_pytest/runner.py", line 244, in call_and_report
    call = CallInfo.from_call(
  File "/Users/jayant.dhingra/Desktop/couchbase-lite-tests/.venv/lib/python3.13/site-packages/_pytest/runner.py", line 353, in from_call
    result: TResult | None = func()
  File "/Users/jayant.dhingra/Desktop/couchbase-lite-tests/.venv/lib/python3.13/site-packages/_pytest/runner.py", line 245, in <lambda>
    lambda: runtest_hook(item=item, **kwds),
  File "/Users/jayant.dhingra/Desktop/couchbase-lite-tests/.venv/lib/python3.13/site-packages/pluggy/_hooks.py", line 513, in __call__
    return self._hookexec(self.name, self._hookimpls.copy(), kwargs, firstresult)
  File "/Users/jayant.dhingra/Desktop/couchbase-lite-tests/.venv/lib/python3.13/site-packages/pluggy/_manager.py", line 120, in _hookexec
    return self._inner_hookexec(hook_name, methods, kwargs, firstresult)
  File "/Users/jayant.dhingra/Desktop/couchbase-lite-tests/.venv/lib/python3.13/site-packages/pluggy/_callers.py", line 103, in _multicall
    res = hook_impl.function(*args)
  File "/Users/jayant.dhingra/Desktop/couchbase-lite-tests/.venv/lib/python3.13/site-packages/_pytest/runner.py", line 179, in pytest_runtest_call
    item.runtest()
  File "/Users/jayant.dhingra/Desktop/couchbase-lite-tests/.venv/lib/python3.13/site-packages/pytest_asyncio/plugin.py", line 469, in runtest
    super().runtest()
  File "/Users/jayant.dhingra/Desktop/couchbase-lite-tests/.venv/lib/python3.13/site-packages/_pytest/python.py", line 1720, in runtest
    self.ihook.pytest_pyfunc_call(pyfuncitem=self)
  File "/Users/jayant.dhingra/Desktop/couchbase-lite-tests/.venv/lib/python3.13/site-packages/pluggy/_hooks.py", line 513, in __call__
    return self._hookexec(self.name, self._hookimpls.copy(), kwargs, firstresult)
  File "/Users/jayant.dhingra/Desktop/couchbase-lite-tests/.venv/lib/python3.13/site-packages/pluggy/_manager.py", line 120, in _hookexec
    return self._inner_hookexec(hook_name, methods, kwargs, firstresult)
  File "/Users/jayant.dhingra/Desktop/couchbase-lite-tests/.venv/lib/python3.13/site-packages/pluggy/_callers.py", line 103, in _multicall
    res = hook_impl.function(*args)
  File "/Users/jayant.dhingra/Desktop/couchbase-lite-tests/.venv/lib/python3.13/site-packages/_pytest/python.py", line 166, in pytest_pyfunc_call
    result = testfunction(**testargs)
  File "/Users/jayant.dhingra/Desktop/couchbase-lite-tests/.venv/lib/python3.13/site-packages/pytest_asyncio/plugin.py", line 716, in inner
    runner.run(coro, context=context)
  File "/opt/homebrew/Cellar/python@3.13/3.13.7/Frameworks/Python.framework/Versions/3.13/lib/python3.13/asyncio/runners.py", line 118, in run
    return self._loop.run_until_complete(task)
  File "/opt/homebrew/Cellar/python@3.13/3.13.7/Frameworks/Python.framework/Versions/3.13/lib/python3.13/asyncio/base_events.py", line 712, in run_until_complete
    self.run_forever()
  File "/opt/homebrew/Cellar/python@3.13/3.13.7/Frameworks/Python.framework/Versions/3.13/lib/python3.13/asyncio/base_events.py", line 683, in run_forever
    self._run_once()
  File "/opt/homebrew/Cellar/python@3.13/3.13.7/Frameworks/Python.framework/Versions/3.13/lib/python3.13/asyncio/base_events.py", line 2050, in _run_once
    handle._run()
  File "/opt/homebrew/Cellar/python@3.13/3.13.7/Frameworks/Python.framework/Versions/3.13/lib/python3.13/asyncio/events.py", line 89, in _run
    self._context.run(self._callback, *self._args)
  File "/Users/jayant.dhingra/Desktop/couchbase-lite-tests/tests/dev_e2e/test_replication_filter.py", line 332, in test_replicate_public_channel
    dbs = await cblpytest.test_servers[0].create_and_reset_db(["db1"])
  File "/Users/jayant.dhingra/Desktop/couchbase-lite-tests/client/src/cbltest/api/testserver.py", line 92, in create_and_reset_db
    await self.__request_factory.send_request(self.__index, request)
________________ TestReplicationFilter.test_custom_push_filter _________________
tests/dev_e2e/test_replication_filter.py:437: in test_custom_push_filter
    dbs = await cblpytest.test_servers[0].create_and_reset_db(["db1"], dataset="names")
          ^^^^^^^^^^^^^^^^^^^^^^^^^^^^^^^^^^^^^^^^^^^^^^^^^^^^^^^^^^^^^^^^^^^^^^^^^^^^^
client/src/cbltest/api/testserver.py:92: in create_and_reset_db
    await self.__request_factory.send_request(self.__index, request)
client/src/cbltest/requests.py:194: in send_request
    ret_val = await transport.send(r, writer.num)
              ^^^^^^^^^^^^^^^^^^^^^^^^^^^^^^^^^^^
client/src/cbltest/requests_transport.py:120: in send
    await ws_conn.send_str(json.dumps(data))
.venv/lib/python3.13/site-packages/aiohttp/web_ws.py:478: in send_str
    await self._writer.send_frame(
.venv/lib/python3.13/site-packages/aiohttp/_websocket/writer.py:78: in send_frame
    raise ClientConnectionResetError("Cannot write to closing transport")
E   aiohttp.client_exceptions.ClientConnectionResetError: Cannot write to closing transport
------------------------------ Captured log setup ------------------------------
INFO     CBL:logging.py:111 🧹 Couchbase Server and Sync Gateway cleanup started
DEBUG    CBL:logging.py:115 🧹 SGW <cbltest.api.syncgateway.SyncGateway object at 0x11378b230>: found databases ['names'], deleting...
DEBUG    CBL:logging.py:115 🧹 CBS <cbltest.api.couchbaseserver.CouchbaseServer object at 0x11378b620>: found buckets ['names'], deleting...
DEBUG    CBL:logging.py:115 🧹 CBS <cbltest.api.couchbaseserver.CouchbaseServer object at 0x11378b620>: waiting for all buckets to be deleted...
INFO     CBL:logging.py:111 🧹 Couchbase Server and Sync Gateway cleanup finished
INFO     CBL:logging.py:111 Starting test: test_custom_push_filter
------------------------------ Captured log call -------------------------------
INFO     CBL:logging.py:111 Moving to step 1:
INFO     CBL:logging.py:111 	Reset SG and load `names` dataset.
INFO     CBL:logging.py:111 Moving to step 2:
INFO     CBL:logging.py:111 	Reset local database, and load `names` dataset.
DEBUG    CBL:logging.py:115 Sending (test_custom_push_filter) -> 3917af92-025e-4519-be8e-49ffccb813ad v1 POST /reset to http://localhost:5173
ERROR    CBL:testserver.py:92 Failed to send (test_custom_push_filter) -> 3917af92-025e-4519-be8e-49ffccb813ad v1 POST /reset to http://localhost:5173 (Cannot write to closing transport)
Stack (most recent call last):
  File "/Users/jayant.dhingra/Desktop/couchbase-lite-tests/.venv/bin/pytest", line 10, in <module>
    sys.exit(console_main())
  File "/Users/jayant.dhingra/Desktop/couchbase-lite-tests/.venv/lib/python3.13/site-packages/_pytest/config/__init__.py", line 223, in console_main
    code = main()
  File "/Users/jayant.dhingra/Desktop/couchbase-lite-tests/.venv/lib/python3.13/site-packages/_pytest/config/__init__.py", line 199, in main
    ret: ExitCode | int = config.hook.pytest_cmdline_main(config=config)
  File "/Users/jayant.dhingra/Desktop/couchbase-lite-tests/.venv/lib/python3.13/site-packages/pluggy/_hooks.py", line 513, in __call__
    return self._hookexec(self.name, self._hookimpls.copy(), kwargs, firstresult)
  File "/Users/jayant.dhingra/Desktop/couchbase-lite-tests/.venv/lib/python3.13/site-packages/pluggy/_manager.py", line 120, in _hookexec
    return self._inner_hookexec(hook_name, methods, kwargs, firstresult)
  File "/Users/jayant.dhingra/Desktop/couchbase-lite-tests/.venv/lib/python3.13/site-packages/pluggy/_callers.py", line 103, in _multicall
    res = hook_impl.function(*args)
  File "/Users/jayant.dhingra/Desktop/couchbase-lite-tests/.venv/lib/python3.13/site-packages/_pytest/main.py", line 365, in pytest_cmdline_main
    return wrap_session(config, _main)
  File "/Users/jayant.dhingra/Desktop/couchbase-lite-tests/.venv/lib/python3.13/site-packages/_pytest/main.py", line 318, in wrap_session
    session.exitstatus = doit(config, session) or 0
  File "/Users/jayant.dhingra/Desktop/couchbase-lite-tests/.venv/lib/python3.13/site-packages/_pytest/main.py", line 372, in _main
    config.hook.pytest_runtestloop(session=session)
  File "/Users/jayant.dhingra/Desktop/couchbase-lite-tests/.venv/lib/python3.13/site-packages/pluggy/_hooks.py", line 513, in __call__
    return self._hookexec(self.name, self._hookimpls.copy(), kwargs, firstresult)
  File "/Users/jayant.dhingra/Desktop/couchbase-lite-tests/.venv/lib/python3.13/site-packages/pluggy/_manager.py", line 120, in _hookexec
    return self._inner_hookexec(hook_name, methods, kwargs, firstresult)
  File "/Users/jayant.dhingra/Desktop/couchbase-lite-tests/.venv/lib/python3.13/site-packages/pluggy/_callers.py", line 103, in _multicall
    res = hook_impl.function(*args)
  File "/Users/jayant.dhingra/Desktop/couchbase-lite-tests/.venv/lib/python3.13/site-packages/_pytest/main.py", line 396, in pytest_runtestloop
    item.config.hook.pytest_runtest_protocol(item=item, nextitem=nextitem)
  File "/Users/jayant.dhingra/Desktop/couchbase-lite-tests/.venv/lib/python3.13/site-packages/pluggy/_hooks.py", line 513, in __call__
    return self._hookexec(self.name, self._hookimpls.copy(), kwargs, firstresult)
  File "/Users/jayant.dhingra/Desktop/couchbase-lite-tests/.venv/lib/python3.13/site-packages/pluggy/_manager.py", line 120, in _hookexec
    return self._inner_hookexec(hook_name, methods, kwargs, firstresult)
  File "/Users/jayant.dhingra/Desktop/couchbase-lite-tests/.venv/lib/python3.13/site-packages/pluggy/_callers.py", line 103, in _multicall
    res = hook_impl.function(*args)
  File "/Users/jayant.dhingra/Desktop/couchbase-lite-tests/.venv/lib/python3.13/site-packages/_pytest/runner.py", line 118, in pytest_runtest_protocol
    runtestprotocol(item, nextitem=nextitem)
  File "/Users/jayant.dhingra/Desktop/couchbase-lite-tests/.venv/lib/python3.13/site-packages/_pytest/runner.py", line 137, in runtestprotocol
    reports.append(call_and_report(item, "call", log))
  File "/Users/jayant.dhingra/Desktop/couchbase-lite-tests/.venv/lib/python3.13/site-packages/_pytest/runner.py", line 244, in call_and_report
    call = CallInfo.from_call(
  File "/Users/jayant.dhingra/Desktop/couchbase-lite-tests/.venv/lib/python3.13/site-packages/_pytest/runner.py", line 353, in from_call
    result: TResult | None = func()
  File "/Users/jayant.dhingra/Desktop/couchbase-lite-tests/.venv/lib/python3.13/site-packages/_pytest/runner.py", line 245, in <lambda>
    lambda: runtest_hook(item=item, **kwds),
  File "/Users/jayant.dhingra/Desktop/couchbase-lite-tests/.venv/lib/python3.13/site-packages/pluggy/_hooks.py", line 513, in __call__
    return self._hookexec(self.name, self._hookimpls.copy(), kwargs, firstresult)
  File "/Users/jayant.dhingra/Desktop/couchbase-lite-tests/.venv/lib/python3.13/site-packages/pluggy/_manager.py", line 120, in _hookexec
    return self._inner_hookexec(hook_name, methods, kwargs, firstresult)
  File "/Users/jayant.dhingra/Desktop/couchbase-lite-tests/.venv/lib/python3.13/site-packages/pluggy/_callers.py", line 103, in _multicall
    res = hook_impl.function(*args)
  File "/Users/jayant.dhingra/Desktop/couchbase-lite-tests/.venv/lib/python3.13/site-packages/_pytest/runner.py", line 179, in pytest_runtest_call
    item.runtest()
  File "/Users/jayant.dhingra/Desktop/couchbase-lite-tests/.venv/lib/python3.13/site-packages/pytest_asyncio/plugin.py", line 469, in runtest
    super().runtest()
  File "/Users/jayant.dhingra/Desktop/couchbase-lite-tests/.venv/lib/python3.13/site-packages/_pytest/python.py", line 1720, in runtest
    self.ihook.pytest_pyfunc_call(pyfuncitem=self)
  File "/Users/jayant.dhingra/Desktop/couchbase-lite-tests/.venv/lib/python3.13/site-packages/pluggy/_hooks.py", line 513, in __call__
    return self._hookexec(self.name, self._hookimpls.copy(), kwargs, firstresult)
  File "/Users/jayant.dhingra/Desktop/couchbase-lite-tests/.venv/lib/python3.13/site-packages/pluggy/_manager.py", line 120, in _hookexec
    return self._inner_hookexec(hook_name, methods, kwargs, firstresult)
  File "/Users/jayant.dhingra/Desktop/couchbase-lite-tests/.venv/lib/python3.13/site-packages/pluggy/_callers.py", line 103, in _multicall
    res = hook_impl.function(*args)
  File "/Users/jayant.dhingra/Desktop/couchbase-lite-tests/.venv/lib/python3.13/site-packages/_pytest/python.py", line 166, in pytest_pyfunc_call
    result = testfunction(**testargs)
  File "/Users/jayant.dhingra/Desktop/couchbase-lite-tests/.venv/lib/python3.13/site-packages/pytest_asyncio/plugin.py", line 716, in inner
    runner.run(coro, context=context)
  File "/opt/homebrew/Cellar/python@3.13/3.13.7/Frameworks/Python.framework/Versions/3.13/lib/python3.13/asyncio/runners.py", line 118, in run
    return self._loop.run_until_complete(task)
  File "/opt/homebrew/Cellar/python@3.13/3.13.7/Frameworks/Python.framework/Versions/3.13/lib/python3.13/asyncio/base_events.py", line 712, in run_until_complete
    self.run_forever()
  File "/opt/homebrew/Cellar/python@3.13/3.13.7/Frameworks/Python.framework/Versions/3.13/lib/python3.13/asyncio/base_events.py", line 683, in run_forever
    self._run_once()
  File "/opt/homebrew/Cellar/python@3.13/3.13.7/Frameworks/Python.framework/Versions/3.13/lib/python3.13/asyncio/base_events.py", line 2050, in _run_once
    handle._run()
  File "/opt/homebrew/Cellar/python@3.13/3.13.7/Frameworks/Python.framework/Versions/3.13/lib/python3.13/asyncio/events.py", line 89, in _run
    self._context.run(self._callback, *self._args)
  File "/Users/jayant.dhingra/Desktop/couchbase-lite-tests/tests/dev_e2e/test_replication_filter.py", line 437, in test_custom_push_filter
    dbs = await cblpytest.test_servers[0].create_and_reset_db(["db1"], dataset="names")
  File "/Users/jayant.dhingra/Desktop/couchbase-lite-tests/client/src/cbltest/api/testserver.py", line 92, in create_and_reset_db
    await self.__request_factory.send_request(self.__index, request)
________________ TestReplicationFilter.test_custom_pull_filter _________________
tests/dev_e2e/test_replication_filter.py:517: in test_custom_pull_filter
    dbs = await cblpytest.test_servers[0].create_and_reset_db(["db1"], dataset="names")
          ^^^^^^^^^^^^^^^^^^^^^^^^^^^^^^^^^^^^^^^^^^^^^^^^^^^^^^^^^^^^^^^^^^^^^^^^^^^^^
client/src/cbltest/api/testserver.py:92: in create_and_reset_db
    await self.__request_factory.send_request(self.__index, request)
client/src/cbltest/requests.py:194: in send_request
    ret_val = await transport.send(r, writer.num)
              ^^^^^^^^^^^^^^^^^^^^^^^^^^^^^^^^^^^
client/src/cbltest/requests_transport.py:120: in send
    await ws_conn.send_str(json.dumps(data))
.venv/lib/python3.13/site-packages/aiohttp/web_ws.py:478: in send_str
    await self._writer.send_frame(
.venv/lib/python3.13/site-packages/aiohttp/_websocket/writer.py:78: in send_frame
    raise ClientConnectionResetError("Cannot write to closing transport")
E   aiohttp.client_exceptions.ClientConnectionResetError: Cannot write to closing transport
------------------------------ Captured log setup ------------------------------
INFO     CBL:logging.py:111 🧹 Couchbase Server and Sync Gateway cleanup started
DEBUG    CBL:logging.py:115 🧹 SGW <cbltest.api.syncgateway.SyncGateway object at 0x11378b230>: found databases ['names'], deleting...
DEBUG    CBL:logging.py:115 🧹 CBS <cbltest.api.couchbaseserver.CouchbaseServer object at 0x11378b620>: found buckets ['names'], deleting...
DEBUG    CBL:logging.py:115 🧹 CBS <cbltest.api.couchbaseserver.CouchbaseServer object at 0x11378b620>: waiting for all buckets to be deleted...
INFO     CBL:logging.py:111 🧹 Couchbase Server and Sync Gateway cleanup finished
INFO     CBL:logging.py:111 Starting test: test_custom_pull_filter
------------------------------ Captured log call -------------------------------
INFO     CBL:logging.py:111 Moving to step 1:
INFO     CBL:logging.py:111 	Reset SG and load `names` dataset.
INFO     CBL:logging.py:111 Moving to step 2:
INFO     CBL:logging.py:111 	Reset local database, and load `names` dataset.
DEBUG    CBL:logging.py:115 Sending (test_custom_pull_filter) -> 3917af92-025e-4519-be8e-49ffccb813ad v1 POST /reset to http://localhost:5173
ERROR    CBL:testserver.py:92 Failed to send (test_custom_pull_filter) -> 3917af92-025e-4519-be8e-49ffccb813ad v1 POST /reset to http://localhost:5173 (Cannot write to closing transport)
Stack (most recent call last):
  File "/Users/jayant.dhingra/Desktop/couchbase-lite-tests/.venv/bin/pytest", line 10, in <module>
    sys.exit(console_main())
  File "/Users/jayant.dhingra/Desktop/couchbase-lite-tests/.venv/lib/python3.13/site-packages/_pytest/config/__init__.py", line 223, in console_main
    code = main()
  File "/Users/jayant.dhingra/Desktop/couchbase-lite-tests/.venv/lib/python3.13/site-packages/_pytest/config/__init__.py", line 199, in main
    ret: ExitCode | int = config.hook.pytest_cmdline_main(config=config)
  File "/Users/jayant.dhingra/Desktop/couchbase-lite-tests/.venv/lib/python3.13/site-packages/pluggy/_hooks.py", line 513, in __call__
    return self._hookexec(self.name, self._hookimpls.copy(), kwargs, firstresult)
  File "/Users/jayant.dhingra/Desktop/couchbase-lite-tests/.venv/lib/python3.13/site-packages/pluggy/_manager.py", line 120, in _hookexec
    return self._inner_hookexec(hook_name, methods, kwargs, firstresult)
  File "/Users/jayant.dhingra/Desktop/couchbase-lite-tests/.venv/lib/python3.13/site-packages/pluggy/_callers.py", line 103, in _multicall
    res = hook_impl.function(*args)
  File "/Users/jayant.dhingra/Desktop/couchbase-lite-tests/.venv/lib/python3.13/site-packages/_pytest/main.py", line 365, in pytest_cmdline_main
    return wrap_session(config, _main)
  File "/Users/jayant.dhingra/Desktop/couchbase-lite-tests/.venv/lib/python3.13/site-packages/_pytest/main.py", line 318, in wrap_session
    session.exitstatus = doit(config, session) or 0
  File "/Users/jayant.dhingra/Desktop/couchbase-lite-tests/.venv/lib/python3.13/site-packages/_pytest/main.py", line 372, in _main
    config.hook.pytest_runtestloop(session=session)
  File "/Users/jayant.dhingra/Desktop/couchbase-lite-tests/.venv/lib/python3.13/site-packages/pluggy/_hooks.py", line 513, in __call__
    return self._hookexec(self.name, self._hookimpls.copy(), kwargs, firstresult)
  File "/Users/jayant.dhingra/Desktop/couchbase-lite-tests/.venv/lib/python3.13/site-packages/pluggy/_manager.py", line 120, in _hookexec
    return self._inner_hookexec(hook_name, methods, kwargs, firstresult)
  File "/Users/jayant.dhingra/Desktop/couchbase-lite-tests/.venv/lib/python3.13/site-packages/pluggy/_callers.py", line 103, in _multicall
    res = hook_impl.function(*args)
  File "/Users/jayant.dhingra/Desktop/couchbase-lite-tests/.venv/lib/python3.13/site-packages/_pytest/main.py", line 396, in pytest_runtestloop
    item.config.hook.pytest_runtest_protocol(item=item, nextitem=nextitem)
  File "/Users/jayant.dhingra/Desktop/couchbase-lite-tests/.venv/lib/python3.13/site-packages/pluggy/_hooks.py", line 513, in __call__
    return self._hookexec(self.name, self._hookimpls.copy(), kwargs, firstresult)
  File "/Users/jayant.dhingra/Desktop/couchbase-lite-tests/.venv/lib/python3.13/site-packages/pluggy/_manager.py", line 120, in _hookexec
    return self._inner_hookexec(hook_name, methods, kwargs, firstresult)
  File "/Users/jayant.dhingra/Desktop/couchbase-lite-tests/.venv/lib/python3.13/site-packages/pluggy/_callers.py", line 103, in _multicall
    res = hook_impl.function(*args)
  File "/Users/jayant.dhingra/Desktop/couchbase-lite-tests/.venv/lib/python3.13/site-packages/_pytest/runner.py", line 118, in pytest_runtest_protocol
    runtestprotocol(item, nextitem=nextitem)
  File "/Users/jayant.dhingra/Desktop/couchbase-lite-tests/.venv/lib/python3.13/site-packages/_pytest/runner.py", line 137, in runtestprotocol
    reports.append(call_and_report(item, "call", log))
  File "/Users/jayant.dhingra/Desktop/couchbase-lite-tests/.venv/lib/python3.13/site-packages/_pytest/runner.py", line 244, in call_and_report
    call = CallInfo.from_call(
  File "/Users/jayant.dhingra/Desktop/couchbase-lite-tests/.venv/lib/python3.13/site-packages/_pytest/runner.py", line 353, in from_call
    result: TResult | None = func()
  File "/Users/jayant.dhingra/Desktop/couchbase-lite-tests/.venv/lib/python3.13/site-packages/_pytest/runner.py", line 245, in <lambda>
    lambda: runtest_hook(item=item, **kwds),
  File "/Users/jayant.dhingra/Desktop/couchbase-lite-tests/.venv/lib/python3.13/site-packages/pluggy/_hooks.py", line 513, in __call__
    return self._hookexec(self.name, self._hookimpls.copy(), kwargs, firstresult)
  File "/Users/jayant.dhingra/Desktop/couchbase-lite-tests/.venv/lib/python3.13/site-packages/pluggy/_manager.py", line 120, in _hookexec
    return self._inner_hookexec(hook_name, methods, kwargs, firstresult)
  File "/Users/jayant.dhingra/Desktop/couchbase-lite-tests/.venv/lib/python3.13/site-packages/pluggy/_callers.py", line 103, in _multicall
    res = hook_impl.function(*args)
  File "/Users/jayant.dhingra/Desktop/couchbase-lite-tests/.venv/lib/python3.13/site-packages/_pytest/runner.py", line 179, in pytest_runtest_call
    item.runtest()
  File "/Users/jayant.dhingra/Desktop/couchbase-lite-tests/.venv/lib/python3.13/site-packages/pytest_asyncio/plugin.py", line 469, in runtest
    super().runtest()
  File "/Users/jayant.dhingra/Desktop/couchbase-lite-tests/.venv/lib/python3.13/site-packages/_pytest/python.py", line 1720, in runtest
    self.ihook.pytest_pyfunc_call(pyfuncitem=self)
  File "/Users/jayant.dhingra/Desktop/couchbase-lite-tests/.venv/lib/python3.13/site-packages/pluggy/_hooks.py", line 513, in __call__
    return self._hookexec(self.name, self._hookimpls.copy(), kwargs, firstresult)
  File "/Users/jayant.dhingra/Desktop/couchbase-lite-tests/.venv/lib/python3.13/site-packages/pluggy/_manager.py", line 120, in _hookexec
    return self._inner_hookexec(hook_name, methods, kwargs, firstresult)
  File "/Users/jayant.dhingra/Desktop/couchbase-lite-tests/.venv/lib/python3.13/site-packages/pluggy/_callers.py", line 103, in _multicall
    res = hook_impl.function(*args)
  File "/Users/jayant.dhingra/Desktop/couchbase-lite-tests/.venv/lib/python3.13/site-packages/_pytest/python.py", line 166, in pytest_pyfunc_call
    result = testfunction(**testargs)
  File "/Users/jayant.dhingra/Desktop/couchbase-lite-tests/.venv/lib/python3.13/site-packages/pytest_asyncio/plugin.py", line 716, in inner
    runner.run(coro, context=context)
  File "/opt/homebrew/Cellar/python@3.13/3.13.7/Frameworks/Python.framework/Versions/3.13/lib/python3.13/asyncio/runners.py", line 118, in run
    return self._loop.run_until_complete(task)
  File "/opt/homebrew/Cellar/python@3.13/3.13.7/Frameworks/Python.framework/Versions/3.13/lib/python3.13/asyncio/base_events.py", line 712, in run_until_complete
    self.run_forever()
  File "/opt/homebrew/Cellar/python@3.13/3.13.7/Frameworks/Python.framework/Versions/3.13/lib/python3.13/asyncio/base_events.py", line 683, in run_forever
    self._run_once()
  File "/opt/homebrew/Cellar/python@3.13/3.13.7/Frameworks/Python.framework/Versions/3.13/lib/python3.13/asyncio/base_events.py", line 2050, in _run_once
    handle._run()
  File "/opt/homebrew/Cellar/python@3.13/3.13.7/Frameworks/Python.framework/Versions/3.13/lib/python3.13/asyncio/events.py", line 89, in _run
    self._context.run(self._callback, *self._args)
  File "/Users/jayant.dhingra/Desktop/couchbase-lite-tests/tests/dev_e2e/test_replication_filter.py", line 517, in test_custom_pull_filter
    dbs = await cblpytest.test_servers[0].create_and_reset_db(["db1"], dataset="names")
  File "/Users/jayant.dhingra/Desktop/couchbase-lite-tests/client/src/cbltest/api/testserver.py", line 92, in create_and_reset_db
    await self.__request_factory.send_request(self.__index, request)
- generated xml file: /Users/jayant.dhingra/Desktop/couchbase-lite-tests/junit_result.xml -
=========================== short test summary info ============================
FAILED tests/dev_e2e/test_basic_replication.py::TestBasicReplication::test_push_and_pull
FAILED tests/dev_e2e/test_basic_replication.py::TestBasicReplication::test_continuous_push
FAILED tests/dev_e2e/test_basic_replication.py::TestBasicReplication::test_continuous_pull
FAILED tests/dev_e2e/test_basic_replication.py::TestBasicReplication::test_continuous_push_and_pull
FAILED tests/dev_e2e/test_basic_replication.py::TestBasicReplication::test_default_collection_push
FAILED tests/dev_e2e/test_basic_replication.py::TestBasicReplication::test_default_collection_pull
FAILED tests/dev_e2e/test_basic_replication.py::TestBasicReplication::test_default_collection_push_and_pull
FAILED tests/dev_e2e/test_basic_replication.py::TestBasicReplication::test_reset_checkpoint_push
FAILED tests/dev_e2e/test_basic_replication.py::TestBasicReplication::test_reset_checkpoint_pull
FAILED tests/dev_e2e/test_custom_conflict.py::TestCustomConflict::test_push_pull_resolved_doc
FAILED tests/dev_e2e/test_custom_conflict.py::TestCustomConflict::test_custom_conflict_remote_wins
FAILED tests/dev_e2e/test_custom_conflict.py::TestCustomConflict::test_custom_conflict_delete
FAILED tests/dev_e2e/test_custom_conflict.py::TestCustomConflict::test_custom_conflict_merge
FAILED tests/dev_e2e/test_edge_server_cbl.py::TestEdgeServerCbl::test_js_push_to_edge_server_over_ws
FAILED tests/dev_e2e/test_fest.py::TestFest::test_create_tasks - aiohttp.clie...
FAILED tests/dev_e2e/test_fest.py::TestFest::test_update_task - aiohttp.clien...
FAILED tests/dev_e2e/test_fest.py::TestFest::test_delete_task - aiohttp.clien...
FAILED tests/dev_e2e/test_fest.py::TestFest::test_delete_list - aiohttp.clien...
FAILED tests/dev_e2e/test_fest.py::TestFest::test_share_list - aiohttp.client...
FAILED tests/dev_e2e/test_fest.py::TestFest::test_update_shared_tasks - aioht...
FAILED tests/dev_e2e/test_fest.py::TestFest::test_unshare_list - aiohttp.clie...
FAILED tests/dev_e2e/test_replication_auto_purge.py::TestReplicationAutoPurge::test_remove_docs_from_channel_with_auto_purge_enabled
FAILED tests/dev_e2e/test_replication_auto_purge.py::TestReplicationAutoPurge::test_revoke_access_with_auto_purge_enabled
FAILED tests/dev_e2e/test_replication_auto_purge.py::TestReplicationAutoPurge::test_remove_docs_from_channel_with_auto_purge_disabled
FAILED tests/dev_e2e/test_replication_auto_purge.py::TestReplicationAutoPurge::test_revoke_access_with_auto_purge_disabled
FAILED tests/dev_e2e/test_replication_auto_purge.py::TestReplicationAutoPurge::test_filter_removed_access_documents
FAILED tests/dev_e2e/test_replication_auto_purge.py::TestReplicationAutoPurge::test_remove_user_from_role[True]
FAILED tests/dev_e2e/test_replication_auto_purge.py::TestReplicationAutoPurge::test_remove_user_from_role[False]
FAILED tests/dev_e2e/test_replication_auto_purge.py::TestReplicationAutoPurge::test_remove_role_from_channel[True]
FAILED tests/dev_e2e/test_replication_auto_purge.py::TestReplicationAutoPurge::test_remove_role_from_channel[False]
FAILED tests/dev_e2e/test_replication_auto_purge.py::TestReplicationAutoPurge::test_pull_after_restore_access
FAILED tests/dev_e2e/test_replication_auto_purge.py::TestReplicationAutoPurge::test_push_after_remove_access
FAILED tests/dev_e2e/test_replication_auto_purge.py::TestReplicationAutoPurge::test_auto_purge_after_resurrection[delete]
FAILED tests/dev_e2e/test_replication_auto_purge.py::TestReplicationAutoPurge::test_auto_purge_after_resurrection[purge]
FAILED tests/dev_e2e/test_replication_behavior.py::TestReplicationBehavior::test_pull_empty_database_active_only
FAILED tests/dev_e2e/test_replication_blob.py::TestReplicationBlob::test_blob_replication
FAILED tests/dev_e2e/test_replication_filter.py::TestReplicationFilter::test_push_document_ids_filter
FAILED tests/dev_e2e/test_replication_filter.py::TestReplicationFilter::test_pull_document_ids_filter
FAILED tests/dev_e2e/test_replication_filter.py::TestReplicationFilter::test_pull_channels_filter
FAILED tests/dev_e2e/test_replication_filter.py::TestReplicationFilter::test_replicate_public_channel
FAILED tests/dev_e2e/test_replication_filter.py::TestReplicationFilter::test_custom_push_filter
FAILED tests/dev_e2e/test_replication_filter.py::TestReplicationFilter::test_custom_pull_filter
ERROR tests/dev_e2e/test_query_consistency.py::TestQueryConsistency::test_query_docids
ERROR tests/dev_e2e/test_query_consistency.py::TestQueryConsistency::test_any_operator
ERROR tests/dev_e2e/test_query_consistency.py::TestQueryConsistency::test_select_star[airline_10]
ERROR tests/dev_e2e/test_query_consistency.py::TestQueryConsistency::test_select_star[doc_id_does_not_exist]
ERROR tests/dev_e2e/test_query_consistency.py::TestQueryConsistency::test_limit_offset[5-5]
ERROR tests/dev_e2e/test_query_consistency.py::TestQueryConsistency::test_limit_offset[-5--5]
ERROR tests/dev_e2e/test_query_consistency.py::TestQueryConsistency::test_query_where_and_or
ERROR tests/dev_e2e/test_query_consistency.py::TestQueryConsistency::test_multiple_selects
ERROR tests/dev_e2e/test_query_consistency.py::TestQueryConsistency::test_query_pattern_like[Royal Engineers Museum]
ERROR tests/dev_e2e/test_query_consistency.py::TestQueryConsistency::test_query_pattern_like[Royal engineers museum]
ERROR tests/dev_e2e/test_query_consistency.py::TestQueryConsistency::test_query_pattern_like[eng%e%]
ERROR tests/dev_e2e/test_query_consistency.py::TestQueryConsistency::test_query_pattern_like[Eng%e%]
ERROR tests/dev_e2e/test_query_consistency.py::TestQueryConsistency::test_query_pattern_like[%eng____r%]
ERROR tests/dev_e2e/test_query_consistency.py::TestQueryConsistency::test_query_pattern_like[%Eng____r%]
ERROR tests/dev_e2e/test_query_consistency.py::TestQueryConsistency::test_query_pattern_regex[\\bEng.*e\\b]
ERROR tests/dev_e2e/test_query_consistency.py::TestQueryConsistency::test_query_pattern_regex[\\beng.*e\\b]
ERROR tests/dev_e2e/test_query_consistency.py::TestQueryConsistency::test_query_is_not_valued
ERROR tests/dev_e2e/test_query_consistency.py::TestQueryConsistency::test_query_ordering
ERROR tests/dev_e2e/test_query_consistency.py::TestQueryConsistency::test_query_substring
ERROR tests/dev_e2e/test_query_consistency.py::TestQueryConsistency::test_query_join
ERROR tests/dev_e2e/test_query_consistency.py::TestQueryConsistency::test_query_inner_join
ERROR tests/dev_e2e/test_query_consistency.py::TestQueryConsistency::test_query_left_join[LEFT JOIN]
ERROR tests/dev_e2e/test_query_consistency.py::TestQueryConsistency::test_query_left_join[LEFT OUTER JOIN]
ERROR tests/dev_e2e/test_query_consistency.py::TestQueryConsistency::test_equality[=]
ERROR tests/dev_e2e/test_query_consistency.py::TestQueryConsistency::test_equality[!=]
ERROR tests/dev_e2e/test_query_consistency.py::TestQueryConsistency::test_comparison[>]
ERROR tests/dev_e2e/test_query_consistency.py::TestQueryConsistency::test_comparison[>=]
ERROR tests/dev_e2e/test_query_consistency.py::TestQueryConsistency::test_comparison[<]
ERROR tests/dev_e2e/test_query_consistency.py::TestQueryConsistency::test_comparison[<=]
ERROR tests/dev_e2e/test_query_consistency.py::TestQueryConsistency::test_in
ERROR tests/dev_e2e/test_query_consistency.py::TestQueryConsistency::test_between[BETWEEN]
ERROR tests/dev_e2e/test_query_consistency.py::TestQueryConsistency::test_between[NOT BETWEEN]
ERROR tests/dev_e2e/test_query_consistency.py::TestQueryConsistency::test_same[IS]
ERROR tests/dev_e2e/test_query_consistency.py::TestQueryConsistency::test_same[IS NOT]
======= 42 failed, 9 passed, 20 skipped, 34 errors in 1542.56s (0:25:42) =======
Unclosed client session
client_session: <aiohttp.client.ClientSession object at 0x1137ea0d0>
Unclosed client session
client_session: <aiohttp.client.ClientSession object at 0x1137e9e50>
Unclosed client session
client_session: <aiohttp.client.ClientSession object at 0x1137e9810>
Future exception was never retrieved
future: <Future finished exception=RuntimeError('WebSocket router stopped before response received')>
RuntimeError: WebSocket router stopped before response received
Future exception was never retrieved
future: <Future finished exception=RuntimeError('WebSocket router stopped before response received')>
RuntimeError: WebSocket router stopped before response received
Future exception was never retrieved
future: <Future finished exception=RuntimeError('WebSocket router stopped before response received')>
RuntimeError: WebSocket router stopped before response received
Future exception was never retrieved
future: <Future finished exception=RuntimeError('WebSocket router stopped before response received')>
RuntimeError: WebSocket router stopped before response received
Future exception was never retrieved
future: <Future finished exception=RuntimeError('WebSocket router stopped before response received')>
RuntimeError: WebSocket router stopped before response received
Future exception was never retrieved
future: <Future finished exception=RuntimeError('WebSocket router stopped before response received')>
RuntimeError: WebSocket router stopped before response received
Future exception was never retrieved
future: <Future finished exception=RuntimeError('WebSocket router stopped before response received')>
RuntimeError: WebSocket router stopped before response received
Future exception was never retrieved
future: <Future finished exception=RuntimeError('WebSocket router stopped before response received')>
RuntimeError: WebSocket router stopped before response received
Future exception was never retrieved
future: <Future finished exception=RuntimeError('WebSocket router stopped before response received')>
RuntimeError: WebSocket router stopped before response received

# exit_code: 1
